time,omega
0.5667351129363449,100.91203656830454
0.5694729637234771,101.81733734567678
0.5722108145106092,102.61311541368961
0.5749486652977412,103.2963275742458
0.5776865160848734,103.86435883929418
0.5804243668720055,104.31504750730713
0.5831622176591376,104.64670613575566
0.5859000684462696,104.85813803272494
0.5886379192334018,104.94864896570894
0.5913757700205339,104.91805387256662
0.5941136208076659,104.76667844978725
0.5968514715947981,104.4953555894376
0.5995893223819302,104.10541673207582
0.6023271731690623,103.59867829672527
0.6050650239561944,102.97742343901473
0.6078028747433265,102.24437946996873
0.6105407255304586,101.40269134069287
0.6132785763175906,100.45589165865997
3.1293634496919918,-100.48811062484376
3.132101300479124,-101.22967241007133
3.134839151266256,-101.90872107076211
3.137577002053388,-102.52311558149515
3.14031485284052,-103.07087305174986
3.143052703627652,-103.550182151385
3.1457905544147846,-103.95941562014121
3.1485284052019167,-104.29714170536688
3.1512662559890487,-104.56213438279316
3.154004106776181,-104.75338222851185
3.156741957563313,-104.87009582441128
3.159479808350445,-104.9117135986952
3.162217659137577,-104.87790602212847
3.164955509924709,-104.76857810320044
3.167693360711841,-104.58387014744024
3.1704312114989732,-104.32415677106839
3.1731690622861053,-103.99004418175372
3.1759069130732374,-103.58236576423104
3.1786447638603694,-103.1021760305384
3.1813826146475015,-102.5507430163282
3.184120465434634,-101.9295392249598
3.186858316221766,-101.24023123814925
3.189596167008898,-100.48466812726375
6.822724161533197,100.35385922183556
6.825462012320329,105.78167460128606
6.828199863107461,111.43809453828842
6.830937713894593,117.32864906624542
6.833675564681725,123.4580290816136
6.836413415468857,129.82986392574497
6.839151266255989,136.44646644431336
6.841889117043121,143.30854347730042
6.844626967830253,150.4148704063803
6.847364818617385,157.7619293842263
6.850102669404517,165.3435122717489
6.852840520191649,173.15029118141416
6.855578370978781,181.1693619428829
6.8583162217659135,189.38376881578702
6.861054072553046,197.7720223974145
6.863791923340178,206.30762687530833
6.86652977412731,214.95863745212006
6.869267624914442,223.68727371785315
6.872005475701574,232.44961963545137
6.874743326488707,241.19544517283066
6.877481177275839,249.86818784554066
6.880219028062971,258.4051337844191
6.882956878850103,266.7378366002998
6.885694729637235,274.79280744772996
6.888432580424367,282.49250062656256
6.891170431211499,289.75660539244467
6.893908281998631,296.5036364609389
6.896646132785763,302.65279368668587
6.899383983572895,308.12603702663813
6.9021218343600275,312.85029832815155
6.9048596851471595,316.7597294872783
6.907597535934292,319.7978701338081
6.910335386721424,321.9196100876456
6.913073237508556,323.0928245565337
6.915811088295688,323.2995743858109
6.91854893908282,322.5367890698453
6.921286789869952,320.8163845251247
6.924024640657084,318.1648072653864
6.926762491444216,314.62203719963026
6.929500342231348,310.24011824170697
6.93223819301848,305.08131529746754
6.934976043805612,299.2160152115825
6.937713894592744,292.7204966890215
6.940451745379876,285.6746904331232
6.9431895961670085,278.16003749691816
6.945927446954141,270.2575337691843
6.9486652977412735,262.0460246422895
6.951403148528406,253.60078915139786
6.954140999315538,244.99242969301338
6.95687885010267,236.2860635522116
6.959616700889802,227.54079691976767
6.962354551676934,218.80945115820813
6.965092402464066,210.13850456545083
6.967830253251198,201.5682101960313
6.97056810403833,193.1328506518783
6.973305954825462,184.86109331346205
6.976043805612594,176.7764134672241
6.978781656399726,168.8975575269098
6.981519507186858,161.23902351847954
6.98425735797399,153.81154081628347
6.9869952087611225,146.62253553370178
6.9897330595482545,139.6765718367471
6.992470910335387,132.97576271004507
6.995208761122519,126.52014635828039
6.997946611909651,120.30802651436626
7.000684462696783,114.33627650960474
7.003422313483915,108.60060811578225
7.006160164271047,103.09580696556199
9.519507186858316,-102.01477125508296
9.522245037645447,-104.20837782132526
9.52498288843258,-106.392467054573
9.527720739219713,-108.56194818886301
9.530458590006845,-110.7114323390059
9.533196440793978,-112.83524209159282
9.535934291581109,-114.92742487086
9.538672142368242,-116.98177033267335
9.541409993155373,-118.99183200407339
9.544147843942506,-120.95095332658991
9.546885694729637,-122.85229820579958
9.54962354551677,-124.688886085425
9.552361396303901,-126.45363148854955
9.555099247091034,-128.13938786284245
9.557837097878165,-129.7389954745281
9.560574948665298,-131.245332976235
9.56331279945243,-132.65137217386436
9.566050650239562,-133.95023539575072
9.568788501026694,-135.13525477311399
9.571526351813826,-136.20003263066224
9.574264202600958,-137.13850211386892
9.57700205338809,-137.94498709886804
9.579739904175222,-138.6142603950512
9.582477754962355,-139.1415992154805
9.585215605749486,-139.52283690362418
9.587953456536619,-139.75440992654475
9.59069130732375,-139.833399213936
9.593429158110883,-139.7575650011233
9.596167008898014,-139.52537446038167
9.598904859685147,-139.13602153152829
9.60164271047228,-138.5894385329161
9.604380561259411,-137.8862992961223
9.607118412046544,-137.02801375598406
9.609856262833675,-136.01671410963908
9.612594113620808,-134.85523283351066
9.61533196440794,-133.54707302606593
9.618069815195073,-132.096371687454
9.620807665982204,-130.5078566912821
9.623545516769337,-128.7867983031922
9.626283367556468,-126.93895619236781
9.6290212183436,-124.97052292613171
9.631759069130732,-122.88806497202626
9.634496919917865,-120.69846221857057
9.637234770704996,-118.4088470061346
9.639972621492129,-116.0265435970229
9.64271047227926,-113.55900895117279
9.645448323066393,-111.0137755756947
9.648186173853524,-108.39839712635002
9.650924024640657,-105.72039732235767
9.653661875427789,-102.98722263359325
9.656399726214921,-100.20619908010107
15.260780287474333,-101.42188271784262
15.263518138261464,-103.11377627559538
15.266255989048597,-104.77954190197887
15.268993839835728,-106.41559359773618
15.271731690622861,-108.01826944025595
15.274469541409994,-109.58384551086257
15.277207392197125,-111.10855124927713
15.279945242984258,-112.58858618802397
15.28268309377139,-114.02013799275917
15.285420944558522,-115.3994017069854
15.288158795345653,-116.72260007963622
15.290896646132786,-117.98600482012817
15.293634496919918,-119.1859586088786
15.29637234770705,-120.31889765801465
15.299110198494182,-121.38137460442945
15.301848049281315,-122.37008148819874
15.304585900068446,-123.28187256293414
15.307323750855579,-124.11378666292725
15.31006160164271,-124.86306885421153
15.312799452429843,-125.52719108457177
15.315537303216974,-126.1038715601864
15.318275154004107,-126.59109257582253
15.321013004791238,-126.98711654982817
15.323750855578371,-127.29050002518441
15.326488706365502,-127.50010543396
15.329226557152635,-127.61511044176794
15.331964407939767,-127.63501473562843
15.3347022587269,-127.55964414401242
15.33744010951403,-127.38915203128977
15.340177960301164,-127.12401793946964
15.342915811088295,-126.765043503654
15.345653661875428,-126.3133456998454
15.34839151266256,-125.77034753484054
15.351129363449692,-125.13776631606295
15.353867214236825,-124.41759968181185
15.356605065023956,-123.6121095996685
15.359342915811089,-122.72380456379035
15.36208076659822,-121.75542024917219
15.364818617385353,-120.70989888577472
15.367556468172484,-119.59036763524229
15.370294318959617,-118.40011624443737
15.373032169746748,-117.14257425924848
15.375770020533881,-115.82128806376744
15.378507871321013,-114.43989800779075
15.381245722108146,-113.00211586050618
15.383983572895277,-111.51170281746836
15.38672142368241,-109.97244825698277
15.38945927446954,-108.38814942721056
15.392197125256674,-106.76259221042514
15.394934976043805,-105.09953309462271
15.397672826830938,-103.40268244699465
15.40041067761807,-101.67568916801423
17.38261464750171,100.59696095084531
17.385352498288842,101.46368236863144
17.388090349075977,102.34620211673571
17.39082819986311,103.24480497144225
17.39356605065024,104.15977337361745
17.39630390143737,105.09138671731823
17.399041752224505,106.03992057678697
17.401779603011637,107.00564587274151
17.404517453798768,107.98882797025793
17.4072553045859,108.9897257093646
17.409993155373034,110.00859035993179
17.412731006160165,111.04566450045827
17.415468856947296,112.10118081366946
17.418206707734427,113.17536079889089
17.420944558521562,114.26841339366516
17.423682409308693,115.38053350369607
17.426420260095824,116.5119004335606
17.429158110882955,117.66267622016775
17.43189596167009,118.83300385972794
17.43463381245722,120.0230054295398
17.437371663244353,121.23278009718338
17.440109514031484,122.46240202026716
17.44284736481862,123.71191812893906
17.44558521560575,124.981345794091
17.44832306639288,126.27067037572691
17.451060917180012,127.57984265732908
17.453798767967147,128.90877616081082
17.456536618754278,130.25734434849707
17.45927446954141,131.62537771020638
17.462012320328544,133.01266074524156
17.464750171115675,134.41892884016613
17.467488021902806,135.84386504929265
17.470225872689937,137.28709679142096
17.472963723477072,138.748192467445
17.475701574264203,140.22665801648077
17.478439425051334,141.72193342054862
17.481177275838466,143.23338918138091
17.4839151266256,144.76032278330624
17.48665297741273,146.30195516954208
17.489390828199863,147.85742725244612
17.492128678986994,149.42579649314314
17.49486652977413,151.0060335753253
17.49760438056126,152.5970192129349
17.50034223134839,154.19754112508286
17.503080082135522,155.80629122535157
17.505817932922657,157.42186306332718
17.508555783709788,159.04274957040343
17.51129363449692,160.6673411543978
17.51403148528405,162.2939242020028
17.516769336071185,163.92068003611666
17.519507186858316,165.54568438978583
17.522245037645447,167.16690744683743
17.52498288843258,168.78221451464174
17.527720739219713,170.38936737724018
17.530458590006845,171.98602639041363
17.533196440793976,173.56975336495097
17.53593429158111,175.1380152954744
17.53867214236824,176.6881889734675
17.541409993155373,178.21756652287993
17.544147843942504,179.72336189714585
17.54688569472964,181.20271835231964
17.54962354551677,182.65271691681397
17.5523613963039,184.07038585384814
17.555099247091032,185.452711114662
17.557837097878167,186.7966477520674
17.560574948665298,188.0991322625412
17.56331279945243,189.35709579846753
17.56605065023956,190.56747819074417
17.568788501026695,191.72724268906848
17.571526351813826,192.83339132722273
17.574264202600958,193.88298079083395
17.57700205338809,194.873138666941
17.579739904175224,195.801079922661
17.582477754962355,196.66412346480317
17.585215605749486,197.459708607558
17.587953456536617,198.1854112841537
17.590691307323752,198.83895981479643
17.593429158110883,199.41825005721967
17.596167008898014,199.92135975207754
17.598904859685145,200.34656189754702
17.60164271047228,200.6923369738167
17.60438056125941,200.95738386784637
17.607118412046542,201.14062934664938
17.609856262833677,201.2412359610836
17.61259411362081,201.25860826535802
17.61533196440794,201.19239726667982
17.61806981519507,201.04250305056
17.620807665982205,200.80907553621105
17.623545516769337,200.49251335825744
17.626283367556468,200.09346088402705
17.6290212183436,199.61280341638408
17.631759069130734,199.05166064011897
17.634496919917865,198.41137840844172
17.637234770704996,197.69351897472583
17.639972621492127,196.89984980867047
17.642710472279262,196.0323311349034
17.645448323066393,195.09310236172007
17.648186173853524,194.08446756277766
17.650924024640656,193.00888019817188
17.65366187542779,191.86892724621862
17.65639972621492,190.66731293364472
17.659137577002053,189.40684223486048
17.661875427789184,188.09040432153472
17.66461327857632,186.72095611704836
17.66735112936345,185.30150611607905
17.67008898015058,183.8350986033665
17.672826830937716,182.32479840756807
17.675564681724847,180.773676295039
17.678302532511978,179.18479510107218
17.68104038329911,177.5611966856876
17.683778234086244,175.90588977068936
17.686516084873375,174.221838714116
17.689253935660506,172.51195325002686
17.691991786447637,170.77907922262247
17.694729637234772,169.02599031291624
17.697467488021903,167.2553807601134
17.700205338809035,165.4698590559115
17.702943189596166,163.67194259370532
17.7056810403833,161.86405323315853
17.70841889117043,160.04851374359345
17.711156741957563,158.22754507732714
17.713894592744694,156.40326442814208
17.71663244353183,154.57768401528887
17.71937029431896,152.75271054276786
17.72210814510609,150.93014527185917
17.724845995893222,149.1116846570461
17.727583846680357,147.29892148142955
17.730321697467488,145.4933464419671
17.73305954825462,143.6963501251581
17.73579739904175,141.90922532844036
17.738535249828885,140.13316967099232
17.741273100616016,138.36928845351963
17.744010951403148,136.61859771674355
17.746748802190282,134.88202746630193
17.749486652977414,133.16042502055575
17.752224503764545,131.45455844727974
17.754962354551676,129.7651200635289
17.75770020533881,128.09272996427185
17.760438056125942,126.43793955973598
17.763175906913073,124.80123509462713
17.765913757700204,123.1830411354923
17.76865160848734,121.5837240041283
17.77138945927447,120.0035951456859
17.7741273100616,118.4429144165601
17.776865160848732,116.90189328558792
17.779603011635867,115.38069793610335
17.782340862423,113.87945226497841
17.78507871321013,112.39824077122525
17.78781656399726,110.93711133316269
17.790554414784395,109.496077868775
17.793292265571527,108.07512288037069
17.796030116358658,106.67419987930154
17.79876796714579,105.29323569673703
17.801505817932924,103.93213267566604
17.804243668720055,102.59077075034834
17.806981519507186,101.26900941117442
18.822724161533195,-100.78403406087459
18.82546201232033,-102.06287813334816
18.82819986310746,-103.36245407013789
18.830937713894592,-104.6829891452035
18.833675564681723,-106.02469402901401
18.836413415468858,-107.38776085334517
18.83915126625599,-108.77236114916971
18.84188911704312,-110.17864364817089
18.844626967830255,-111.60673194901743
18.847364818617386,-113.05672204090281
18.850102669404517,-114.52867968031022
18.85284052019165,-116.02263762298904
18.855578370978783,-117.53859270389117
18.858316221765914,-119.07650276805516
18.861054072553046,-120.6362834490414
18.863791923340177,-122.21780480040144
18.86652977412731,-123.82088777883506
18.869267624914443,-125.44530058654958
18.872005475701574,-127.09075487559453
18.874743326488705,-128.7569018269445
18.87748117727584,-130.44332811012265
18.88021902806297,-132.14955174047455
18.882956878850102,-133.87501784449654
18.885694729637233,-135.61909435979598
18.888432580424368,-137.38106768321106
18.8911704312115,-139.16013829922625
18.89390828199863,-140.955416412406
18.89664613278576,-142.76591762248924
18.899383983572896,-144.5905586742094
18.902121834360027,-146.42815332697947
18.90485968514716,-148.27740838641373
18.90759753593429,-150.13691995227873
18.910335386721425,-152.00516993328705
18.913073237508556,-153.88052288990522
18.915811088295687,-155.76122326443564
18.91854893908282,-157.6453930698288
18.921286789869953,-159.5310301028332
18.924024640657084,-161.41600675266793
18.926762491444215,-163.29806948500303
18.92950034223135,-165.17483907110847
18.93223819301848,-167.04381164147622
18.934976043805612,-168.9023606347912
18.937713894592743,-170.74773972089156
18.940451745379878,-172.57708675952426
18.94318959616701,-174.38742886417506
18.94592744695414,-176.1756886212214
18.94866529774127,-177.9386915203174
18.951403148528406,-179.67317462458487
18.954140999315538,-181.37579651164114
18.95687885010267,-183.04314848891477
18.9596167008898,-184.67176708607835
18.962354551676935,-186.25814779107546
18.965092402464066,-187.79875999448288
18.967830253251197,-189.29006307066146
18.97056810403833,-190.72852352020737
18.973305954825463,-192.11063305761465
18.976043805612594,-193.43292752206784
18.978781656399725,-194.69200645548057
18.981519507186857,-195.88455318454638
18.98425735797399,-197.007355209966
18.986995208761122,-198.05732470340726
18.989733059548254,-199.03151888474667
18.99247091033539,-199.9271600588189
18.99520876112252,-200.74165506606937
18.99794661190965,-201.4726139072494
19.000684462696782,-202.11786731021422
19.003422313483917,-202.67548299742867
19.006160164271048,-203.14378044019918
19.00889801505818,-203.52134388583423
19.01163586584531,-203.80703348302816
19.014373716632445,-203.9999943339615
19.017111567419576,-204.09966334765738
19.019849418206707,-204.1057737866753
19.02258726899384,-204.0183574472621
19.025325119780973,-203.83774443173795
19.028062970568104,-203.56456052375557
19.030800821355236,-203.19972219797566
19.033538672142367,-202.74442934871408
19.0362765229295,-202.2001558352672
19.039014373716633,-201.5686379898409
19.041752224503764,-200.8518612466731
19.044490075290895,-200.05204509131383
19.04722792607803,-199.17162652944555
19.04996577686516,-198.21324230691795
19.052703627652292,-197.17971010710886
19.055441478439427,-196.07400897477828
19.058179329226558,-194.8992591989836
19.06091718001369,-193.6587018917555
19.06365503080082,-192.35567849872885
19.066392881587955,-190.99361045015132
19.069130732375086,-189.57597916242068
19.071868583162217,-188.10630656903788
19.07460643394935,-186.58813635683148
19.077344284736483,-185.02501604436148
19.080082135523615,-183.4204800343334
19.082819986310746,-181.77803373598763
19.085557837097877,-180.10113884664017
19.08829568788501,-178.39319984418867
19.091033538672143,-176.6575517363314
19.093771389459274,-174.897449080376
19.096509240246405,-173.11605628530253
19.09924709103354,-171.31643917440633
19.10198494182067,-169.50155778847676
19.104722792607802,-167.67426038324575
19.107460643394933,-165.83727858108534
19.110198494182068,-163.99322360930066
19.1129363449692,-162.14458356804974
19.11567419575633,-160.29372165169963
19.11841204654346,-158.44287525810273
19.121149897330596,-156.5941559035859
19.123887748117728,-154.74954987369946
19.12662559890486,-152.91091952825025
19.129363449691994,-151.08000519449882
19.132101300479125,-149.25842757012435
19.134839151266256,-147.44769056785225
19.137577002053387,-145.64918454122247
19.140314852840522,-143.86418982262688
19.143052703627653,-142.09388052172608
19.145790554414784,-140.3393285250331
19.148528405201915,-138.60150765418882
19.15126625598905,-136.881297931589
19.15400410677618,-135.17948991769796
19.156741957563312,-133.49678907874113
19.159479808350444,-131.83382015901927
19.16221765913758,-130.1911315226199
19.16495550992471,-128.56919944512694
19.16769336071184,-126.96843232886096
19.170431211498972,-125.38917482975093
19.173169062286107,-123.83171187439973
19.175906913073238,-122.29627255975592
19.17864476386037,-120.78303392057828
19.1813826146475,-119.29212456284583
19.184120465434635,-117.82362815143988
19.186858316221766,-116.3775867525045
19.189596167008897,-114.95400402387652
19.19233401779603,-113.55284825767475
19.195071868583163,-112.1740552702159
19.197809719370294,-110.81753114394384
19.200547570157426,-109.48315482007905
19.20328542094456,-108.17078054929617
19.20602327173169,-106.8802401999615
19.208761122518823,-105.61134542805675
19.211498973305954,-104.36388971672136
19.21423682409309,-103.13765028551586
19.21697467488022,-101.9323898778066
19.21971252566735,-100.74785842768988
22.986995208761122,100.38255380057298
22.989733059548254,100.88748689492016
22.99247091033539,101.32386717199523
22.99520876112252,101.69044942280958
22.99794661190965,101.98618336434376
23.000684462696782,102.21022099834944
23.003422313483917,102.36192260788232
23.006160164271048,102.44086131724333
23.00889801505818,102.44682615154362
23.01163586584531,102.37982356034853
23.014373716632445,102.24007738025645
23.017111567419576,102.02802724058763
23.019849418206707,101.74432542989321
23.02258726899384,101.38983226879624
23.025325119780973,100.96561004621935
23.028062970568104,100.47291560032659
24.39425051334702,-100.83803459062185
24.396988364134156,-102.01470471543178
24.399726214921287,-103.15460216351181
24.40246406570842,-104.25517150078063
24.40520191649555,-105.3138810495769
24.407939767282684,-106.32823484922407
24.410677618069816,-107.29578494767479
24.413415468856947,-108.21414392554377
24.416153319644078,-109.08099755348834
24.418891170431213,-109.89411746636898
24.421629021218344,-110.65137374050443
24.424366872005475,-111.35074724706695
24.427104722792606,-111.99034166175888
24.42984257357974,-112.56839499811284
24.432580424366872,-113.08329054340882
24.435318275154003,-113.53356706928123
24.438056125941138,-113.91792820509774
24.44079397672827,-114.235250858784
24.4435318275154,-114.48459258403955
24.44626967830253,-114.66519780784876
24.449007529089666,-114.77650283570927
24.451745379876797,-114.81813957640739
24.45448323066393,-114.789937934612
24.45722108145106,-114.69192684682841
24.459958932238195,-114.52433394211978
24.462696783025326,-114.28758383626449
24.465434633812457,-113.9822950775155
24.468172484599588,-113.60927578813721
24.470910335386723,-113.16951805172828
24.473648186173854,-112.66419112116891
24.476386036960985,-112.09463352674483
24.479123887748116,-111.46234418647163
24.48186173853525,-110.76897261934226
24.484599589322382,-110.01630838026155
24.487337440109513,-109.2062698336847
24.490075290896645,-108.3408923952586
24.49281314168378,-107.42231636343185
24.49555099247091,-106.45277447092381
24.49828884325804,-105.43457927659833
24.501026694045173,-104.37011052282087
24.503764544832308,-103.26180256794518
24.50650239561944,-102.11213200565342
24.50924024640657,-100.92360556637936
25.634496919917865,102.67449026349682
25.637234770704996,105.37220283373937
25.639972621492127,108.17503169388299
25.642710472279262,111.08733507416922
25.645448323066393,114.11359182835277
25.648186173853524,117.25839089400469
25.650924024640656,120.5264175763631
25.65366187542779,123.92243611736072
25.65639972621492,127.45126795281668
25.659137577002053,131.11776497859825
25.661875427789184,134.92677707947624
25.66461327857632,138.88311308264454
25.66735112936345,142.99149422717267
25.67008898015058,147.2564991518468
25.672826830937716,151.6824993418302
25.675564681724847,156.27358390090927
25.678302532511978,161.03347247543215
25.68104038329911,165.965415143322
25.683778234086244,171.07207808645936
25.686516084873375,176.35541394417484
25.689253935660506,181.8165158660889
25.691991786447637,187.4554545112581
25.694729637234772,193.27109754264865
25.697467488021903,199.26091162546228
25.700205338809035,205.420747517913
25.702943189596166,211.74460962684188
25.7056810403833,218.22441234472444
25.70841889117043,224.84972667286985
25.711156741957563,231.60752201199816
25.713894592744694,238.48190961894238
25.71663244353183,245.45389599161825
25.71937029431896,252.50115637718568
25.72210814510609,259.5978405372818
25.724845995893222,266.71442480186
25.727583846680357,273.8176260478635
25.730321697467488,280.8703944332135
25.73305954825462,287.8320021714668
25.73579739904175,294.65824516537003
25.738535249828885,301.30177257462117
25.741273100616016,307.7125562408067
25.744010951403148,313.8385070865669
25.746748802190282,319.626239198262
25.749486652977414,325.02197433598155
25.752224503764545,329.9725705091946
25.754962354551676,334.42664853198954
25.75770020533881,338.33578085170063
25.760438056125942,341.6556984311818
25.763175906913073,344.3474649384335
25.765913757700204,346.3785639854167
25.76865160848734,347.7238452809549
25.77138945927447,348.36627984793387
25.7741273100616,348.2974827695634
25.776865160848732,347.5179738862127
25.779603011635867,346.0371614173219
25.782340862423,343.87304946788777
25.78507871321013,341.0516862262019
25.78781656399726,337.6063840209306
25.790554414784395,333.5767539214995
25.793292265571527,329.0076054721381
25.796030116358658,323.94776589202456
25.79876796714579,318.4488727963931
25.801505817932924,312.56419053051684
25.804243668720055,306.3474934459522
25.806981519507186,299.8520507091493
25.809719370294317,293.12973760495464
25.812457221081452,286.2302885667034
25.815195071868583,279.20069819053913
25.817932922655714,272.08476868908826
25.82067077344285,264.9227960244023
25.82340862422998,257.7513823417874
25.82614647501711,250.6033593450767
25.828884325804243,243.50780570062477
25.831622176591377,236.49014117420387
25.83436002737851,229.57228079504543
25.83709787816564,222.77283356221056
25.83983572895277,216.1073318952686
25.842573579739906,209.58847990372038
25.845311430527037,203.22641052511185
25.848049281314168,197.02894346959226
25.8507871321013,191.0018376888218
25.853524982888434,185.1490336462951
25.856262833675565,179.4728820463599
25.859000684462696,173.97435681360145
25.861738535249827,168.65325106747667
25.864476386036962,163.50835556592688
25.867214236824093,158.5376196824984
25.869952087611225,153.7382953966348
25.872689938398356,149.1070650961323
25.87542778918549,144.64015417925913
25.87816563997262,140.33342958130103
25.880903490759753,136.18248539873642
25.883641341546884,132.18271681029182
25.88637919233402,128.32938345678608
25.88911704312115,124.61766340700792
25.89185489390828,121.04269876266373
25.894592744695416,117.59963389135277
25.897330595482547,114.28364718702848
25.900068446269678,111.08997718109075
25.90280629705681,108.01394375053817
25.905544147843944,105.05096508448754
25.908281998631075,102.196571005675
29.305954825462013,-100.57639209657832
29.308692676249144,-102.99838285470159
29.311430527036276,-105.506687883785
29.31416837782341,-108.10442419175956
29.31690622861054,-110.7947753522234
29.319644079397673,-113.58098327603757
29.322381930184804,-116.46633800924636
29.32511978097194,-119.45416526371167
29.32785763175907,-122.54781136348045
29.3305954825462,-125.75062524877379
29.333333333333332,-129.0659371539788
29.336071184120467,-132.49703353046357
29.338809034907598,-136.04712775930818
29.34154688569473,-139.71932615810897
29.34428473648186,-143.5165887657796
29.347022587268995,-147.44168435378862
29.349760438056126,-151.49713910600653
29.352498288843258,-155.68517839542258
29.35523613963039,-160.00766110714855
29.357973990417523,-164.46600597524986
29.360711841204655,-169.0611094684942
29.363449691991786,-173.7932548381192
29.366187542778917,-178.66201208160965
29.36892539356605,-183.66612873707396
29.371663244353183,-188.8034116679886
29.374401095140314,-194.07060028163204
29.377138945927445,-199.46323200875352
29.37987679671458,-204.9755013034088
29.38261464750171,-210.60011397105708
29.385352498288842,-216.3281392386879
29.388090349075977,-222.1488626988714
29.39082819986311,-228.0496440177022
29.39356605065024,-234.0157841302902
29.39630390143737,-240.03040750641986
29.399041752224505,-246.07436588149213
29.401779603011637,-252.12617062291446
29.404517453798768,-258.16196149528497
29.4072553045859,-264.15551999239136
29.409993155373034,-270.07833544395305
29.412731006160165,-275.8997317727293
29.415468856947296,-281.5870618949971
29.418206707734427,-287.1059753264696
29.420944558521562,-292.4207624350948
29.423682409308693,-297.4947760569506
29.426420260095824,-302.2909278124387
29.429158110882955,-306.77225262579003
29.43189596167009,-310.9025307455054
29.43463381245722,-314.6469523428137
29.437371663244353,-317.97280574149823
29.440109514031484,-320.85016694839265
29.44284736481862,-323.25256566098807
29.44558521560575,-325.1576017553951
29.44832306639288,-326.547486545159
29.451060917180012,-327.4094850740844
29.453798767967147,-327.73623924514783
29.456536618754278,-327.5259566301982
29.45927446954141,-326.7824559293596
29.462012320328544,-325.51506690560296
29.464750171115675,-323.73838959434704
29.467488021902806,-321.4719242305792
29.470225872689937,-318.73958911469566
29.472963723477072,-315.569148113007
29.475701574264203,-311.99157248425246
29.478439425051334,-308.0403630234424
29.481177275838466,-303.75085826042994
29.4839151266256,-299.1595527114802
29.48665297741273,-294.30344634806016
29.489390828199863,-289.21944274971094
29.492128678986994,-283.9438092998138
29.49486652977413,-278.5117085018456
29.49760438056126,-272.95680543494086
29.50034223134839,-267.31095265903036
29.503080082135522,-261.60395076551026
29.505817932922657,-255.86338024015203
29.508555783709788,-250.11449847744115
29.51129363449692,-244.38019454356174
29.51403148528405,-238.68099364522544
29.516769336071185,-233.03510305328942
29.519507186858316,-227.4584914457257
29.522245037645447,-221.9649940973351
29.52498288843258,-216.56643703732618
29.527720739219713,-211.2727740661517
29.530458590006845,-206.09223138607888
29.533196440793976,-201.03145542978206
29.53593429158111,-196.09566029854025
29.53867214236824,-191.28877195307052
29.541409993155373,-186.61356698006588
29.544147843942504,-182.0718043513422
29.54688569472964,-177.66434907775215
29.54962354551677,-173.39128709417963
29.5523613963039,-169.2520310388297
29.555099247091032,-165.2454168756412
29.557837097878167,-161.36979150185226
29.560574948665298,-157.62309165365994
29.56331279945243,-154.00291452308088
29.56605065023956,-150.50658058791927
29.568788501026695,-147.1311891878947
29.571526351813826,-143.8736674153277
29.574264202600958,-140.73081288174137
29.57700205338809,-137.6993309244806
29.579739904175224,-134.7758667841343
29.582477754962355,-131.95703326866283
29.585215605749486,-129.23943437912632
29.587953456536617,-126.61968534892763
29.590691307323752,-124.09442950106886
29.593429158110883,-121.66035230403445
29.596167008898014,-119.31419296293969
29.598904859685145,-117.05275386028666
29.60164271047228,-114.8729081180026
29.60438056125941,-112.77160553323903
29.607118412046542,-110.74587710501615
29.609856262833677,-108.79283835343102
29.61259411362081,-106.9096916008454
29.61533196440794,-105.09372736871288
29.61806981519507,-103.34232502842129
29.620807665982205,-101.65295281964431
35.58110882956879,-101.50977950953605
35.58384668035592,-103.24652330992527
35.58658453114305,-105.01045845655987
35.58932238193019,-106.80141325588681
35.592060232717316,-108.61915034702261
35.59479808350445,-110.46336153841152
35.59753593429158,-112.33366244694841
35.60027378507871,-114.2295869424234
35.60301163586585,-116.150581430786
35.605749486652975,-118.09599898167004
35.60848733744011,-120.06509333696985
35.611225188227245,-122.0570128313531
35.61396303901437,-124.07079425451637
35.61670088980151,-126.10535670485562
35.619438740588635,-128.15949548611073
35.62217659137577,-130.23187609055847
35.624914442162904,-132.32102835074787
35.62765229295003,-134.42534081028523
35.630390143737166,-136.54305540492084
35.6331279945243,-138.67226253643142
35.63586584531143,-140.8108966228065
35.63860369609856,-142.95673223191463
35.6413415468857,-145.1073809037863
35.644079397672826,-147.2602887614958
35.64681724845996,-149.4127350346278
35.64955509924709,-151.5618316133508
35.65229295003422,-153.70452373929947
35.65503080082136,-155.8375919724033
35.657768651608485,-157.95765552945159
35.66050650239562,-160.06117711944486
35.663244353182755,-162.14446937965135
35.66598220396988,-164.2037029957769
35.66872005475702,-166.23491659707082
35.671457905544145,-168.23402849154056
35.67419575633128,-170.1968502694804
35.676933607118414,-172.11910231993215
35.67967145790554,-173.9964312304465
35.68240930869268,-175.82442904963347
35.68514715947981,-177.59865434528768
35.68788501026694,-179.31465494477357
35.690622861054074,-180.96799223179198
35.6933607118412,-182.5542668286283
35.696098562628336,-184.0691454356422
35.69883641341547,-185.50838861068203
35.7015742642026,-186.8678791831482
35.70431211498973,-188.14365101143105
35.70704996577687,-189.3319177486761
35.709787816563995,-190.42910124876252
35.71252566735113,-191.4318592559115
35.715263518138265,-192.337112000194
35.71800136892539,-193.14206730876833
35.72073921971253,-193.84424387636514
35.723477070499655,-194.44149234341577
35.72621492128679,-194.93201383601908
35.728952772073924,-195.31437570060024
35.73169062286105,-195.58752415080485
35.73442847364819,-195.7507936362204
35.73716632443532,-195.80391277717294
35.73990417522245,-195.74700675219992
35.742642026009584,-195.58059611195856
35.74537987679671,-195.30559204018502
35.748117727583846,-194.92328812335506
35.75085557837098,-194.43534879370128
35.75359342915811,-193.84379460937302
35.75633127994524,-193.15098462807478
35.75906913073238,-192.35959615666013
35.761806981519506,-191.47260218059142
35.76454483230664,-190.49324683183855
35.76728268309377,-189.4250192603167
35.7700205338809,-188.2716262676923
35.77275838466804,-187.03696410770488
35.775496235455165,-185.72508980083452
35.7782340862423,-184.3401923396166
35.780971937029435,-182.88656412750217
35.78370978781656,-181.36857295468295
35.7864476386037,-179.7906348134707
35.78918548939083,-178.15718780946764
35.79192334017796,-176.47266737694906
35.794661190965094,-174.74148299774527
35.79739904175222,-172.96799657238316
35.800136892539356,-171.15650254075896
35.80287474332649,-169.311209856965
35.80561259411362,-167.4362258370968
35.80835044490075,-165.53554191400897
35.81108829568789,-163.61302128367083
35.813826146475016,-161.67238839695196
35.81656399726215,-159.71722025051173
35.81930184804928,-157.75093940132948
35.82203969883641,-155.7768086011306
35.82477754962355,-153.7979269722175
35.827515400410675,-151.81722759242862
35.83025325119781,-149.83747638855078
35.832991101984945,-147.86127221915592
35.83572895277207,-145.89104801772814
35.83846680355921,-143.92907288712868
35.841204654346335,-141.97745503202694
35.84394250513347,-140.0381454024267
35.846680355920604,-138.11294196440411
35.84941820670773,-136.20349447554875
35.85215605749487,-134.31130968474548
35.854893908282,-132.43775686898502
35.85763175906913,-130.58407361681842
35.860369609856264,-128.751371796136
35.8631074606434,-126.94064364096876
35.865845311430526,-125.15276788826333
35.86858316221766,-123.38851592408236
35.87132101300479,-121.64855789293524
35.87405886379192,-119.93346872033817
35.87679671457906,-118.24373403291331
35.879534565366185,-116.57975593061215
35.88227241615332,-114.94185859892669
35.885010266940455,-113.33029374148482
35.88774811772758,-111.74524581088494
35.89048596851472,-110.18683703416812
35.893223819301845,-108.65513222547784
35.89596167008898,-107.15014337033092
35.898699520876114,-105.67183399488715
35.90143737166324,-104.22012330406096
35.90417522245038,-102.79489009928605
35.90691307323751,-101.3959764788113
39.90691307323751,100.41318840508468
39.90965092402464,101.17262599574619
39.912388774811774,101.93854594714524
39.9151266255989,102.71046025295188
39.917864476386036,103.48784140977156
39.92060232717317,104.27012110996327
39.9233401779603,105.05668897406599
39.92607802874743,105.8468913458629
39.92881587953457,106.6400301592086
39.931553730321696,107.43536188396246
39.93429158110883,108.23209657022815
39.937029431895965,109.029397005864
39.93976728268309,109.82637799400332
39.94250513347023,110.6221057734247
39.945242984257355,111.41559759747466
39.94798083504449,112.20582147839757
39.950718685831625,112.99169612783496
39.95345653661875,113.7720910955389
39.95619438740589,114.54582713135902
39.95893223819302,115.31167678708613
39.96167008898015,116.06836526608839
39.964407939767284,116.81457154301573
39.96714579055441,117.54892976829206
39.969883641341546,118.27003096066304
39.97262149212868,118.97642501462988
39.97535934291581,119.66662301736302
39.97809719370294,120.3390998931432
39.98083504449008,120.99229738129763
39.983572895277206,121.62462734192188
39.98631074606434,122.23447539985017
39.98904859685147,122.82020492294704
39.9917864476386,123.3801613200863
39.99452429842574,123.91267666538394
39.997262149212865,124.41607461993651
40.0,124.88867564474333
40.002737850787135,125.32880248497925
40.00547570157426,125.73478589211032
40.0082135523614,126.1049705646959
40.01095140314853,126.43772127586107
40.01368925393566,126.73142914318763
40.016427104722794,126.98451801020806
40.01916495550992,127.19545089820167
40.02190280629706,127.36273647090458
40.02464065708419,127.48493548306928
40.02737850787132,127.56066714491506
40.030116358658454,127.58861536307874
40.03285420944559,127.56753480593459
40.035592060232716,127.49625673224358
40.03832991101985,127.3736945403646
40.04106776180698,127.19884898850977
40.04380561259411,126.97081302522956
40.04654346338125,126.68877620324342
40.049281314168375,126.35202861462557
40.05201916495551,125.95996432177733
40.054757015742645,125.51208424777646
40.05749486652977,125.00799848961168
40.06023271731691,124.44742803853399
40.062970568104035,123.8302058900756
40.06570841889117,123.15627752165717
40.068446269678304,122.425700749019
40.07118412046543,121.63864494609275
40.07392197125257,120.79538964660144
40.0766598220397,119.89632254173677
40.07939767282683,118.9419368841869
40.082135523613964,117.9328283347029
40.0848733744011,116.86969128075147
40.087611225188226,115.75331465583139
40.09034907597536,114.58457730826778
40.09308692676249,113.3644429630493
40.09582477754962,112.09395481425298
40.09856262833676,110.77422981302402
40.101300479123886,109.40645268637967
40.10403832991102,107.99186974890576
40.106776180698155,106.53178255939422
40.10951403148528,105.0275414661862
40.11225188227242,103.48053909988585
40.114989733059545,101.89220386297235
40.11772758384668,100.26399345320624
40.37234770704997,-100.30741122175229
40.375085557837096,-102.29318674915751
40.37782340862423,-104.25004182277645
40.380561259411365,-106.17611471653295
40.38329911019849,-108.06950867375905
40.38603696098563,-109.92829768627014
40.388774811772755,-111.750532782687
40.39151266255989,-113.53424879907685
40.394250513347025,-115.27747162704219
40.39698836413415,-116.9782258922579
40.39972621492129,-118.63454303981078
40.40246406570842,-120.24446978230475
40.40520191649555,-121.80607685455668
40.407939767282684,-123.31746802618773
40.41067761806981,-124.77678931161252
40.41341546885695,-126.18223829826103
40.41615331964408,-127.53207353772436
40.41889117043121,-128.82462390518765
40.421629021218344,-130.05829785733007
40.42436687200548,-131.23159250596078
40.427104722792606,-132.3431024122252
40.42984257357974,-133.3915280268241
40.43258042436687,-134.37568369122562
40.435318275154,-135.294505106535
40.43805612594114,-136.1470562104812
40.440793976728266,-136.93253536948768
40.4435318275154,-137.65028083066514
40.446269678302535,-138.29977537267075
40.44900752908966,-138.88065009394447
40.4517453798768,-139.39268730483076
40.45448323066393,-139.8358224903585
40.45722108145106,-140.21014531190997
40.459958932238195,-140.5158996454579
40.46269678302532,-140.7534826570541
40.46543463381246,-140.9234429134021
40.46817248459959,-141.02647756950032
40.47091033538672,-141.06342864576166
40.473648186173854,-141.03527845007943
40.47638603696099,-140.94314419598481
40.479123887748116,-140.7882718669528
40.48186173853525,-140.57202940444176
40.48459958932238,-140.2958992924623
40.48733744010951,-139.96147060490597
40.49007529089665,-139.570430617175
40.492813141683776,-139.12455604525871
40.49555099247091,-138.62570401105089
40.498288843258045,-138.07580281757464
40.50102669404517,-137.47684260720118
40.50376454483231,-136.83086599408213
40.506502395619435,-136.1399587475227
40.50924024640657,-135.4062405870674
40.511978097193705,-134.63185617589227
40.51471594798083,-133.81896635554898
40.51745379876797,-132.96973968941373
40.5201916495551,-132.08634436408562
40.52292950034223,-131.1709404816696
40.525667351129364,-130.2256727874714
40.5284052019165,-129.25266386271522
40.53114305270363,-128.25400779471505
40.53388090349076,-127.23176434985646
40.53661875427789,-126.18795365937261
40.539356605065024,-125.12455141065044
40.54209445585216,-124.04348456117124
40.544832306639286,-122.94662755110849
40.54757015742642,-121.83579901606898
40.550308008213555,-120.71275898589472
40.55304585900068,-119.57920654375675
40.55578370978782,-118.43677793405894
40.558521560574945,-117.28704509857303
40.56125941136208,-116.13151460432175
40.563997262149215,-114.97162695676141
40.56673511293634,-113.80875625444503
40.56947296372348,-112.64421016999741
40.57221081451061,-111.47923022911783
40.57494866529774,-110.314992354313
40.577686516084874,-109.1526076542432
40.580424366872,-107.99312343349877
40.58316221765914,-106.83752438785868
40.58590006844627,-105.68673397671317
40.5886379192334,-104.54161593447492
40.591375770020534,-103.402975909342
40.59411362080767,-102.27156320797368
40.596851471594796,-101.14807262042801
42.012320328542096,-101.67908112320966
42.01505817932922,-103.6685435865287
42.01779603011636,-105.76109980045564
42.02053388090349,-107.96394470288769
42.02327173169062,-110.28487832676667
42.026009582477755,-112.73236422106301
42.02874743326489,-115.31559401302171
42.03148528405202,-118.04455875095402
42.03422313483915,-120.93012773628286
42.03696098562629,-123.9841356008787
42.039698836413415,-127.21947842357493
42.04243668720055,-130.65021973815158
42.04517453798768,-134.2917073011377
42.04791238877481,-138.1607014764316
42.050650239561946,-142.27551608938168
42.053388090349074,-146.65617247961322
42.05612594113621,-151.32456734910522
42.05886379192334,-156.3046547261268
42.06160164271047,-161.62264194212742
42.064339493497606,-167.3071989240674
42.06707734428473,-173.38967921267619
42.06981519507187,-179.90434983886843
42.072553045859,-186.88862547683578
42.07529089664613,-194.38329982398406
42.078028747433265,-202.43276390109526
42.0807665982204,-211.0851965040901
42.08350444900753,-220.39270608904232
42.08624229979466,-230.4113955548419
42.08898015058179,-241.2013111313529
42.091718001368925,-252.82622335885208
42.09445585215606,-265.3531714553639
42.09719370294319,-278.85168151179477
42.09993155373032,-293.3925438630214
42.10266940451746,-309.04600568742455
42.105407255304584,-325.8792026166196
42.10814510609172,-343.95262078524775
42.110882956878854,-363.31535366934315
42.11362080766598,-383.998905737324
42.116358658453116,-406.009312388657
42.119096509240244,-429.3174145798066
42.12183436002738,-453.84727612396927
42.12457221081451,-479.46299651401296
42.12731006160164,-505.95458483516535
42.130047912388775,-533.0241382758418
42.13278576317591,-560.2742883360992
42.13552361396304,-587.2016432829347
42.13826146475017,-613.1985670311924
42.1409993155373,-637.5667804190984
42.143737166324435,-659.5455750074726
42.14647501711157,-678.3555858105709
42.1492128678987,-693.2560529330306
42.15195071868583,-703.6097850540613
42.15468856947297,-708.9466469433828
42.157426420260094,-709.014664135225
42.16016427104723,-703.8088482793486
42.16290212183436,-693.5717781105332
42.16563997262149,-678.7658130965393
42.168377823408626,-660.0226995663577
42.171115674195754,-638.0803628546757
42.17385352498289,-613.7178092523562
42.17659137577002,-587.6974244295685
42.17932922655715,-560.7206041958412
42.182067077344286,-533.3989264589636
42.18480492813142,-506.24001644302234
42.18754277891855,-479.64536471722795
42.19028062970568,-453.9166211764771
42.19301848049281,-429.2670078179075
42.195756331279945,-405.83509284298026
42.19849418206708,-383.6989326808339
42.20123203285421,-362.88931225308767
42.20396988364134,-343.40139817723457
42.20670773442848,-325.20453877279607
42.209445585215605,-308.25021476475473
42.21218343600274,-292.4782981427885
42.21492128678987,-277.82184813893815
42.217659137577,-264.21069224640496
42.220396988364136,-251.5740288210343
42.223134839151264,-239.8422610340173
42.2258726899384,-228.94823970395072
42.22861054072553,-218.82806018950922
42.23134839151266,-209.4215290795597
42.234086242299796,-200.67239114128432
42.23682409308692,-192.5283859994874
42.23956194387406,-184.9411871182623
42.24229979466119,-177.866262367501
42.24503764544832,-171.26268505221162
42.247775496235455,-165.09291639889895
42.25051334702259,-159.3225744699997
42.25325119780972,-153.9201999687352
42.25598904859685,-148.85702608492906
42.25872689938399,-144.10675706836662
42.261464750171115,-139.6453584295111
42.26420260095825,-135.45086041304802
42.26694045174538,-131.503175479452
42.26967830253251,-127.78392989537998
42.27241615331965,-124.27630914517735
42.275154004106774,-120.96491656791225
42.27789185489391,-117.83564448887739
42.280629705681044,-114.87555701322705
42.28336755646817,-112.07278360472593
42.286105407255306,-109.41642259030367
42.288843258042434,-106.89645374518166
42.29158110882957,-104.50365914393132
42.2943189596167,-102.22955153575569
44.56673511293634,100.43412164935549
44.56947296372348,101.36578108793863
44.57221081451061,102.24541273701126
44.57494866529774,103.06875610898418
44.577686516084874,103.83154317044362
44.580424366872,104.52952480712928
44.58316221765914,105.15849901247404
44.58590006844627,105.7143405945822
44.5886379192334,106.19303212383717
44.591375770020534,106.59069582288306
44.59411362080767,106.90362605246104
44.596851471594796,107.12832200048493
44.59958932238193,107.26152016980313
44.602327173169066,107.30022622360768
44.60506502395619,107.2417457303371
44.60780287474333,107.08371335179721
44.610540725530456,106.82412002050948
44.61327857631759,106.46133765009422
44.616016427104725,105.99414097803721
44.61875427789185,105.42172613764693
44.62149212867899,104.74372563300867
44.62422997946612,103.96021942778053
44.62696783025325,103.07174191898432
44.629705681040384,102.07928464498981
44.63244353182751,100.98429464669876
45.90554414784394,-100.2932397285748
45.908281998631075,-101.53852444286159
45.91101984941821,-102.81472298276721
45.91375770020534,-104.12290679003893
45.91649555099247,-105.46418576760789
45.9192334017796,-106.83970927689401
45.921971252566735,-108.25066708520097
45.92470910335387,-109.69829026682334
45.927446954141,-111.18385202797157
45.93018480492813,-112.70866844812882
45.93292265571527,-114.27409911924458
45.935660506502394,-115.88154765246404
45.93839835728953,-117.53246203716765
45.94113620807666,-119.22833482309295
45.94387405886379,-120.9707030855505
45.946611909650926,-122.76114815313898
45.949349760438054,-124.60129504320523
45.95208761122519,-126.49281156998181
45.95482546201232,-128.43740707537845
45.95756331279945,-130.43683071863583
45.960301163586585,-132.49286927092484
45.96303901437371,-134.6073443458601
45.96577686516085,-136.78210897844897
45.96851471594798,-139.0190434859421
45.97125256673511,-141.32005049881053
45.973990417522245,-143.68704907110623
45.97672826830938,-146.1219677593638
45.97946611909651,-148.62673653698127
45.98220396988364,-151.20327742269265
45.98494182067078,-153.8534936810609
45.987679671457904,-156.57925743115786
45.99041752224504,-159.38239551231578
45.99315537303217,-162.26467343502344
45.9958932238193,-165.2277772238176
45.998631074606436,-168.27329298778463
46.001368925393564,-171.40268400655629
46.0041067761807,-174.61726515567415
46.00684462696783,-177.91817448144116
46.00958247775496,-181.30634173629997
46.012320328542096,-184.78245371902204
46.01505817932922,-188.34691627890984
46.01779603011636,-191.9998128551418
46.02053388090349,-195.74085950907534
46.02327173169062,-199.56935640875207
46.026009582477755,-203.48413583999664
46.02874743326489,-207.48350688634537
46.03148528405202,-211.56519701370658
46.03422313483915,-215.72629094749277
46.03696098562629,-219.9631673647335
46.039698836413415,-224.27143407680848
46.04243668720055,-228.6458625993363
46.04517453798768,-233.08032320534107
46.04791238877481,-237.56772176229407
46.050650239561946,-242.09993995579055
46.053388090349074,-246.66778068086012
46.05612594113621,-251.26092068920227
46.05886379192334,-255.86787279128143
46.06160164271047,-260.4759600999596
46.064339493497606,-265.0713050016153
46.06707734428473,-269.638835615666
46.06981519507187,-274.16231249382525
46.072553045859,-278.62437826926237
46.07529089664613,-283.00663266910567
46.078028747433265,-287.2897349878394
46.0807665982204,-291.4535355611107
46.08350444900753,-295.4772370565963
46.08624229979466,-299.33958556587805
46.08898015058179,-303.01909044187875
46.091718001368925,-306.4942706520518
46.09445585215606,-309.7439242563553
46.09719370294319,-312.7474162792253
46.09993155373032,-315.4849790993794
46.10266940451746,-317.9380183566417
46.105407255304584,-320.0894164552486
46.10814510609172,-321.92382516373823
46.110882956878854,-323.4279385119904
46.11362080766598,-324.5907372785755
46.116358658453116,-325.4036969481271
46.119096509240244,-325.86095195516043
46.12183436002738,-325.9594103531845
46.12457221081451,-325.6988148030879
46.12731006160164,-325.08174759914954
46.130047912388775,-324.1135795771938
46.13278576317591,-322.80236477954395
46.13552361396304,-321.15868467783093
46.13826146475017,-319.1954475320797
46.1409993155373,-316.9276498545948
46.143737166324435,-314.37210795366474
46.14647501711157,-311.5471682205185
46.1492128678987,-308.4724049238424
46.15195071868583,-305.1683141392323
46.15468856947297,-301.65601184357087
46.157426420260094,-297.9569433319245
46.16016427104723,-294.0926100876275
46.16290212183436,-290.084319016977
46.16563997262149,-285.9529576775913
46.168377823408626,-281.71879796184675
46.171115674195754,-277.4013294466176
46.17385352498289,-273.019122641753
46.17659137577002,-268.58972144544686
46.17932922655715,-264.12956335913935
46.182067077344286,-259.65392549167854
46.18480492813142,-255.17689395709382
46.18754277891855,-250.71135400427565
46.19028062970568,-246.2689981320624
46.19301848049281,-241.86034942020117
46.195756331279945,-237.49479736300967
46.19849418206708,-233.18064370479777
46.20123203285421,-228.9251559026245
46.20396988364134,-224.73462612945488
46.20670773442848,-220.6144339565782
46.209445585215605,-216.56911108584393
46.21218343600274,-212.60240678362987
46.21492128678987,-208.71735288116344
46.217659137577,-204.91632740499608
46.220396988364136,-201.20111614338512
46.223134839151264,-197.572971569156
46.2258726899384,-194.03266873843054
46.22861054072553,-190.5805578949126
46.23134839151266,-187.2166136045136
46.234086242299796,-183.94048036381255
46.23682409308692,-180.75151468530802
46.23956194387406,-177.6488237007711
46.24229979466119,-174.6313004161333
46.24503764544832,-171.69765572847336
46.247775496235455,-168.8464473841196
46.25051334702259,-166.07610605442636
46.25325119780972,-163.384958704214
46.25598904859685,-160.7712494560229
46.25872689938399,-158.23315813953388
46.261464750171115,-155.76881670312943
46.26420260095825,-153.37632367788063
46.26694045174538,-151.05375686991644
46.26967830253251,-148.7991844289652
46.27241615331965,-146.6106744712196
46.275154004106774,-144.48630337763615
46.27789185489391,-142.42416291661073
46.280629705681044,-140.422366312868
46.28336755646817,-138.47905336692222
46.286105407255306,-136.592394738949
46.288843258042434,-134.7605954919324
46.29158110882957,-132.9818979673276
46.2943189596167,-131.2545840922655
46.29705681040383,-129.57697716665615
46.299794661190965,-127.94744320863715
46.3025325119781,-126.36439191280783
46.30527036276523,-124.8262772639479
46.30800821355236,-123.33159786057281
46.31074606433949,-121.87889698959553
46.313483915126625,-120.46676247602575
46.31622176591376,-119.0938263582796
46.31895961670089,-117.75876439949825
46.32169746748802,-116.46029547119662
46.32443531827516,-115.1971808305769
46.327173169062284,-113.96822330366705
46.32991101984942,-112.772266398145
46.332648870636554,-111.60819336208527
46.33538672142368,-110.47492619241187
46.338124572210816,-109.37142461390701
46.340862422997944,-108.29668503690156
46.34360027378508,-107.24973949378467
46.34633812457221,-106.229654576431
46.34907597535934,-105.23553036539704
46.351813826146476,-104.26649936617521
46.35455167693361,-103.32172545661994
46.35728952772074,-102.4004028420816
46.36002737850787,-101.50175502836501
46.362765229295,-100.62503381587877
48.65982203969884,-100.94596036251976
48.662559890485966,-101.88225310457472
48.6652977412731,-102.84286168306829
48.668035592060235,-103.82861318839448
48.67077344284736,-104.84036526765597
48.6735112936345,-105.87900712203505
48.67624914442163,-106.94546051097791
48.67898699520876,-108.0406807513366
48.681724845995895,-109.16565771467451
48.68446269678302,-110.32141681395701
48.68720054757016,-111.50901996531225
48.68993839835729,-112.72956652953707
48.69267624914442,-113.98419420783121
48.695414099931554,-115.27407989245445
48.69815195071869,-116.60044045526305
48.70088980150582,-117.96453345518252
48.70362765229295,-119.36765775144633
48.70636550308008,-120.81115400735221
48.709103353867214,-122.29640504838771
48.71184120465435,-123.8248360692432
48.714579055441476,-125.39791464280026
48.71731690622861,-127.01715051108108
48.720054757015745,-128.6840951218114
48.72279260780287,-130.40034086328768
48.72553045859001,-132.16751995792285
48.72826830937714,-133.98730296993872
48.73100616016427,-135.86139685751058
48.733744010951405,-137.79154251961776
48.73648186173853,-139.77951176891455
48.73921971252567,-141.82710364210084
48.7419575633128,-143.9361399842816
48.74469541409993,-146.1084601973193
48.747433264887064,-148.34591506279023
48.7501711156742,-150.65035953101358
48.75290896646133,-153.0236443500485
48.75564681724846,-155.4676064125138
48.75838466803559,-157.9840576896338
48.761122518822724,-160.57477258639707
48.76386036960986,-163.2414735907614
48.766598220396986,-165.98581502888214
48.76933607118412,-168.80936477153782
48.772073921971256,-171.71358372085743
48.77481177275838,-174.6998028872504
48.77754962354552,-177.76919789508386
48.780287474332646,-180.92276074936066
48.78302532511978,-184.16126868734833
48.785763175906915,-187.48524999933764
48.78850102669404,-190.89494667709405
48.79123887748118,-194.39027381995888
48.79397672826831,-197.97077576258434
48.79671457905544,-201.63557892732092
48.799452429842574,-205.383341502931
48.80219028062971,-209.21220012810312
48.80492813141684,-213.1197138442247
48.80766598220397,-217.1028057361793
48.8104038329911,-221.1577028078297
48.813141683778234,-225.2798747829923
48.81587953456537,-229.46397275277812
48.818617385352496,-233.70376873082694
48.82135523613963,-237.99209744121083
48.824093086926766,-242.32080186998678
48.82683093771389,-246.68068432233264
48.82956878850103,-251.0614649819324
48.832306639288156,-255.45175015939517
48.83504449007529,-259.83901256805
48.837782340862425,-264.2095861499472
48.84052019164955,-268.5486779696822
48.84325804243669,-272.8403997266918
48.84599589322382,-277.06782129704794
48.84873374401095,-281.213048445002
48.851471594798085,-285.2573265043689
48.85420944558521,-289.1811712802986
48.85694729637235,-292.96452771263336
48.85968514715948,-296.58695607879577
48.86242299794661,-300.02784447259205
48.865160848733744,-303.2666452945707
48.86789869952088,-306.28313233964553
48.87063655030801,-309.0576738992976
48.87337440109514,-311.5715162601449
48.876112251882276,-313.8070709811543
48.878850102669404,-315.74819854567977
48.88158795345654,-317.3804805056664
48.884325804243666,-318.6914720246867
48.8870636550308,-319.6709268594735
48.889801505817935,-320.310987444576
48.89253935660506,-320.6063335797238
48.8952772073922,-320.55428455903314
48.89801505817933,-320.15485111923374
48.90075290896646,-319.4107353133765
48.903490759753595,-318.32727834119356
48.90622861054072,-316.91235820632517
48.90896646132786,-315.1762408110557
48.91170431211499,-313.1313897220774
48.91444216290212,-310.79224102524654
48.917180013689254,-308.1749506827587
48.91991786447639,-305.29712232281173
48.92265571526352,-302.17752353594045
48.92539356605065,-298.8357986006539
48.92813141683778,-295.2921850213267
48.930869267624914,-291.56724046090426
48.93360711841205,-287.681585749925
48.936344969199176,-283.6556684823814
48.93908281998631,-279.5095506379486
48.941820670773446,-275.2627225114106
48.94455852156057,-270.9339441499373
48.94729637234771,-266.541114577153
48.95003422313484,-262.1011682310987
48.95277207392197,-257.62999734655347
48.955509924709105,-253.14239851906552
48.95824777549623,-248.6520412861704
48.96098562628337,-244.17145629460683
48.9637234770705,-239.71204056021458
48.96646132785763,-235.28407723059905
48.969199178644764,-230.89676738771277
48.9719370294319,-226.5582715280615
48.97467488021903,-222.27575851992296
48.97741273100616,-218.05546007460347
48.98015058179329,-213.9027289737809
48.982888432580424,-209.82209950413005
48.98562628336756,-205.81734882548986
48.988364134154686,-201.89155814988365
48.99110198494182,-198.04717286319902
48.993839835728956,-194.2860608772783
48.99657768651608,-190.60956865349922
48.99931553730322,-187.01857450963183
49.002053388090346,-183.51353892979398
49.00479123887748,-180.09455168371613
49.007529089664615,-176.7613756949892
49.01026694045174,-173.51348761225492
49.01300479123888,-170.35011514209157
49.01574264202601,-167.2702712224067
49.01848049281314,-164.27278514583543
49.021218343600275,-161.35633078371978
49.02395619438741,-158.51945207140423
49.02669404517454,-155.76058591053297
49.02943189596167,-153.07808267613657
49.0321697467488,-150.47022450283544
49.034907597535934,-147.93524151024866
49.03764544832307,-145.4713261577452
49.040383299110196,-143.07664586994173
49.04312114989733,-140.74935410168843
49.045859000684466,-138.4875999859495
49.04859685147159,-136.28953669389915
49.05133470225873,-134.15332864413622
49.054072553045856,-132.07715767788085
49.05681040383299,-130.05922829884238
49.059548254620125,-128.09777209575128
49.06228610540725,-126.19105142047488
49.06502395619439,-124.33736241603256
49.06776180698152,-122.53503747102869
49.07049965776865,-120.78244715956305
49.073237508555785,-119.07800173625235
49.07597535934291,-117.42015224346831
49.07871321013005,-115.80739126943591
49.08145106091718,-114.23825341866556
49.08418891170431,-112.7113155170868
49.086926762491444,-111.22519660147915
49.08966461327858,-109.77855771895662
49.09240246406571,-108.37010156235799
49.09514031485284,-106.99857197126633
49.097878165639976,-105.66275332088564
49.100616016427104,-104.36146981167897
49.10335386721424,-103.09358468370118
49.106091718001366,-101.85799937091124
49.1088295687885,-100.6536525994736
