s,x,y,theta,curvature
0.0,9.408568938328,247.6684320917733,2.2386333090345834,-0.28582952655645255
102.47550218666377,9.287546401584503,247.8310490139094,2.1834535536285467,-0.2588276266294988
207.7547244423722,9.17234294369743,248.00436935307317,2.1322862790039956,-0.2332318075936193
316.01882153647153,9.06283204974297,248.1881381150825,2.084977640381236,-0.20945724927581322
427.411967123171,8.958887204797328,248.38210030575542,2.041323652549107,-0.18770883796530752
542.0452706621497,8.86038189393669,248.58600093090973,2.0010914854316435,-0.1680378473046447
660.0005380938427,8.767189602237252,248.79958499636345,1.9640356986876273,-0.15039172053730798
781.3337678768464,8.679183814775207,249.02259750793436,1.9299099317579163,-0.13465367980199672
906.0783276890977,8.596238016626753,249.25478347144056,1.8984748436370225,-0.12067202419847285
1034.2477942138266,8.518225692868079,249.49588789269978,1.8695031396100474,-0.1082805119187701
1165.8384622729445,8.44502032857538,249.74565577753006,1.8427824411615166,-0.0973117226218008
1300.8315435897973,8.376495408824855,250.00383213174928,1.8181166245252327,-0.0876052413943719
1439.1950826555214,8.312524418692693,250.27016196117546,1.7953261158248075,-0.07901221294185808
1580.8856198794674,8.252980843255092,250.54439027162633,1.7742475074641744,-0.07139746409527235
1725.8496321319,8.197738167588243,250.82626206891996,1.7547327590637736,-0.06464007050077386
1874.0247791187937,8.146669876768339,251.1155223588742,1.7366481673782157,-0.05863298091520565
2025.3409815469054,8.09964945587158,251.411916147307,1.719873230618351,-0.05328211347822878
2179.7213542385953,8.056550389974158,251.7151884400363,1.704299489728698,-0.04850519444604775
2337.083014539132,8.017246164152265,252.02508424287996,1.689829398776228,-0.04423050952668639
2497.3377836927993,7.9816102634820965,252.34134856165593,1.6763752555250893,-0.040395670001171564
2660.392796432589,7.949516173039846,252.66372640218214,1.6638582089654026,-0.03694645100381783
2826.1510318644,7.920837377901711,252.99196277027664,1.6522073510865138,-0.03383573057593483
2994.511776832692,7.895447363143881,253.32580267175706,1.6413588940897457,-0.03102254021740382
3165.3710313157585,7.8732196138425525,253.6649911124415,1.6312554304720333,-0.028471226975598157
3338.621863992177,7.854027615073917,254.00927309814784,1.6218452712295828,-0.026150721104129956
3514.1547249193673,7.837744851914173,254.35839363469404,1.6130818563018852,-0.02403390028625626
3691.8577212443256,7.82424480943951,254.71209772789794,1.6049232309339276,-0.022097040213723416
3871.616861000705,7.813400972726127,255.07013038357755,1.597331581626225,-0.02031934119856294
4053.316269313103,7.805086826850216,255.43223660755075,1.5902728255973066,-0.018682520995268615
4236.838380708911,7.79917585688797,255.7981614056355,1.5837162480871747,-0.01717046482276448
4422.064110713146,7.795541547915587,256.16764978364967,1.5776341823078652,-0.01576892451445844
4608.873009457575,7.794057385009259,256.54044674741124,1.5720017273503046,-0.014465259680484503
4797.1433996596725,7.794596853245178,256.916297302738,1.5667964998552042,-0.013248214677012262
4986.752501008734,7.797033437699539,257.2949464554479,1.5619984157320888,-0.012107726011414065
5177.576542727075,7.801240623448538,257.676139211359,1.5575894986551684,-0.011034755555742844
5369.490865846019,7.807091895568369,258.05962057628915,1.5535537124734762,-0.010021145591915382
5562.370016543079,7.814460739135222,258.44513555605613,1.549876815044673,-0.009059492273855553
5756.087831723214,7.8232206392252985,258.8324291564781,1.5465462313385205,-0.008143034571368212
5950.517517888764,7.833245080914787,259.2212463833728,1.5435509439597863,-0.007265556165679642
6145.531724226227,7.844407549279885,259.61133224255826,1.5408813995145163,-0.006421298105534014
6341.002610740208,7.856581529396784,260.0024317398523,1.5385294294918122,-0.005604880313131746
6536.801912183399,7.869640506341681,260.39428988107295,1.5364881845591123,-0.004811230257863296
6732.800998464154,7.883457965190769,260.7866516720381,1.5347520813762672,-0.004035517298564383
6928.870932158579,7.8979073910202375,261.1792621185655,1.5333167612259608,-0.0032730913366685217
7124.8825237107385,7.912862268906289,261.57186622647333,1.5321790599388998,-0.002519424526851541
7320.706384871608,7.928196083925112,261.9642090015794,1.5313369887650796,-0.0017700548611596673
7516.212980904081,7.943782321152904,262.3560354497015,1.5307897260109107,-0.0010205304787110913
7711.272682067135,7.959494465665856,262.7470905766578,1.5305376194294942,-0.0002663535562700226
7905.755814887067,7.975206002540161,263.13711938826594,1.5305821995216098,0.0004970773954452191
8099.53271372739,7.990790416852021,263.5258668903441,1.5309262040818084,0.0012745280709687442
8292.473773181935,8.006121193677624,263.9130780887101,1.5315736145116383,0.0020709930912841475
8484.449501838288,8.021071818093164,264.29849798918184,1.5325297046250377,0.0028917664029168484
8675.330577991846,8.035515775174837,264.6818715975772,1.533801102894573,0.0037425190514810843
8864.987907935454,8.049326549998836,265.06294391971414,1.5353958693374066,0.0046293862874928465
9053.292687507363,8.062377627641355,265.44145996141066,1.5373235885236065,0.005559066296362619
9240.116467652982,8.07454249317859,265.81716472848456,1.5395954805147936,0.00653893326726837
9425.331224845995,8.085694631686735,266.18980322675384,1.5422245319177637,0.007577168047398454
9608.809437324857,8.09570752824198,266.55912046203633,1.5452256496771188,0.00868291029481166
9790.424168235464,8.104454667920526,266.9248614401501,1.5486158407467348,0.009866436877987704
9970.049156934343,8.111809535798566,267.286771166913,1.552414421388524,0.01113937231515698
10147.558919905252,8.117645616952288,267.64459464814286,1.5566432605680336,0.012514938355224683
10322.828862982824,8.121836396457894,267.99807688965774,1.5613270627734612,0.014008251442418185
10495.735406869098,8.12425535939157,268.3469628972754,1.566493696605699,0.015636678864550262
10666.15612828401,8.124775990829516,268.6909976768138,1.57217457670521,0.017420266968170155
10833.969919523635,8.123271775847924,269.029926234091,1.5784051080358517,0.019382258068319735
10999.0571697284,8.119616199522989,269.36349357492486,1.585225203281207,0.021549716754160123
11161.299971810358,8.113682746930907,269.6914447051332,1.5926798861763785,0.023954291399969692
11320.58235978309,8.105344903147866,270.01352463053405,1.6008199960529035,0.02663314308008194
11476.7905822159,8.094476153250069,270.32947835694534,1.609703011773057,0.02963008204096329
11629.813418742207,8.080949982313705,270.6390508901848,1.6193940166234058,0.03299696171436051
11779.542548048112,8.064639875414967,270.94198723607064,1.629966829659229,0.03679539226430126
11925.872977624655,8.045419317630053,271.2380324004205,1.6415053334339638,0.041098850066100166
12068.703547878413,8.023161794035152,271.52693138905244,1.6541050329245377,0.045995276301862044
12207.937526074782,7.997740789706463,271.8084292077844,1.6678748855425085,0.05159027648914523
12343.483309179204,7.969029789720179,272.0822708624343,1.6829394469153625,0.058011051657413236
12475.255259136875,7.936902279152494,272.34820135882,1.6994413807087343,0.06541120748279727
12603.174699696863,7.901231743079602,272.6059657027595,1.7175443814842424,0.0739765927715077
12727.171110775675,7.861891666577695,272.8553089000706,1.7374365545902282,0.08393229952698049
12847.183564813668,7.818755534722971,273.0959759565713,1.759334281554417,0.0955508884053341
12963.162459823978,7.771696832591621,273.32771187807947,1.7834865654772625,0.10916174142491356
13075.071615976864,7.720589045259842,273.55026167041314,1.810179785786753,0.1251611126188027
13182.890816444098,7.6653056578038266,273.7633703393901,1.8397426754578954,0.14402182180886453
13286.618888131103,7.60572015529977,273.96678289082837,1.8725511361786538,0.16630041985486368
13386.277432066141,7.541706022823864,274.1602443305458,1.9090321843232456,0.19263775741321087
13481.915322908175,7.473136745452308,274.3434996643604,1.9496658149156545,0.2237458442647053
13573.614095386154,7.39988580826129,274.51629389809,1.994982815961077,0.2603693503275365
13661.494310594731,7.321826696327004,274.67837203755244,2.045555513028703,0.3032041098883542
13745.722928015532,7.2388328947256495,274.82947908856585,2.101977108912348,0.35274881963516935
13826.521572851996,7.150777888533418,274.96936005694806,2.164823962236546,0.40906392385371576
13904.175350331143,7.057535162826503,275.0977599485169,2.234594531098904,0.47142277961241774
13979.041493443008,6.9589782026811005,275.2144237690904,2.311620221827163,0.5378800326149523
14051.556648345444,6.854980493173405,275.3190965244865,2.395949196774988,0.6048659166182982
14122.24109593852,6.745415519379607,275.411523220523,2.4872163274670678,0.6670347810169438
14191.697901367643,6.6301567663759045,275.4914488630179,2.584530218513621,0.717680902788078
14260.60520813915,6.50907771923849,275.5586184577891,2.6864243764402977,0.7499394876180475
14329.700929247852,6.382051863043556,275.6127770106546,2.7909196409088284,0.7586023798256258
14399.76086323051,6.248952682867302,275.65366952743216,2.895715733734514,0.7418425824783683
14471.573162228839,6.109653663785917,275.68104101393976,2.9984763717487515,0.7019289353398886
14545.91317758938,5.964028290875596,275.6946364759954,3.097125448171079,0.6444855143033268
14623.522414089693,5.811950049212537,275.694200919417,-3.0931194417592267,0.5767159647381809
14705.093848515393,5.653292423872928,275.67947935002235,-3.0069129189699972,0.5055279245587051
14791.264031411209,5.487928899932968,275.6502167736295,-2.927920066026397,0.4363027052018069
14882.578782377053,5.315737646600104,275.6061674094224,-2.856552000252609,0.3604638712041295
14979.066128936347,5.1368858433191456,275.54765393997866,-2.7968126413915044,0.2789518323932315
15080.48289709565,4.951993274751838,275.4758892914177,-2.747916340850867,0.21743315668052793
15186.478704269566,4.761719206669838,275.39216404650523,-2.707833776312512,0.17059130300135175
15296.625268332322,4.566722904844805,275.29776878800686,-2.674982023419234,0.13441035503963827
15410.437256462394,4.367663635048396,275.1939940986883,-2.6481419224561185,0.10595146995924604
15527.387256776437,4.165200663052273,275.0821305613151,-2.6263818441838573,0.0830811632585924
15646.916698195757,3.959993254628097,274.96346875865305,-2.6089957006741678,0.0642406653981274
15768.443982296965,3.752700675547521,274.83929927346776,-2.5954555319742254,0.04827087184180368
15891.370701702122,3.543982191582209,274.7109126885249,-2.5853766547139427,0.03428450411504615
16015.086558985677,3.3344970685038158,274.57959958659,-2.5784930475254235,0.021572766374090224
16138.973430095659,3.1249045720840045,274.44665055042884,-2.5746410407595532,0.009534999133650685
16262.408909724236,2.9158639680944325,274.313356162807,-2.573749959987988,-0.0023780306949037597
16384.76961550008,2.7080345223067583,274.18100700649023,-2.5758389765781313,-0.014714991241876777
16505.434503679506,2.502075500492644,274.05089366424414,-2.581020020153621,-0.02807622259211343
16623.788458006322,2.298646168423745,273.9243067188343,-2.5895072442909925,-0.04317523604217981
16739.226458629237,2.098405791871722,273.80253675302646,-2.601634277553995,-0.060919571233045186
16851.158729784558,1.9020136366082356,273.6868743495863,-2.6178814292894153,-0.08252544608035682
16959.01742401417,1.7101289684049414,273.57861009127936,-2.6389162611719867,-0.10968803061992213
17062.26566340957,1.5234110530335023,273.47903456087136,-2.6656525697824893,-0.1448407166144485
17160.410185965182,1.3425191562655778,273.38943834112797,-2.6993347923191364,-0.19155248826312218
17253.01953604876,1.1681125438728222,273.3111120148148,-2.741656523519598,-0.2551265722102378
17339.750837443997,1.0008504816268968,273.2453461646975,-2.7949208157206957,-0.3434473731070844
17420.38986202825,0.8413922352994618,273.1934313735418,-2.862238738367994,-0.4679727816805012
17494.911366584365,0.6903970706621763,273.1566582241133,-2.9477206865350887,-0.6441691986827035
17563.56867105968,0.5485242534866984,273.1363172991776,-3.0564937115320134,-0.8888762935116838
17627.084682152174,0.4164084904668626,273.13365927109953,3.090966267060756,-1.147403236929821
17686.933364371725,0.29415919021685016,273.1490811622366,2.9373480738784763,-1.3355383614162823
17744.797042937593,0.1813815445010942,273.1821606035681,2.7732224407500263,-1.4360063216331382
17802.37915811833,0.07766040446971535,273.2324421710021,2.6076228012251867,-1.41284868921942
17861.263034718806,-0.017419378727165903,273.2994704404465,2.4500970460632754,-1.2779155150932502
17922.798126742633,-0.10427295393942933,273.3827899878092,2.3078114970115218,-1.0802162157730824
17988.048158783444,-0.18331547001695442,273.4819453889982,2.1842181926483346,-0.8715070247708047
18057.797513558675,-0.25496207580962094,273.59648121992143,2.079570952235456,-0.6841385346151976
18132.590671798822,-0.31962792016730784,273.72594205648676,1.9922305739210775,-0.5301474988234985
18212.78105567949,-0.37772815193989534,273.8698724746021,1.919812038760199,-0.4093722246622741
18298.576056691476,-0.4296779199772632,274.0278170501757,1.859874151346954,-0.3167154822521963
18390.073618095164,-0.47589237312929006,274.1993203591152,1.810232579719174,-0.24614875250865756
18487.29019739528,-0.516786660245856,274.38392697732854,1.7690540428536883,-0.1923304477285997
18590.181543956667,-0.55277593017684,274.5811814807237,1.7348481031459375,-0.15101981972346962
18698.65798001463,-0.5842753317721233,274.7906284452088,1.7064211130363067,-0.11901332657132403
18812.59563981033,-0.6117000138815841,275.01181244669164,1.6828225701036115,-0.09394417286463476
18931.844786814152,-0.6354651253551027,275.2442780610801,1.6632959733822177,-0.0740775544488361
19056.236029317744,-0.6559858150425579,275.4875698642822,1.6472378144179445,-0.058141859936222645
19185.585022130952,-0.6736772317938299,275.7412324322059,1.6341648221571148,-0.04520071449278823
19319.69607233078,-0.6889545244587978,276.0048103407591,1.6236883523045442,-0.0345596115484328
19458.364946417558,-0.7022328418873416,276.2778481658498,1.615494554494154,-0.025698931828381146
19601.38109154314,-0.7139273329293404,276.55989048338574,1.6093290606091337,-0.01822617534769441
19748.52942414529,-0.7244531464346737,276.85048186927514,1.60498515454929,-0.011841883552965195
19899.59179765501,-0.7342254312532219,277.14916689942584,1.6022946043711148,-0.006315230889091051
20054.34823152793,-0.7436593362348639,277.4554901497457,1.6011205271160547,-0.0014664347328005559
20212.577962946914,-0.7531700102294793,277.7689961961427,1.6013518079196922,0.002846014354024315
20374.060367581347,-0.7631726020869479,278.0892296145249,1.6028987115901223,0.006734697073637494
20538.57578500359,-0.7740822606571491,278.41573498080015,1.6056894130588768,0.010290159406627917
20705.906276538193,-0.7863141347899625,278.74805687087627,1.6096672392268503,0.013586039892342614
20875.836337609013,-0.8002833733352679,279.0857398606614,1.6147884640731671,0.01668291212486587
21048.153582462888,-0.8164051251429447,279.42832852606335,1.6210205356649687,0.01963118415448596
21222.649416067547,-0.8350945390628721,279.77536744299016,1.628340641094122,0.022473298432017015
21399.119705707195,-0.8567667639449301,280.1264011873496,1.6367345357547174,0.025245406889767535
21577.365463113973,-0.8818369486389984,280.4809743350499,1.6461955785208247,0.027978646715522075
21757.19354671547,-0.9107202419949562,280.8386314619987,1.6567239255780342,0.030700107201081007
21938.41739262407,-0.9438317928626835,281.19891714410414,1.6683258438516175,0.033433552533661544
22120.857782244035,-0.9815867500920592,281.56137595727415,1.681013110855231,0.03619994666866762
22304.343653744185,-1.0244002625329633,281.92555247741655,1.6948024718743158,0.03901781250600283
22488.712964063532,-1.0726874790352758,282.29099128043936,1.7097151280897709,0.04190344715213091
22673.81360751343,-1.1268635484488738,282.6572369422505,1.7257762308492197,0.04487100720160002
22859.504396341796,-1.1873436196236407,283.0238340387579,1.7430143580658055,0.04793247216557499
23045.656107757473,-1.2545428414094537,283.3903271458696,1.7614609489096917,0.051097490124327585
23232.152600795816,-1.3288763626561935,283.75626083949345,1.7811496728051681,0.05437310731618054
23418.892004952933,-1.4107593322137384,284.1211796955374,1.8021157085398414,0.05776338281572599
23605.78798063374,-1.5006068989319692,284.4846282899094,1.8243949093724896,0.06126889098124221
23792.771151634985,-1.598834195545114,284.8461512069106,1.8480201645548158,0.06461975945357579
23979.825193006036,-1.7057329798597058,285.2053572854501,1.871992956410417,0.06331168141608877
24166.96336335178,-1.8211744104257046,285.5620744157543,1.8954888928216547,0.062023967454931196
24354.192832541874,-1.9449400956936957,285.9161771264277,1.9185177309706671,0.0607632513285669
24541.51494507176,-2.076811644114267,286.26753994607503,1.9410907862236229,0.059535387138610056
24728.925484146384,-2.216570664138007,286.61603740330065,1.9632207464878562,0.05834550341332789
24916.414934724628,-2.3639987642154994,286.9615440267093,1.9849215006129366,0.05719806341589643
25103.96874404127,-2.5188775527973335,287.3039343449054,2.0062079817421092,0.05609692925451492
25291.567578384413,-2.6809886383340946,287.6430828864935,2.0270960260820727,0.05504542779894911
25479.187575147746,-2.8501136292763705,287.97886418007835,2.0476022472017665,0.05404641681477644
25666.800589397088,-3.0260341340747474,288.3111527542643,2.0677439256891352,0.05310235009972153
25854.374434389283,-3.2085317611798145,288.63982313765604,2.0875389137814286,0.05221534073867035
26041.87311565914,-3.397388119042155,288.96474985885817,2.107005554431325,0.05138722188221208
26229.257058447427,-3.5923848161123573,289.28580744647513,2.1261626141696803,0.05061960469805288
26416.48332838168,-3.7933034608410092,289.6028704291115,2.145029229067816,0.04991393334777951
26603.505845442898,-3.999925661678697,289.9158133353718,2.1636248630803854,0.04927153700703526
26790.275591357382,-4.212033027076006,290.22451069386074,2.181969278057133,0.04869367907981686
26976.74081064535,-4.429407165483526,290.5288370331828,2.200082514742213,0.04818160386221389
27162.847205638922,-4.65182968535184,290.8286668819426,2.2179848841280245,0.0477365809923713
27348.538125852978,-4.879082195131534,291.12387476874466,2.2356969685923427,0.047359948086380894
27533.754752155517,-5.110946303273204,291.4143352221934,2.253239632319361,0.04705315200841001
27718.436276240867,-5.3472036182274305,291.6999227708937,2.2706340405841527,0.046817789261400226
27902.520075961304,-5.5876357484448,291.98051194344976,2.2879016875637945,0.04665564601534578
28085.94188712188,-5.8320243023759,292.25597726846644,2.305064432425123,0.046568738316208946
28268.63597239107,-6.080150888471319,292.5261932745481,2.322144543527474,0.04655935304216662
28450.53528802763,-6.331797115181643,292.7910344902994,2.3391647506676945,0.04663009019683217
28631.57164917362,-6.586744590957455,293.0503754443249,2.3561483053833263,0.04678390715258619
28811.67589451572,-6.8447749242493465,293.3040906652292,2.3731190494173915,0.04702416548189934
28990.77805117392,-7.105669723507904,293.5520546816167,2.390101491533819,0.04735468104069399
29168.807500739218,-7.369210597183713,293.7941420220921,2.4071208929553958,0.047779777994872395
29345.693147452173,-7.63517915372736,294.0302272152599,2.4242033617749086,0.048304347507848
29521.36358959309,-7.903357001589433,294.2601847897248,2.441375956763369,0.04893391183094801
29695.747295244495,-8.17352574922052,294.48388927409127,2.4586668010645276,0.04967469455628533
29868.77278368866,-8.445467005071205,294.70121519696374,2.4761052063192714,0.050533697797749605
30040.36881381932,-8.718962377592074,294.91203708694695,2.493721807802572,0.0515187870524087
30210.464581079745,-8.99379347523372,295.11622947264544,2.5115487111736794,0.052638784450977465
30378.989924590274,-9.269741906446724,295.3136668826637,2.5296196514292273,0.05390357101699953
30545.875546300547,-9.546589279681676,295.50422384560636,2.5479701645982704,0.05532419839928389
30711.05324419636,-9.824117203389157,295.6877748900779,2.5666377726139644,0.05691301029273694
30874.45616181109,-10.102107286019766,295.86419454468296,2.5856621816199925,0.05868377338097233
31036.019056539088,-10.380341136024077,296.033357338026,2.6050854936966754,0.0606518170690132
31195.67858952474,-10.658600361852683,296.19513779871176,2.6249524315903945,0.06283418045840852
31353.373640207938,-10.936666571956172,296.3494104553447,2.6453105754597686,0.06524976386131207
31509.045648944055,-11.21432137478513,296.4960498365294,2.6662106098609706,0.06791948053907217
31662.638991483567,-11.491346378790139,296.6349304708703,2.687706578116771,0.07086640213674988
31814.101389489075,-11.767523192421784,296.76592688697207,2.7098561397670453,0.07411588828154096
31963.38436167946,-12.042633424130665,296.88891361343934,2.7327208248811616,0.07769568679133812
32110.44372061004,-12.316458682367362,297.0037651788766,2.7563662765021673,0.08163598562683333
32255.240120506034,-12.588780575582462,297.11035611188834,2.780862469244603,0.0859693908064301
32397.739661936823,-12.85938071222655,297.20856094107927,2.8062838879174596,0.09073079566033346
32537.914559410874,-13.128040700750216,297.29825419505386,2.8327096448140305,0.0959570957276325
32675.743878129644,-13.394542149604042,297.37931040241665,2.860223507825828,0.10168669010590693
32811.214346086774,-13.65866666723862,297.4516040917723,2.888913803653462,0.10795869420504228
32944.32124733285,-13.92019586210453,297.5150097917252,2.9188731510362387,0.11481177117123449
33075.06940141125,-14.17891134265237,297.5694020308802,2.9501979681903374,0.12228247109062207
33203.47423253501,-14.434594717332716,297.61465533784155,2.982987686884732,0.13040295111936115
33329.5629298068,-14.687027594596163,297.650644241214,3.017343593571158,0.13919794052364134
33453.37569643542,-14.935991582893292,297.67724326960206,3.0533672071294222,0.14868081952119888
33574.96708119675,-15.18126829067469,297.69432695161026,3.091158095384684,0.15884871038444323
33694.40737904826,-15.422639326390952,297.70176981584325,3.1308110320280287,0.16967654760926248
33811.78407959929,-15.659886298492655,297.6994463909055,-3.1107729005099864,0.18111021782703834
33927.20333194912,-15.892790815430388,297.68723120540164,-3.0671494776899535,0.19305905596907522
34040.79138233472,-16.12113448565474,297.6649987879361,-3.0214483820579803,0.20538826185686418
34152.69592754377,-16.3446989176163,297.63262366711365,-2.973637912830616,0.21791215381503154
34263.08731311235,-16.563265719765653,297.5899803715388,-2.923716766600577,0.2303895649583636
34372.1594925424,-16.77661650055338,297.53694342981595,-2.871720698670168,0.24252302994288305
34480.1306544145,-16.984532868430072,297.47338737054974,-2.817728854656533,0.25396356972311496
34587.243421158426,-17.18679643184632,297.39918672234484,-2.761869090957203,0.26432268594947583
34693.76452936471,-17.38318879925271,297.3142160138057,-2.704321485188726,0.27319246182292295
34799.983919364,-17.573491579099827,297.218349773537,-2.6453192162985095,0.28017336365601003
34906.21319247236,-17.757486379838255,297.1114625301431,-2.5851461157024143,0.28490757194597033
35012.78343663411,-17.934954809918576,296.9934288122288,-2.5241304811940037,0.28711382212193254
35120.04247123004,-18.105678477791393,296.86412314839845,-2.4626351892823934,0.2866183921813647
35228.351613000224,-18.269438991907283,296.7234200672567,-2.4010446722154417,0.2833766458833532
35338.08210932458,-18.426017960716827,296.57119409740807,-2.339749832726336,0.2774807695016435
35449.58914574394,-18.57527575546424,296.4074063863342,-2.280738052373244,0.25458753801008005
35563.1634998457,-18.7174161845931,296.2323957743723,-2.22598385988786,0.23119697718952117
35679.035698079024,-18.8527366402916,296.0466040199829,-2.1754719162875893,0.2085262004645631
35797.38088220286,-18.981534516789193,295.85047288387096,-2.1290907711456195,0.18708738149709633
35918.32414428092,-19.104107208315305,295.6444441267414,-2.0866638027995092,0.1671810653738785
36041.94594662362,-19.2207521090994,295.42895950929943,-2.0479741346423674,0.14894411064534893
36168.287357083645,-19.33176661337091,295.20446079224996,-2.0127842433132646,0.13239616372057325
36297.35493457039,-19.437448115359285,294.97138973629814,-1.980850493513455,0.11747910076735592
36429.12517916551,-19.538094009293967,294.73018810214904,-1.9519333184077066,0.10408767894472577
36563.54851702174,-19.634001689404393,294.4812976505076,-1.9258039234880513,0.09209180533375902
36700.552826471314,-19.72546854992002,294.22516014207883,-1.9022483620204553,0.08135179507164518
36840.04653330707,-19.812791985070284,293.962217337568,-1.8810697115782562,0.07172822542656303
36981.92131441872,-19.896269389084633,293.69291099768003,-1.8620889356739079,0.06308786121333496
37126.05445337625,-19.97619815619251,293.41768288311994,-1.8451448752111916,0.05530685549946434
37272.310891741814,-20.052875680623355,293.1369747545928,-1.830093695751193,0.04827213944352646
37420.54501766449,-20.12659935660662,292.8512283728037,-1.8168080221297198,0.04188166056175944
37570.60222986496,-20.19766657837174,292.5608854984576,-1.8051759202324873,0.03604392655915564
37722.320311209354,-20.26637474014817,292.2663878922596,-1.7950998330952888,0.030677160870438338
37875.53064215927,-20.333021236165344,291.9681773149148,-1.7864955409137906,0.025708267975431475
38030.05928072682,-20.397903460652707,291.6666955271282,-1.7792911883536586,0.021071731638364437
38185.7279322893,-20.46131880783971,291.36238428960473,-1.7734264047190254,0.016708518657846932
38342.35482978168,-20.523564671955796,291.0556853630497,-1.7688515307039885,0.012565027405506746
38499.755542394254,-20.584938447230403,290.7470405081679,-1.7655269578410855,0.00859209902541465
38657.74372894227,-20.645737527892983,290.43689148566466,-1.7634225820681153,0.00474409580036404
38816.131850517784,-20.70625930817297,290.1256800562448,-1.762517370117587,0.0009780431646974404
38974.73185585228,-20.766801182299822,289.8138479806134,-1.762799036015427,-0.00274717267754958
39133.355851984474,-20.827660544502965,289.50183701947554,-1.7642638243709503,-0.006471561791952713
39291.81677231889,-20.88913478901186,289.19008893353623,-1.7669163969914463,-0.010234753148978242
39449.92905395864,-20.95152131005594,288.87904548350065,-1.7707698193873536,-0.014076693346178648
39607.509336289644,-21.01511750186466,288.56914843007365,-1.7758456437179269,-0.018038330505245996
39764.377193175525,-21.080220758667455,288.26083953396045,-1.7821740844460656,-0.022162290027508684
39920.355911790444,-21.14712847469377,287.95456055586607,-1.789794282193236,-0.026493545236808972
40075.27333206925,-21.216138044173046,287.6507532564954,-1.7987546497374416,-0.031080080567141923
40228.96276198913,-21.287546861334746,287.34985939655377,-1.8091132914336563,-0.03597353714252337
40381.26398540608,-21.361652320408286,287.05232073674597,-1.8209384831083537,-0.04122981931603548
40532.02438093192,-21.43875181562313,286.7585790377772,-1.834309193100877,-0.04690962457347221
40681.10017231029,-21.519142741208718,286.4690760603524,-1.8493156158334176,-0.053078836313603064
40828.357832850255,-21.603122491394497,286.18425356517673,-1.8660596761223553,-0.05980868707810481
40973.67566856329,-21.690988460409898,285.90455331295516,-1.8846554442115877,-0.06717555612866927
41116.94560649237,-21.783038042484385,285.63041706439276,-1.9052293768370672,-0.07526020710675753
41258.075215960074,-21.87956863184738,285.36228658019456,-1.927920267064589,-0.0841461968177499
41396.989990553324,-21.980877622728343,285.10060362106566,-1.9528787439080757,-0.09391709516148308
41533.635916817235,-22.08726240935672,284.8458099477111,-1.9802661112700537,-0.10465205414943428
41667.98235074851,-22.199020385961944,284.5983473208359,-2.010252255626754,-0.11641916576933208
41800.025213787885,-22.31644894677346,284.35865750114505,-2.043012287336326,-0.1292659857539107
41929.79050425468,-22.439845486020715,284.1271822493437,-2.0787215210931933,-0.14320663011943827
42057.33809588812,-22.569507397933155,283.9043633261369,-2.117548364789375,-0.15820506462365627
42182.76576017621,-22.705732076740226,283.69064249222964,-2.1596447021273595,-0.17415473055400946
42306.21330182899,-22.848816916671367,283.48646150832695,-2.205133465085354,-0.19085562733998288
42427.86663699815,-22.99905931195603,283.292262135134,-2.2540933505899434,-0.20799150663485239
42547.96157455971,-23.15675665682365,283.1084861333557,-2.306541093333604,-0.22511186883320028
42666.76090217628,-23.322157157553686,282.93554035657075,-2.361161838703571,-0.224126921296783
42784.4165530606,-23.49476875830331,282.7733063178334,-2.412646255119142,-0.21032795675137006
42900.994647233485,-23.673527358929935,282.62125956852043,-2.4603223406595713,-0.19584895389962495
43016.48972168696,-23.85735401732503,282.4788651271372,-2.504154721959687,-0.18108787455094835
43130.831454806364,-24.045169791380047,282.3455880121889,-2.544162248479782,-0.1663197303227215
43243.8915147768,-24.23589573898645,282.22089324218047,-2.58039754870228,-0.15170092861981577
43355.49026335997,-24.4284529180357,282.1042458356171,-2.612928373014772,-0.13727821577132335
43465.40314738583,-24.621762386419245,281.9951108110039,-2.641820930088534,-0.12299685208376093
43573.36669533398,-24.81474520202856,281.89295318684606,-2.667124842392808,-0.10870381543014679
43679.0841047915,-25.006322422755098,281.7972379816486,-2.6888589234428757,-0.09414239324683099
43782.23046167918,-25.19541510649031,281.7074302139167,-2.706996633342144,-0.07893413316320604
43882.45767973077,-25.380944311125663,281.6229949021555,-2.7214496995334727,-0.06254241519964249
43979.399296547315,-25.56183109455262,281.5433970648701,-2.732047876144564,-0.044208239115493174
44072.67532099595,-25.736996514662636,281.46810172056564,-2.738511998606837,-0.02284188349345202
44161.897410887716,-25.905361629347166,281.3965738877471,-2.7404161309047237,0.0031587510173807986
44246.67479414124,-26.06584749649768,281.3282785849199,-2.737132308998172,0.03621634906927018
44326.62157370601,-26.217375174005614,281.2626808305888,-2.7277474922860874,0.08010801922277629
44401.366455360796,-26.35886571976246,281.19924564325925,-2.7109357379826498,0.14091239047657614
44470.57085629238,-26.48924073753073,281.13743826745997,-2.684826565560071,0.22151627540824706
44534.20279169866,-26.607718906928465,281.07684695517133,-2.6515303608088163,0.2828298658199433
44592.41276200606,-26.71430670377124,281.0173861538574,-2.6122469098030794,0.36652825275429524
44645.37438058942,-26.809139719542685,280.9590237727127,-2.565428092087249,0.4825755576883435
44693.29307239731,-26.892353545726404,280.9017277209315,-2.5090341353842573,0.6457722979811711
44736.418635763344,-26.964083773806042,280.84546590770844,-2.4403887608596477,0.8776586622701905
44775.06331521208,-27.02446599526521,280.79020624223784,-2.3560495593360935,1.207762355040103
44809.62716578224,-27.073635801587542,280.7359166337143,-2.2518118181185094,1.6706434291583538
44840.63130116252,-27.111728784256638,280.68256499133196,-2.123136806898629,2.2896185873426758
44868.75472261812,-27.138880534756144,280.6301192242856,-1.9665405950381045,3.0328772881118566
44894.8588543714,-27.15522664456966,280.57854724176934,-1.7824256383537829,3.7473711310368993
44919.96934330654,-27.160902705180842,280.5278169529779,-1.5784716948560649,4.157515579648229
44945.18981878629,-27.156044308073273,280.47789626710545,-1.3700033513241656,4.049725088677219
44971.56925312937,-27.140787044730594,280.4287530933466,-1.1743865305685337,3.4906514794406904
44999.99131945261,-27.115266506636438,280.3803553408958,-1.0034926868183194,2.750901229702226
45031.132770347445,-27.07961828527441,280.3326709189474,-0.8610623528787802,2.060036392667806
45065.47999117238,-27.033977972128145,280.28566773669587,-0.7451389859173894,1.5113486760469712
45103.36925609765,-26.978481158681255,280.2393137033356,-0.6514585444087864,1.1074514706464813
45145.02704196199,-26.913263436417367,280.1935767280612,-0.5755487186279278,0.8190119106682986
45190.60194150877,-26.83846039682011,280.1484247200669,-0.5135638506327836,0.6142762612011373
45240.18764660534,-26.75420763137309,280.1038255885472,-0.4624520521238111,0.4680299574443177
45293.83889905424,-26.660640731559948,280.0597472426966,-0.41987012231252574,0.36226628796386906
45351.58245640401,-26.557895288864295,280.01615759170943,-0.3840383124293354,0.28463205851558304
45413.424662562444,-26.44610689476976,279.97302454478023,-0.3536043447933838,0.2267500806743004
45479.35673192996,-26.325411140759957,279.93031601110346,-0.32753452842151237,0.18292695206631576
45549.35848967432,-26.195943618318516,279.8879998998733,-0.30503171709901794,0.1492581390465142
45623.40105961484,-26.05783991892905,279.84604412028455,-0.28547499474647714,0.12303267965142461
45701.44882548618,-25.911235634075204,279.8044165815315,-0.268375677699202,0.10234227067314897
45783.460883341744,-25.75626635524058,279.7630851928085,-0.2533451943702298,0.08582450899484718
45869.39213238415,-25.593067673908806,279.7220178633101,-0.24007151071224833,0.07249307505934263
45959.19410518148,-25.4217751815635,279.68118250223057,-0.22830169369731756,0.06162424658736538
46052.81560743649,-25.242524469688288,279.6405470187646,-0.2178288991512692,0.052680136013546465
46150.203216752896,-25.05545112976679,279.60007932210647,-0.20848256937903448,0.04525610070564436
46251.301675710805,-24.86069075328264,279.5597473214506,-0.20012097817066843,0.039044246232901515
46356.05420479745,-24.65837893171945,279.51951892599146,-0.1926255076362712,0.03380777449737793
46464.40275390225,-24.44865125656084,279.4793620449235,-0.18589621439544196,0.02936273104178591
46576.288206238074,-24.231643319290445,279.4392445874412,-0.17984836447672536,0.02556486295951003
46691.65054507249,-24.007490711391878,279.39913446273897,-0.174409702566987,0.02230004921607093
46810.42899112802,-23.77632902434876,279.3589995800112,-0.16951828281268827,0.01947725721170992
46932.56211665827,-23.538293849644724,279.31880784845237,-0.16512073265225777,0.017023305726829092
47057.98794083283,-23.293520778763373,279.27852717725676,-0.16117085327060132,0.014878933295485295
47186.64401003593,-23.042145403188353,279.2381254756191,-0.15762848375221475,0.01299581956881153
47318.46746590666,-22.784303314403267,279.19757065273365,-0.15445857332938956,0.011334309108649257
47453.395103355935,-22.52013010389175,279.15683061779487,-0.15163041899986465,0.009861657687286593
47591.36342034071,-22.249761363137416,279.1158732799971,-0.14911703543963825,0.008550670649583168
47732.30866082272,-21.973332683623894,279.074666548535,-0.14689463142570958,0.007378637899188541
47876.16685206414,-21.69097965683481,279.03317833260286,-0.14494217252945582,0.0063264950713481935
48022.87383719632,-21.402837874253773,278.9913765413952,-0.14324101409121953,0.005378158473045744
48172.36530382639,-21.109042927364417,278.9492290841063,-0.14177459176577578,0.004519994470334703
48324.57680931075,-20.80973040765036,278.90670386993077,-0.14052815947510192,0.00374039360500608
48479.44380321512,-20.50503590659522,278.8637688080629,-0.13948856659536837,0.003029426817770618
48636.90164739323,-20.195095015682632,278.8203918076972,-0.13864406777023364,0.0023785664374964834
48796.885634044964,-19.880043326396205,278.77654077802816,-0.1379841599804035,0.0017804585574760425
48959.331002057304,-19.560016430219573,278.7321836282502,-0.13749944248390458,0.0012287364112002828
49124.17295188372,-19.235149918636353,278.6872882675577,-0.13718149602867433,0.0007178666342245459
49291.34665917934,-18.90557938313016,278.641822605145,-0.1370227783716704,0.00024302203847843414
49460.787287376996,-18.57144041518464,278.5957545502068,-0.13701653364960467,-0.00020002413551559468
49632.42999936281,-18.232868606283386,278.5490520119373,-0.13715671356097225,-0.00061498648629836
49806.209968388284,-17.88999954791003,278.50168289953103,-0.13743790865697258,-0.001005141429623219
49982.062388337385,-17.542968831548215,278.45361512218255,-0.13785528831558408,-0.001373389445917485
50159.92248345186,-17.19191204868153,278.40481658908607,-0.13840454820051504,-0.0017223076587890302
50339.72551760553,-16.83696479079363,278.35525520943617,-0.13908186419452967,-0.0020541944132767415
50521.4068032074,-16.478262649368112,278.3048988924273,-0.139883851952265,-0.00237110721030289
50704.9017098045,-16.11594121588861,278.2537155472537,-0.14080753134712148,-0.00267489510459628
50890.1456724481,-15.750136081838743,278.20167308311,-0.14185029519490952,-0.0029672264736132713
51077.074199880386,-15.380982838702147,278.1487394091907,-0.14300988172752502,-0.0032496129042020147
51265.622882593576,-15.008617077962422,278.0948824346901,-0.14428435036610476,-0.0035234298138110674
51455.72740080915,-14.633174391103225,278.04007006880255,-0.14567206040739306,-0.0037899343176139334
51647.323532421105,-14.254790369608132,277.98427022072264,-0.14717165229147403,-0.004050280767063509
51840.3471609443,-13.873600604960794,277.9274507996448,-0.14878203116524907,-0.004305534315221007
52034.73428350645,-13.489740688644828,277.8695797147635,-0.15050235249543967,-0.0045566828066623015
52230.42101892057,-13.103346212143851,277.8106248752731,-0.15233200951857037,-0.004804647242423002
52427.34361587301,-12.714552766941495,277.75055419036795,-0.15427062234428449,-0.005050291031375525
52625.43846126129,-12.323495944521373,277.6893355692426,-0.15631802855319796,-0.0052944282070954175
52824.64208871506,-11.93031133636712,277.62693692109156,-0.15847427515196516,-0.005537830762437905
53024.89118733325,-11.535134533962351,277.56332615510917,-0.16073961176681578,-0.005781235231715815
53226.122610670194,-11.138101128790687,277.49847118048984,-0.16311448497298087,-0.006025348631746718
53428.27338600375,-10.73934671233575,277.43233990642807,-0.16559953367151617,-0.00627085385747156
53631.280723918724,-10.339006876081173,277.36490024211827,-0.16819558543735877,-0.00651841461481185
53835.08202823975,-9.937217211510559,277.29612009675486,-0.17090365377328579,-0.006768679962498796
54039.61490634838,-9.534113310107546,277.22596737953234,-0.17372493621398769,-0.007022288525423191
54244.817179920516,-9.12983076335576,277.15440999964505,-0.1766608132329155,-0.007279872434331135
54450.62689612142,-8.724505162738806,277.08141586628744,-0.1797128479120637,-0.00754206104019017
54656.982339297356,-8.318272099740323,277.00695288865415,-0.1828827863415358,-0.007809484446075446
54863.822043204476,-7.911267165843925,276.9309889759393,-0.18617255872172045,-0.008082776894813898
55071.08480381784,-7.503625952533234,276.85349203733756,-0.1895842811462785,-0.008362580046737574
55278.70969276557,-7.09548405129188,276.77442998204333,-0.19312025804897223,-0.008649546178622142
55486.63607143586,-6.686977053603479,276.69377071925095,-0.1967829853017348,-0.008944341332124245
55694.80360580719,-6.278240550951654,276.61148215815496,-0.20057515395531875,-0.0092476484376985
55903.15228205548,-5.869410134820024,276.52753220794966,-0.2044996546174332,-0.009560170437999803
56111.622422995046,-5.460621396692222,276.44188877782966,-0.2085595824664972,-0.009882633433093398
56320.154705414105,-5.052009928051862,276.35451977698926,-0.2127582429020385,-0.010215789868347792
56528.690178369645,-4.643711320382567,276.265393114623,-0.21709915783535266,-0.010560421784618565
56737.17028251083,-4.235861165167966,276.17447669992526,-0.22158607262632707,-0.01091734414919486
56945.53687050495,-3.828595053891675,276.0817384420905,-0.22622296367430722,-0.011287408284922763
57153.732228645116,-3.422048578037317,275.9871462503131,-0.23101404667254385,-0.011671505413890943
57361.69909972467,-3.0163573290885184,275.8906680337876,-0.23596378553706607,-0.012070570331007856
57569.38070726912,-2.6116568985288966,275.7922717017084,-0.24107690202176638,-0.012485585221659752
57776.72078122336,-2.20808287784208,275.6919251632699,-0.24635838603198768,-0.012917583636347684
57983.66358519879,-1.8057708585116836,275.5895963276664,-0.25181350664893815,-0.013367654633687838
58190.15394539279,-1.4048564320213368,275.4852531040927,-0.2574478238767234,-0.013836947101336254
58396.13728130134,-1.0054751898546601,275.3788634017429,-0.2632672011226189,-0.014326674262170751
58601.55963835428,-0.6077627234952735,275.2703951298117,-0.2692778184192648,-0.014838118370312578
58806.36772261265,-0.21185462442680061,275.1598161974933,-0.2754861863946452,-0.01537263559816565
59010.50893767751,0.18211351586713379,275.04709451398224,-0.28189916099184226,-0.015931661111432946
59213.931423970884,0.5740061059029085,274.932197988473,-0.28852395893544164,-0.016516714323852006
59416.58410056132,0.9636875541969031,274.81509453015997,-0.2953681739349021,-0.01712940431695549
59618.416709718935,1.351022269265493,274.6957520482375,-0.30243979360691486,-0.01777143540225138
59819.3798643985,1.7358746596250554,274.5741384519002,-0.30974721708847364,-0.018444612793529207
60019.425098863256,2.118109133791968,274.4502216503424,-0.31729927329969393,-0.019150848345181368
60218.50492267722,2.497590100282605,274.32396955275857,-0.3251052397999585,-0.019892166298073957
60416.57287830977,2.8741819676133558,274.1953500683432,-0.3331748621622476,-0.020670708957135134
60613.583602612925,3.2477491443005864,274.06433110629064,-0.34151837376799643,-0.021488742203907514
60809.4928924491,3.6181560388606777,273.9308805757953,-0.35014651589789175,-0.02234866072221395
61004.257774765516,3.9852670598100026,273.79496638605167,-0.3590705579619777,-0.023252992785111164
61197.8365814296,4.348946615664951,273.6565564462542,-0.36830231767447624,-0.02420440441566946
61390.18902915913,4.709059114941887,273.51561866559734,-0.3778541809339874,-0.025205702691956103
61581.27630489974,5.065468966157196,273.3721209532755,-0.38773912111720615,-0.026259837916978102
61771.06115702117,5.418040577827253,273.2260312184831,-0.39797071743292645,-0.02736990431627268
61959.50799272251,5.766638358468417,273.0773173704147,-0.4085631719117313,-0.028539138858308492
62146.58298205331,6.111126716597102,272.9259473182645,-0.41953132452417286,-0.02977091771489942
62332.254168973544,6.451370060729669,272.7718889712271,-0.4308906658251471,-0.03106874978954931
62516.49158988833,6.787232799382495,272.615110238497,-0.4426573464133496,-0.03243626664037102
62699.26740010312,7.118579341071955,272.45557902926845,-0.4548481823708973,-0.03387720801062132
62880.556008650376,7.4452740943144295,272.29326325273604,-0.46748065570845726,-0.03539540205419467
63060.334221937854,7.767181467626294,272.1281308180941,-0.480572908684723,-0.03699473920665203
63238.58139666065,8.084165869523927,271.9601496345371,-0.49414373069553846,-0.03867913850671033
63415.279602400995,8.396091708523706,271.78928761125957,-0.5082125362377294,-0.04045250502235565
63590.41379431041,8.702823393142006,271.6155126574558,-0.5227993322470315,-0.04231867688575283
63763.97199622446,9.004225331895212,271.43879268232035,-0.5379246728909642,-0.04428136030056538
63935.94549449872,9.300161933299691,271.2590955950476,-0.5536095996703612,-0.046344050766339136
64106.329042771526,9.590497605871828,271.076389304832,-0.5698755644539679,-0.04850993868376678
64275.121077751646,9.875096758127999,270.89064172086796,-0.586744332848357,-0.0507817974836832
64442.32394599195,10.15382379858458,270.70182075235,-0.6042378651030772,-0.05316185248934761
64607.94414143959,10.426543135757946,270.5098943084723,-0.6223781715853538,-0.055651628910431634
64771.99255334469,10.693119178164482,270.3148302984297,-0.6411871397515154,-0.05825177771958076
64934.48472385756,10.95341633432056,270.11659663141637,-0.6606863295208506,-0.06096187872635325
65095.4411143459,11.207299012742558,269.91516121662676,-0.6808967340548828,-0.06378022099163523
65254.88737911368,11.454631621946858,269.7104919632554,-0.701838503200106,-0.06670356187300766
65412.85464480078,11.69527857044983,269.50255678049666,-0.7235306273093864,-0.06972686750937895
65569.37979328608,11.92910426676786,269.2913235775451,-0.7459905798649071,-0.07284303948162327
65724.50574540855,12.155973119417315,269.07676026359485,-0.7692339183333733,-0.07604263474284526
65878.28174226673,12.37574953691458,268.8588347478407,-0.7932738440393364,-0.07931358867850943
66030.76362026585,12.588297927776033,268.6375149394769,-0.818120723583472,-0.08264095426058839
66182.01407546975,12.793482700518043,268.4127687476979,-0.8437815764818137,-0.08600667355616548
66332.10291220204,12.991168263657,268.18456408169817,-0.8702595362557523,-0.08938940110441708
66481.10727025598,13.181219025709272,267.95286885067213,-0.8975532951206515,-0.0927644015484872
66629.11182454963,13.363499395191244,267.7176509638143,-0.9256565456145083,-0.09610354595730332
66776.20895064472,13.537873780619288,267.478878330319,-0.9545574358298041,-0.09937543196408966
66922.49884927856,13.70420659050978,267.23651885938074,-0.9842380581489265,-0.10254565160049094
67068.0896229907,13.862362233379107,266.9905404601939,-1.0146739942576684,-0.10557722695441751
67213.09729810694,14.012205117743633,266.740911041953,-1.0458339413870206,-0.10843122708130652
67357.64578581805,14.153599652119745,266.48759851385233,-1.0776794458397447,-0.11106756974971256
67501.86677689286,14.286410245023816,266.23057078508646,-1.1101647695233747,-0.11344599877243869
67645.89956571293,14.410501304972229,265.9697957648498,-1.1432369131108444,-0.11552721251595652
67789.8908008043,14.525737240481355,265.7052413623368,-1.1768358153635108,-0.11727410288451139
67933.99416084011,14.631982460067576,265.4368754867418,-1.2108947420215348,-0.11865304833621294
68078.36995713599,14.729101372247266,265.16466604725935,-1.2453408696483572,-0.11963519135534442
68223.18466587037,14.816958385536806,264.8885809530839,-1.280096060305352,-0.12019762240994446
68368.61039551998,14.895417908452576,264.6085881134098,-1.3150778125620628,-0.12032439061976116
68514.82429717825,14.964344349510938,264.3246554374314,-1.3502003639414886,-0.12000726733243136
68662.00792738544,15.02360211722829,264.03675083434337,-1.3853759103917374,-0.11924620274431168
68810.34657471532,15.073055620120998,263.74484221334006,-1.4205159006918229,-0.1180494366240745
68960.02856252679,15.112569266705444,263.44889748361584,-1.4555323586336029,-0.11643324999279057
69111.24454092345,15.142007465498,263.14888455436517,-1.4903391839161513,-0.11442137233131791
69264.18678103489,15.16123462501505,262.84477133478254,-1.5248533841509888,-0.11204408520400123
69419.04848424617,15.170115153772965,262.53652573406237,-1.5589961950469644,-0.10933708498464946
69576.02311800826,15.16851346028813,262.224115661399,-1.5926940532205291,-0.10634018224973311
69735.30378844467,15.156293953076915,261.907509025987,-1.625879395394569,-0.10309592206284329
69897.08265823875,15.133321040655707,261.5866737370208,-1.6584912680904775,-0.09964820774302205
70061.55041636413,15.099459131540874,261.2615777036948,-1.6904757423444197,-0.09604100184021137
70228.89580422979,15.054572634248794,260.93218883520336,-1.721786137644989,-0.09231716380731161
70399.30520086503,14.99852595729585,260.598475040741,-1.7523830675342043,-0.08851746654796823
70572.96226796025,14.93118350919842,260.26040422950217,-1.7822343257086906,-0.08467981592309713
70750.04765397988,14.852409698472876,259.91794431068126,-1.8113146358167507,-0.08083868037810812
70930.73875521783,14.762068933635595,259.57106319347275,-1.8396052905017666,-0.07702472352956236
71115.20953059642,14.66002562320296,259.21972878707106,-1.8670937057948724,-0.07326462163633604
71303.63036621804,14.546144175691348,258.86390900067056,-1.8937729160241918,-0.06958104061753173
71496.1679851481,14.420288999617132,258.5035717434658,-1.9196410323525923,-0.06599274345427458
71692.98539761303,14.282324503496692,258.13868492465116,-1.9447006852542426,-0.06251479790769687
71894.24188670238,14.132115095846405,257.76921645342105,-1.9689584680338943,-0.05915885582787867
72100.09302473319,13.969525185182652,257.39513423897,-1.9924243951686023,-0.055933478214194005
72310.69071563003,13.794419180021794,257.0164061904923,-2.0151113860311485,-0.052844483970143435
