date,phi_deg,theta_deg,quadrupole_power,dipole_magnitude,lambda1,lambda2,lambda3,phi_unwrapped_deg
1973-01-02,130.08183494735135,90.0,0.5940389505355446,0.9806828336082425,0.6289286507562508,-0.29559531742291745,-0.3333333333333333,130.08183494735135
1973-02-01,126.32002474928339,90.0,0.5614943939901675,0.9709247343135083,0.6109794660116219,-0.2776461326782887,-0.3333333333333333,126.32002474928339
1973-03-03,121.99740975324784,90.0,0.4965432717494904,0.9478891435328888,0.5727926354761137,-0.23945930214278016,-0.3333333333333333,121.99740975324784
1973-04-02,118.60116199052096,90.0,0.3985560874162945,0.8953471687630263,0.5071732163464253,-0.1738398830130919,-0.3333333333333333,118.60116199052096
1973-05-02,118.24434334302411,90.0,0.3195693110040714,0.8105216035315181,0.4431649888472946,-0.10983165551396142,-0.3333333333333333,118.24434334302411
1973-06-01,120.15977134969445,90.0,0.2769489955195015,0.7124905911276841,0.4014882253584048,-0.06815489202507144,-0.3333333333333333,120.15977134969445
1973-07-01,122.97750029211743,90.0,0.25551332095523505,0.6182059463643416,0.3774350873190125,-0.04410175398567912,-0.3333333333333333,122.97750029211743
1973-07-31,126.0331895940317,90.0,0.24484422194484554,0.5406319928204868,0.3643754870037711,-0.03104215367043786,-0.3333333333333333,126.0331895940317
1973-08-30,129.0736966973996,90.0,0.24023346804306864,0.49259771972101263,0.3584566577720447,-0.02512332443871132,-0.3333333333333333,129.0736966973996
1973-09-29,132.01322704680746,90.0,0.23975420812014533,0.4847228749850286,0.3578309173170938,-0.02449758398376037,-0.3333333333333333,132.01322704680746
1973-10-29,134.81794096582635,90.0,0.24293716339150934,0.5187455105843874,0.3619491501679304,-0.028615816834596894,-0.3333333333333333,134.81794096582635
1973-11-28,137.44302052500115,90.0,0.2504513946737166,0.5859236057462596,0.37134290857941277,-0.03800957524607945,-0.3333333333333333,137.44302052500115
1973-12-28,139.76163390638473,90.0,0.2645645815354457,0.6732325191969056,0.3879107794344181,-0.054577446101084816,-0.3333333333333333,139.76163390638473
1974-01-27,141.3873642358702,90.0,0.2906949954676683,0.7675005968218901,0.41569309980279145,-0.08235976646945814,-0.3333333333333333,141.3873642358702
1974-02-26,141.23852272030055,90.0,0.3383737592092756,0.8529250439368643,0.45967442470611597,-0.1263410913727825,-0.3333333333333333,141.23852272030055
1974-03-28,137.69748092355923,90.0,0.39990506213857885,0.9073019982495912,0.5081621977296018,-0.17482886439626852,-0.3333333333333333,137.69748092355923
1974-04-27,131.76720062049228,90.0,0.41534566198944683,0.916648217231769,0.5192847286847518,-0.18595139535141822,-0.3333333333333333,131.76720062049228
1974-05-27,127.2139355014477,90.0,0.3636849639493001,0.8767420994195028,0.4805283378552919,-0.14719500452195858,-0.3333333333333333,127.2139355014477
1974-06-26,126.70669163836585,90.0,0.3154638415198248,0.7895700149592554,0.4394277112213814,-0.10609437788804812,-0.3333333333333333,126.70669163836585
1974-07-26,127.71867949066024,90.0,0.2974184981153776,0.6810979473928748,0.4223538108963981,-0.08902047756306468,-0.3333333333333333,127.71867949066024
1974-08-25,128.36160055429943,90.0,0.2928171565532738,0.5714347336421247,0.4178145214122399,-0.08448118807890659,-0.3333333333333333,128.36160055429943
1974-09-24,128.41810704826662,90.0,0.2925193053218119,0.4741180906618848,0.4175178562743156,-0.0841845229409821,-0.3333333333333333,128.41810704826662
1974-10-24,128.04097114709919,90.0,0.29310720573834254,0.4048276200599936,0.41810307917654543,-0.0847697458432122,-0.3333333333333333,128.04097114709919
1974-11-23,127.41945549659351,90.0,0.2932728118477909,0.3821131033784227,0.418267685326294,-0.08493435199296055,-0.3333333333333333,127.41945549659351
1974-12-23,126.75473511988062,90.0,0.2926514167372264,0.4145884266216551,0.41764948487396925,-0.08431615154063582,-0.3333333333333333,126.75473511988062
1975-01-22,126.29222853905189,90.0,0.2916511631915526,0.4911190806723357,0.41665116271080727,-0.08331782937747402,-0.3333333333333333,126.29222853905189
1975-02-21,126.35836850520177,90.0,0.29204225567097675,0.5935420997384752,0.41704197395984816,-0.08370864062651472,-0.3333333333333333,126.35836850520177
1975-03-23,127.30308436616286,90.0,0.29925199156695786,0.7073109968848178,0.4241402817229392,-0.09080694838960575,-0.3333333333333333,127.30308436616286
1975-04-22,128.83218207597346,90.0,0.32918312185354837,0.8185818609224845,0.4517249547297238,-0.11839162139639058,-0.3333333333333333,128.83218207597346
1975-05-22,128.29302063227587,90.0,0.40744781652436596,0.9050216429331127,0.513640116557072,-0.18030678322373878,-0.3333333333333333,128.29302063227587
1975-06-21,124.42582415493652,90.0,0.49965179511682356,0.9500972814529566,0.574701670342918,-0.24136833700958485,-0.3333333333333333,124.42582415493652
1975-07-21,120.32682511977374,90.0,0.5598974692436565,0.9705388690000414,0.6100800192943192,-0.2767466859609859,-0.3333333333333333,120.32682511977374
1975-08-20,117.10446889876812,90.0,0.5982624173925961,0.9818373027749726,0.6312071658300493,-0.29787383249671595,-0.3333333333333333,117.10446889876812
1975-09-19,114.77787537302177,90.0,0.6248401054146178,0.9891492672444552,0.6452967110370296,-0.3119633777036961,-0.3333333333333333,114.77787537302177
1975-10-19,113.2971226724092,90.0,0.642553374165143,0.9938405266830954,0.6544610431709866,-0.32112770983765315,-0.3333333333333333,113.2971226724092
1975-11-18,112.66075196298097,90.0,0.6508000635163158,0.9959834462232166,0.6586694089606752,-0.3253360756273419,-0.3333333333333333,112.66075196298097
1975-12-18,112.94090787305558,90.0,0.6464631660029454,0.9948524251868942,0.656460755716483,-0.32312742238314945,-0.3333333333333333,112.94090787305558
1976-01-17,114.33386213527484,90.0,0.6202383043990574,0.987733374138033,0.6428870136345334,-0.3095536803012,-0.3333333333333333,114.33386213527484
1976-02-16,116.83312026754913,90.0,0.5429905805911508,0.9624543175426735,0.600443057174774,-0.26710972384144077,-0.3333333333333333,116.83312026754913
1976-03-17,117.50101086934981,90.0,0.42164998731001546,0.8881680919565818,0.523726410017376,-0.19039307668404265,-0.3333333333333333,117.50101086934981
1976-04-16,115.05222184533866,90.0,0.35263975744151344,0.7748884330939827,0.4716036198019392,-0.13827028646860584,-0.3333333333333333,115.05222184533866
1976-05-16,112.06266662807477,90.0,0.3213411029979591,0.6561984155600845,0.4447623663199447,-0.11142903298661129,-0.3333333333333333,112.06266662807477
1976-06-15,109.19188704355076,90.0,0.30467115769235475,0.5498226184039045,0.42934945162381616,-0.09601611829048273,-0.3333333333333333,109.19188704355076
1976-07-15,106.32420902433049,90.0,0.2945226093364264,0.47126273312250677,0.4195064802540047,-0.08617314692067135,-0.3333333333333333,106.32420902433049
1976-08-14,103.21620401475788,90.0,0.2884450140667748,0.437695055371572,0.4134239840861387,-0.0800906507528053,-0.3333333333333333,103.21620401475788
1976-09-13,99.66589634554643,90.0,0.2866021651924526,0.45863703702887404,0.41154980055483986,-0.07821646722150649,-0.3333333333333333,99.66589634554643
1976-10-13,95.62510038344358,90.0,0.2910277809766445,0.525984900591472,0.4160269625338895,-0.08269362920055608,-0.3333333333333333,95.62510038344358
1976-11-12,91.3045319584515,90.0,0.30563645283211993,0.6224138665217539,0.4302665397370584,-0.09693320640372502,-0.3333333333333333,91.3045319584515
1976-12-12,87.1931035175939,90.0,0.3370040722529645,0.7328508182711669,0.4585034408969698,-0.1251701075636365,-0.3333333333333333,87.1931035175939
1977-01-11,84.01451042252454,90.0,0.3972149578078409,0.8448588777500933,0.5061871308077655,-0.17285379747443191,-0.3333333333333333,84.01451042252454
1977-02-10,83.0546149897,90.0,0.5056695754984657,0.93998879872992,0.5783722100054703,-0.2450388766721369,-0.3333333333333333,83.0546149897
1977-03-12,85.49238949799754,90.0,0.6195275791335837,0.9871297456030728,0.6425137599996601,-0.3091804266663266,-0.3333333333333333,85.49238949799754
1977-04-11,88.10204501223446,90.0,0.6551961498857792,0.9970870773238133,0.6608981322873375,-0.32756479895400414,-0.3333333333333333,88.10204501223446
1977-05-11,89.74711559642796,90.0,0.6602056054599448,0.9983748811234654,0.6634256317560137,-0.3300922984226802,-0.3333333333333333,89.74711559642796
1977-06-10,90.94823770618835,90.0,0.6589101528443277,0.9980481293301452,0.6627732510704926,-0.3294399177371594,-0.3333333333333333,90.94823770618835
1977-07-10,91.93391857413252,90.0,0.6568420789762388,0.997525703068254,0.6617300021650512,-0.3283966688317179,-0.3333333333333333,91.93391857413252
1977-08-09,92.67345645873881,90.0,0.6562229884859649,0.9973701228101569,0.6614172714259223,-0.3280839380925888,-0.3333333333333333,92.67345645873881
1977-09-08,92.84852559975278,90.0,0.656368286888315,0.9974068271505074,0.6614906860016461,-0.3281573526683128,-0.3333333333333333,92.84852559975278
1977-10-08,91.5788822722528,90.0,0.630645922601526,0.9903019369669177,0.6483196828177437,-0.31498634948441023,-0.3333333333333333,91.5788822722528
1977-11-07,91.10817049637042,90.0,0.5049315704486168,0.9253981874295868,0.5779238269581017,-0.24459049362476826,-0.3333333333333333,91.10817049637042
1977-12-07,94.40156727817424,90.0,0.42533014772415273,0.8042033193095234,0.5262938910654085,-0.1929605577320753,-0.3333333333333333,94.40156727817424
1978-01-06,98.34327720782716,90.0,0.392774564296042,0.6712192066560774,0.5029016273930725,-0.16956829405973914,-0.3333333333333333,98.34327720782716
1978-02-05,101.97032448573535,90.0,0.38138865174494385,0.5402849824656751,0.49432653991808967,-0.1609932065847564,-0.3333333333333333,101.97032448573535
1978-03-07,104.93984523384357,90.0,0.380408113685944,0.4226992106259519,0.49357754673895593,-0.16024421340562245,-0.3333333333333333,104.93984523384357
1978-04-06,107.13528629127215,90.0,0.38384493089118166,0.33888093446394857,0.4961953180951236,-0.1628619847617904,-0.3333333333333333,107.13528629127215
1978-05-06,108.57910500269752,90.0,0.3880765661403076,0.3204521980943214,0.4993902001547872,-0.16605686682145396,-0.3333333333333333,108.57910500269752
1978-06-05,109.38622828383554,90.0,0.3912760509886775,0.37830859495784613,0.5017855890822853,-0.168452255748952,-0.3333333333333333,109.38622828383554
1978-07-05,109.75025188721598,90.0,0.3930672317237832,0.48551219351692115,0.5031191633561076,-0.16978583002277423,-0.3333333333333333,109.75025188721598
1978-08-04,109.96305680905108,90.0,0.39443250831279125,0.6154581985327957,0.5041321031532234,-0.17079876981989023,-0.3333333333333333,109.96305680905108
1978-09-03,110.48625905116349,90.0,0.3995944978146872,0.7535973906474994,0.5079347659288307,-0.1746014325954975,-0.3333333333333333,110.48625905116349
1978-10-03,111.79210020495896,90.0,0.43122001079069117,0.8852291584851969,0.5303652672441397,-0.1970319339108064,-0.3333333333333333,111.79210020495896
1978-11-02,110.31373405237797,90.0,0.5341511632185616,0.9611402255342554,0.5953183297638107,-0.2619849964304772,-0.3333333333333333,110.31373405237798
1978-12-02,106.39025088902395,90.0,0.5889699684769119,0.9791967672664466,0.6261790722719154,-0.29284573893858207,-0.3333333333333333,106.39025088902395
1979-01-01,103.19048865423241,90.0,0.610954001419727,0.9854250616688136,0.6379878600969326,-0.30465452676359933,-0.3333333333333333,103.19048865423241
1979-01-31,100.484682581669,90.0,0.623376285982626,0.9888001384765385,0.6445315112179056,-0.31119817788457194,-0.3333333333333333,100.484682581669
1979-03-02,98.07383244161909,90.0,0.6314807638163107,0.9909583008492817,0.6487528089429428,-0.3154194756096095,-0.3333333333333333,98.07383244161909
1979-04-01,95.83852503530845,90.0,0.6366440060755776,0.9923172321177209,0.6514229659598842,-0.3180896326265507,-0.3333333333333333,95.83852503530845
1979-05-01,93.67925398354265,90.0,0.6390562552558539,0.9929474913739932,0.6526654262274227,-0.31933209289408937,-0.3333333333333333,93.67925398354265
1979-05-31,91.48839354163074,90.0,0.638195370472975,0.9927196308379375,0.6522223811867969,-0.3188890478534634,-0.3333333333333333,91.48839354163074
1979-06-30,89.13220497923231,90.0,0.6325694417725156,0.9912305531650232,0.649317044842137,-0.31598371150880333,-0.3333333333333333,89.13220497923233
1979-07-30,86.4363170833688,90.0,0.6187862730306917,0.9875044018947953,0.6421241339358352,-0.30879080060250175,-0.3333333333333333,86.4363170833688
1979-08-29,83.19351577092348,90.0,0.5897021555455122,0.9792292770165553,0.6265772497580137,-0.29324391642468034,-0.3333333333333333,83.19351577092348
1979-09-28,79.30358246140175,90.0,0.533444784680082,0.9612380700069726,0.5949061545781713,-0.2615728212448378,-0.3333333333333333,79.30358246140175
1979-10-28,75.24642687130752,90.0,0.4449931436840166,0.9251846340576998,0.539712559967578,-0.2063792266342447,-0.3333333333333333,75.24642687130752
1979-11-27,72.23388097567768,90.0,0.3489107043256031,0.8671024331122034,0.46853090573692857,-0.1351975724035951,-0.3333333333333333,72.23388097567768
1979-12-27,71.1018318119183,90.0,0.2745654273231708,0.7949742245930078,0.3989367257105565,-0.06560339237722332,-0.3333333333333333,71.1018318119183
1980-01-26,72.1538007691142,90.0,0.22640199246602272,0.721747409611059,0.3394893008893808,-0.006155967556047327,-0.3333333333333333,72.1538007691142
1980-02-25,76.1333546750275,90.0,0.1979820850899,0.6591827171136242,0.2917974351115886,0.041535898221744645,-0.3333333333333333,76.1333546750275
1980-03-26,84.90129546350236,90.0,0.1834572584270301,0.6174183238334505,0.25829251389430063,0.07504081943903261,-0.3333333333333333,84.90129546350236
1980-04-25,99.39080621487892,90.0,0.17952196668846485,0.6041610500362097,0.24683929298574825,0.08649404034758507,-0.3333333333333333,99.39080621487892
1980-05-25,113.08403004264244,90.0,0.18521875344192856,0.6222535073565373,0.26297888493429333,0.07035444839903993,-0.3333333333333333,113.08403004264244
1980-06-24,120.8911134878466,90.0,0.20188384757708083,0.6683084475207036,0.29936403082740304,0.0339693025059304,-0.3333333333333333,120.8911134878466
1980-07-24,124.40874174400815,90.0,0.2335412435697815,0.7342428570689541,0.34952532369869627,-0.01619199036536281,-0.3333333333333333,124.40874174400815
1980-08-23,125.27050162127219,90.0,0.28722721440524784,0.8094999204232056,0.4121870810303008,-0.0788537476969675,-0.3333333333333333,125.27050162127219
1980-09-22,124.0641391918266,90.0,0.36982741567366134,0.8815836270925793,0.4853834288607774,-0.15205009552744408,-0.3333333333333333,124.0641391918266
1980-10-22,121.15880575626436,90.0,0.4727724873560966,0.9372438063250909,0.5578864391024614,-0.22455310576912793,-0.3333333333333333,121.15880575626436
1980-11-21,117.60486847348953,90.0,0.5617487566046125,0.9703469171804782,0.6111225643314101,-0.2777892309980769,-0.3333333333333333,117.60486847348953
1980-12-21,114.56541018426068,90.0,0.6161143107709521,0.9866394566826185,0.6407171091853324,-0.3073837758519989,-0.3333333333333333,114.56541018426068
1981-01-20,112.34978682335259,90.0,0.6439399755640149,0.9941743188960172,0.6551711747816626,-0.3218378414483293,-0.3333333333333333,112.34978682335259
1981-02-19,110.76501884892461,90.0,0.6570724327654209,0.997574769879063,0.661846313915397,-0.3285129805820638,-0.3333333333333333,110.76501884892461
1981-03-21,109.50197164908744,90.0,0.6623406194767798,0.998913106813855,0.6644989440503821,-0.3311656107170488,-0.3333333333333333,109.50197164908744
1981-04-20,108.17330974328503,90.0,0.6611660291208246,0.9986139993158627,0.6639087417438658,-0.3305754084105325,-0.3333333333333333,108.17330974328503
1981-05-20,106.16992142027873,90.0,0.641826475622781,0.9934977522889233,0.6540883572776377,-0.32075502394430433,-0.3333333333333333,106.16992142027873
1981-06-19,103.65115312332179,90.0,0.5459097233594312,0.9582175044811859,0.6021222078489811,-0.2687888745156476,-0.3333333333333333,103.65115312332179
1981-07-19,105.03039620084074,90.0,0.43843037426431464,0.8541505523313209,0.5352882257198832,-0.20195489238654982,-0.3333333333333333,105.03039620084074
1981-08-18,107.98423764258987,90.0,0.39693320499515145,0.7221205646992443,0.505979603591038,-0.17264627025770465,-0.3333333333333333,107.98423764258987
1981-09-17,110.5386427316188,90.0,0.3822117720351344,0.5871299966838099,0.49495396871204567,-0.16162063537871216,-0.3333333333333333,110.53864273161881
1981-10-17,112.37799992943178,90.0,0.37804433593054304,0.4601881389164078,0.4917648589593003,-0.1584315256259669,-0.3333333333333333,112.37799992943178
1981-11-16,113.48627142748241,90.0,0.3778645254208044,0.3563866426207401,0.4916265555407689,-0.15829322220743552,-0.3333333333333333,113.48627142748241
1981-12-16,113.94438709601398,90.0,0.3784462482265902,0.3038031462776986,0.4920737821081729,-0.15874044877483962,-0.3333333333333333,113.944387096014
1982-01-15,113.89539339775888,90.0,0.3782891558256232,0.32902274056254227,0.49195307059323456,-0.15861973725990125,-0.3333333333333333,113.89539339775888
1982-02-14,113.55514613301666,90.0,0.37711329095460144,0.4181558007254929,0.4910480966899764,-0.15771476335664314,-0.3333333333333333,113.55514613301666
1982-03-16,113.2680837507741,90.0,0.3758952103184967,0.5402081150130223,0.49010796246223304,-0.15677462912889953,-0.3333333333333333,113.2680837507741
1982-04-15,113.65508156887479,90.0,0.3781966837074245,0.6772550787387196,0.491881993058857,-0.15854865972552373,-0.3333333333333333,113.65508156887479
1982-05-15,115.89482195447991,90.0,0.39719643962414164,0.8186397564458207,0.5061734949908367,-0.1728401616575034,-0.3333333333333333,115.89482195447991
1982-06-14,120.09379506839167,90.0,0.4678764297739109,0.9305388328053253,0.5547451143465425,-0.22141178101320916,-0.3333333333333333,120.09379506839167
1982-07-14,120.15975955325746,90.0,0.46479021592454195,0.930179491969019,0.5527518575623259,-0.21941852422899266,-0.3333333333333333,120.15975955325746
1982-08-13,117.40016062894489,90.0,0.3743357117254657,0.8610341139367963,0.48890031253469135,-0.1555669792013579,-0.3333333333333333,117.40016062894489
1982-09-12,113.15664902344628,90.0,0.29378430278499923,0.7777442330093438,0.41877540919489853,-0.0854420758615652,-0.3333333333333333,113.15664902344628
1982-10-12,106.60169452945694,90.0,0.2375842376509397,0.6987916429871426,0.35497169977023646,-0.021638366436903034,-0.3333333333333333,106.60169452945694
1982-11-11,95.68706909382018,90.0,0.20660455059634336,0.6340259086031915,0.3079781735047099,0.025355159828623533,-0.3333333333333333,95.68706909382018
1982-12-11,80.48384930835674,90.0,0.19959588974068568,0.5909029525372167,0.29498116910894523,0.038352164224388155,-0.3333333333333333,80.48384930835674
1983-01-10,68.76521546647183,90.0,0.2123720613265444,0.5741531531877908,0.31783775295613825,0.015495580377194994,-0.3333333333333333,68.76521546647183
1983-02-09,63.92925981452824,90.0,0.2334183623681801,0.584043525279004,0.3493572462014547,-0.01602391286812128,-0.3333333333333333,63.92925981452824
1983-03-11,62.915097731223646,90.0,0.24575817196154645,0.617664457657294,0.36552780577493965,-0.032194472441606274,-0.3333333333333333,62.915097731223646
1983-04-10,62.90971953186692,90.0,0.2438177749972952,0.6720577079936162,0.363073270846145,-0.029739937512811485,-0.3333333333333333,62.90971953186692
1983-05-10,62.74954487186211,90.0,0.23787163726346733,0.7418405343640672,0.35535287522044606,-0.022019541887112613,-0.3333333333333333,62.74954487186211
1983-06-09,64.08274478948496,90.0,0.24586624175920518,0.8093133458677981,0.36566362027719124,-0.03233028694385792,-0.3333333333333333,64.08274478948496
1983-07-09,72.1104488041924,90.0,0.26246303260531506,0.8400178537743682,0.3855232017971585,-0.052189868463825194,-0.3333333333333333,72.1104488041924
1983-08-08,82.50394844594649,90.0,0.27070313858250894,0.8490314985208715,0.3947417331643467,-0.06140839983101332,-0.3333333333333333,82.50394844594649
1983-09-07,91.98807681572212,90.0,0.2909595797344312,0.8606387072660445,0.4159585769523442,-0.08262524361901089,-0.3333333333333333,91.98807681572212
1983-10-07,99.60456728679641,90.0,0.3311042869684285,0.8799997429022977,0.453404892494478,-0.12007155916114451,-0.3333333333333333,99.60456728679641
1983-11-06,105.40550446101489,90.0,0.39100184924357795,0.9063500120159418,0.5015809710617696,-0.16824763772843626,-0.3333333333333333,105.40550446101489
1983-12-06,110.01542509284938,90.0,0.4655825160548253,0.9361794909792501,0.5532645516765039,-0.21993121834317053,-0.3333333333333333,110.01542509284938
1984-01-05,114.06993207586372,90.0,0.5432129234516561,0.9638616484265234,0.6005711819606362,-0.26723784862730304,-0.3333333333333333,114.06993207586372
1984-02-04,117.90200142116001,90.0,0.6042243443227775,0.9830673814353074,0.6344046690013663,-0.3010713356680329,-0.3333333333333333,117.90200142116001
1984-03-05,121.41173597611767,90.0,0.6322250785766721,0.9910613373528679,0.6491386409356419,-0.3158053076023086,-0.3333333333333333,121.41173597611767
1984-04-04,124.42979285206886,90.0,0.6318988713264257,0.9910112434011346,0.6489695821978497,-0.3156362488645164,-0.3333333333333333,124.42979285206886
1984-05-04,127.06541432290909,90.0,0.618638146675242,0.9874762639394518,0.6420462413270508,-0.30871290799371737,-0.3333333333333333,127.06541432290909
1984-06-03,129.50427569113265,90.0,0.6036023922321828,0.9834318541684005,0.634072125324092,-0.3007387919907586,-0.3333333333333333,129.50427569113265
1984-07-03,131.82703823290882,90.0,0.5931547848480693,0.9806131987720252,0.6284502297031841,-0.2951168963698509,-0.3333333333333333,131.82703823290882
1984-08-02,133.99183562741558,90.0,0.590533065993817,0.9799229332736965,0.6270286977504379,-0.2936953644171046,-0.3333333333333333,133.99183562741558
1984-09-01,135.8714528048761,90.0,0.5961761927327323,0.9814727697562337,0.6300830701668371,-0.2967497368335038,-0.3333333333333333,135.8714528048761
1984-10-01,137.30501871713165,90.0,0.6074815104012841,0.984537177147973,0.6361423549267817,-0.3028090215934483,-0.3333333333333333,137.30501871713165
1984-10-31,138.13743905272912,90.0,0.6184841806225332,0.9875078324322861,0.6419652643691355,-0.308631931035802,-0.3333333333333333,138.13743905272912
1984-11-30,138.2239224800695,90.0,0.61977304254488,0.987852580169321,0.6426427038146586,-0.30930937048132534,-0.3333333333333333,138.2239224800695
1984-12-30,137.40610869439277,90.0,0.5992251825565664,0.9820412839866596,0.6317250048834434,-0.2983916715501101,-0.3333333333333333,137.40610869439277
1985-01-29,135.53666029700113,90.0,0.5448654965972637,0.9652260334529597,0.6015222920934267,-0.2681889587600931,-0.3333333333333333,135.53666029700113
1985-02-28,132.81156737663167,90.0,0.4535690661583884,0.9303841497833276,0.5454161877830119,-0.21208285444967853,-0.3333333333333333,132.81156737663167
1985-03-30,130.57567583450853,90.0,0.350045396004636,0.8700315095082672,0.4694691842734142,-0.13613585094008093,-0.3333333333333333,130.57567583450853
1985-04-29,130.67293745798767,90.0,0.27661537233665134,0.786754226737055,0.401132768342351,-0.0677994350090175,-0.3333333333333333,130.67293745798767
1985-05-29,132.9313901563569,90.0,0.24019177060791097,0.6952998447544798,0.35840229708162674,-0.025068963748293274,-0.3333333333333333,132.9313901563569
1985-06-28,135.82902604684722,90.0,0.22459128268948952,0.6108490450376937,0.3368498268541877,-0.003516493520854314,-0.3333333333333333,135.82902604684722
1985-07-28,138.4910121878133,90.0,0.2179911927945004,0.5460302935474066,0.3268611205778957,0.006472212755437686,-0.3333333333333333,138.4910121878133
1985-08-27,140.99264386201168,90.0,0.21515820871562,0.5120610985540532,0.3223772026765227,0.010956130656810729,-0.3333333333333333,140.99264386201168
1985-09-26,143.79146392485703,90.0,0.21463313433476922,0.516032492240356,0.3215318784931168,0.011801454840216604,-0.3333333333333333,143.79146392485703
1985-10-26,147.23213162354398,90.0,0.21731858191748438,0.5565308902947257,0.3258079800501148,0.007525353283218597,-0.3333333333333333,147.23213162354398
1985-11-25,151.15697761614706,90.0,0.2262949800429547,0.6245332584190622,0.3393344305606374,-0.006001097227304101,-0.3333333333333333,151.15697761614706
1985-12-25,154.71162858958238,90.0,0.24743365522237834,0.7084125844061882,0.3676231153759724,-0.03428978204263895,-0.3333333333333333,154.71162858958238
1986-01-24,156.68484383164156,90.0,0.29020804433779746,0.7964172379023788,0.4152037641703701,-0.08187043083703688,-0.3333333333333333,156.68484383164156
1986-02-23,156.12358301435677,90.0,0.3644374813761173,0.875602041375677,0.48112716872491457,-0.14779383539158125,-0.3333333333333333,156.12358301435677
1986-03-25,152.97904204693316,90.0,0.4607248394318843,0.9326417589692807,0.5501103866342896,-0.2167770533009562,-0.3333333333333333,152.97904204693316
1986-04-24,148.65500791837607,90.0,0.5404536008188845,0.9638966636844439,0.5989784373554937,-0.26564510402216024,-0.3333333333333333,148.65500791837607
1986-05-24,144.58260368514544,90.0,0.5858868019990733,0.9782432945152062,0.6244985874260249,-0.29116525409269167,-0.3333333333333333,144.58260368514544
1986-06-23,141.08942436348758,90.0,0.6075053009253919,0.9844585308796887,0.6361550234225746,-0.3028216900892411,-0.3333333333333333,141.08942436348758
1986-07-23,138.0221625309191,90.0,0.6163462838780143,0.9869070736778404,0.6408394290704912,-0.3075060957371578,-0.3333333333333333,138.0221625309191
1986-08-22,135.18477813502085,90.0,0.618302234431461,0.9874462227118186,0.6418695537395434,-0.3085362204062101,-0.3333333333333333,135.18477813502085
1986-09-21,132.42323748028258,90.0,0.6161732046989765,0.9868750078654256,0.6407481670610133,-0.3074148337276801,-0.3333333333333333,132.42323748028258
1986-10-21,129.621658269091,90.0,0.6112109656906601,0.9855282562483462,0.6381241403713444,-0.3047908070380107,-0.3333333333333333,129.621658269091
1986-11-20,126.68407823097577,90.0,0.603692028722506,0.983462131241762,0.6341200665130254,-0.30078673317969196,-0.3333333333333333,126.68407823097577
1986-12-20,123.50734103639816,90.0,0.5926833462977654,0.9803770991445172,0.6281949321234526,-0.2948615987901191,-0.3333333333333333,123.50734103639816
1987-01-19,119.92877943158321,90.0,0.574075475574036,0.9749613783651946,0.6180029098974588,-0.2846695765641253,-0.3333333333333333,119.92877943158321
1987-02-18,115.70929623056965,90.0,0.529641763531654,0.9603483871094488,0.5926802209492665,-0.25934688761593333,-0.3333333333333333,115.70929623056965
1987-03-20,113.59839334620298,90.0,0.43364561447448524,0.8915565131014415,0.5320287800609119,-0.1986954467275784,-0.3333333333333333,113.59839334620298
1987-04-19,114.34554153191385,90.0,0.4127679702760237,0.7555382401147849,0.5174524300674617,-0.18411909673412824,-0.3333333333333333,114.34554153191385
1987-05-19,113.74325498004625,90.0,0.4173121571045999,0.6099947061944291,0.5206761936839019,-0.1873428603505685,-0.3333333333333333,113.74325498004625
1987-06-18,112.57476691388916,90.0,0.4233386528123448,0.4676325530799669,0.5249067999192645,-0.19157346658593125,-0.3333333333333333,112.57476691388916
1987-07-18,111.30944358776091,90.0,0.42817225676838316,0.33751130836571913,0.5282642261867196,-0.1949308928533863,-0.3333333333333333,111.30944358776091
1987-08-17,110.1999051563468,90.0,0.43148785561248304,0.24330451890738058,0.5305493324710551,-0.19721599913772164,-0.3333333333333333,110.1999051563468
1987-09-16,109.43226937658072,90.0,0.4332945549566748,0.2357771275222024,0.5317884876319495,-0.19845515429861624,-0.3333333333333333,109.43226937658072
1987-10-16,109.1793864411654,90.0,0.4337521311466381,0.322416026837874,0.5321016571095438,-0.19876832377621045,-0.3333333333333333,109.1793864411654
1987-11-15,109.62461046409328,90.0,0.43346281180629814,0.4523681350534488,0.5319036754292177,-0.1985703420958842,-0.3333333333333333,109.62461046409328
1987-12-15,110.97652959140042,90.0,0.43434734399000285,0.5972856102603513,0.5325086252521577,-0.19917529191882422,-0.3333333333333333,110.97652959140042
1988-01-14,113.46937155447148,90.0,0.4422545498161126,0.7457772951313363,0.537872730160682,-0.20453939682734873,-0.3333333333333333,113.46937155447148
1988-02-13,117.15199228171095,90.0,0.478158565112518,0.8869953937759874,0.5613132797560554,-0.22797994642272193,-0.3333333333333333,117.15199228171095
1988-03-14,119.06540824843493,90.0,0.5916170144170312,0.9784568871898063,0.6276169610316689,-0.2942836276983357,-0.3333333333333333,119.06540824843493
1988-04-13,118.55637926069761,90.0,0.622884550277639,0.9886163839827378,0.6442741852480707,-0.31094085191473736,-0.3333333333333333,118.55637926069761
1988-05-13,120.19618001622598,90.0,0.5834648879500154,0.9772169047178031,0.6231741809987688,-0.28984084766543533,-0.3333333333333333,120.19618001622598
1988-06-12,123.06854303574136,90.0,0.492143858927301,0.9437046320206903,0.5700753876065061,-0.23674205427317252,-0.3333333333333333,123.06854303574136
1988-07-12,123.85562893015181,90.0,0.38183573918369274,0.8656680110798735,0.4946674841328935,-0.16133415079956004,-0.3333333333333333,123.85562893015181
1988-08-11,121.86605335873735,90.0,0.32134940150145097,0.7582605134777054,0.44476982633478723,-0.11143649300145385,-0.3333333333333333,121.86605335873735
1988-09-10,119.1950951105925,90.0,0.2920320586949765,0.6499392721223827,0.4170317920618681,-0.0836984587285347,-0.3333333333333333,119.1950951105925
1988-10-10,116.32094185691929,90.0,0.2750103737863181,0.5574402407018625,0.39941514369675535,-0.06608181036342196,-0.3333333333333333,116.32094185691929
1988-11-09,113.0223780943532,90.0,0.26368632956063276,0.4954491677793574,0.38691614214159953,-0.05358280880826621,-0.3333333333333333,113.0223780943532
1988-12-09,108.9705545586777,90.0,0.2566990348822852,0.47733712166725756,0.37883684390137906,-0.045503510568045726,-0.3333333333333333,108.9705545586777
1989-01-08,104.00097264357676,90.0,0.2554605191826893,0.5070876506792472,0.37737244793052127,-0.04403911459718786,-0.3333333333333333,104.00097264357676
1989-02-07,98.3820205568157,90.0,0.26340170046634703,0.5754419825507269,0.38659282904813547,-0.053259495714802055,-0.3333333333333333,98.38202055681572
1989-03-09,92.88731976449105,90.0,0.2858087026787953,0.6677903997112186,0.4107384143271944,-0.0774050809938612,-0.3333333333333333,92.88731976449105
1989-04-08,88.43697351319808,90.0,0.3304277299965463,0.7711015008210441,0.45281441113609244,-0.11948107780275928,-0.3333333333333333,88.43697351319808
1989-05-08,85.80191859196708,90.0,0.40928802222570776,0.8729886178713294,0.5149634909121952,-0.1816301575788618,-0.3333333333333333,85.80191859196708
1989-06-07,85.94718002097981,90.0,0.5308543636902459,0.9540116797047125,0.5933912247973063,-0.2600578914639728,-0.3333333333333333,85.94718002097981
1989-07-07,88.78769868353082,90.0,0.6304792992741672,0.9903235449058637,0.64823318990489,-0.3148998565715565,-0.3333333333333333,88.78769868353082
1989-08-06,91.37552032937803,90.0,0.6563603842924979,0.9973894458601505,0.6614866933560839,-0.32815336002275064,-0.3333333333333333,91.37552032937803
1989-09-05,93.32312145140375,90.0,0.6538480183578239,0.9967465764647939,0.6602157279012907,-0.3268823945679572,-0.3333333333333333,93.32312145140375
1989-10-05,95.23205442686566,90.0,0.6397797623975858,0.9930813896188677,0.6530374592369645,-0.3197041259036309,-0.3333333333333333,95.23205442686566
1989-11-04,97.39592372000621,90.0,0.617417896692751,0.9870945581826318,0.6414040835752586,-0.3080707502419254,-0.3333333333333333,97.39592372000622
1989-12-04,99.92025668912348,90.0,0.5904033015201124,0.9796293588861618,0.6269582236462867,-0.2936248903129536,-0.3333333333333333,99.92025668912348
1990-01-03,102.83642364130834,90.0,0.5638817911616616,0.9720778270900643,0.6123207502870206,-0.2789874169536873,-0.3333333333333333,102.83642364130836
1990-02-02,106.12887892217282,90.0,0.5427830564281784,0.9659180654982932,0.6003234374898095,-0.26699010415647617,-0.3333333333333333,106.12887892217282
1990-03-04,109.73097276833944,90.0,0.5304915459891966,0.962252535936944,0.5931786121749549,-0.25984527884162134,-0.3333333333333333,109.73097276833944
1990-04-03,113.54173470252883,90.0,0.5282565276919502,0.9615411382646778,0.5918665379185778,-0.2585332045852444,-0.3333333333333333,113.54173470252883
1990-05-03,117.48380773162323,90.0,0.5348675166781925,0.9634537796448694,0.5957359209902117,-0.2624025876568783,-0.3333333333333333,117.48380773162323
1990-06-02,121.5845628123766,90.0,0.5458892561135377,0.9666474830230366,0.6021104572107914,-0.26877712387745795,-0.3333333333333333,121.5845628123766
1990-07-02,126.02370501424173,90.0,0.5511103369199121,0.9680065078276884,0.6050977731436396,-0.27176443981030607,-0.3333333333333333,126.02370501424173
1990-08-01,130.96063847886984,90.0,0.5310859579213643,0.9609470786580874,0.5935268845686735,-0.2601935512353402,-0.3333333333333333,130.96063847886984
1990-08-31,136.0272854750797,90.0,0.47206663372312213,0.937417762930118,0.5574351192421372,-0.22410178590880372,-0.3333333333333333,136.0272854750797
1990-09-30,140.73785502746028,90.0,0.39214594463133723,0.8987448149593731,0.5024339059595067,-0.1691005726261734,-0.3333333333333333,140.73785502746028
1990-10-30,145.43300773139725,90.0,0.31538775615545855,0.8551380142949891,0.43935796602254257,-0.10602463268920924,-0.3333333333333333,145.43300773139725
1990-11-29,151.20789167313302,90.0,0.2535637207319353,0.8161434339195839,0.37510976929334106,-0.04177643596000768,-0.3333333333333333,151.20789167313302
1990-12-29,160.31930719623017,90.0,0.2120578812034043,0.7882954449144339,0.31731727990262004,0.016016053430713502,-0.3333333333333333,160.31930719623017
1991-01-28,176.3741921443784,90.0,0.1936384920587055,0.7756896494936573,0.28279552912565836,0.05053780420767512,-0.3333333333333333,176.3741921443784
1991-02-27,195.54328466820752,90.0,0.19960673023653458,0.7802411375911293,0.29500228831916797,0.03833104501416542,-0.3333333333333333,195.54328466820752
1991-03-29,207.7667733960718,90.0,0.2302216209913978,0.8016257650616119,0.344929049581194,-0.011595716247860564,-0.3333333333333333,207.7667733960718
1991-04-28,214.54863101024367,90.0,0.2848492892059088,0.8372460932404596,0.40975371130216565,-0.0764203779688323,-0.3333333333333333,214.54863101024367
1991-05-28,219.07456935479468,90.0,0.3616759933562491,0.8821431129526324,0.4789240338252194,-0.14559070049188613,-0.3333333333333333,219.07456935479468
1991-06-27,222.91041989805825,90.0,0.4554386706382191,0.9284837396961011,0.5466482477805099,-0.21331491444717654,-0.3333333333333333,222.91041989805825
1991-07-27,226.73560751144203,90.0,0.5493857367951971,0.9655669804856458,0.6041132749107645,-0.27077994157743124,-0.3333333333333333,226.73560751144203
1991-08-26,230.32175711849857,90.0,0.6137041895504078,0.9859056498137954,0.6394443749417826,-0.3061110416084492,-0.3333333333333333,230.3217571184986
1991-09-25,232.94143136324374,90.0,0.6420323767882117,0.9936987157730297,0.6541939531448417,-0.32086061981150826,-0.3333333333333333,232.9414313632437
1991-10-25,234.4292399965301,90.0,0.6530338069776798,0.9965553376766761,0.6598031286683185,-0.3264697953349851,-0.3333333333333333,234.4292399965301
1991-11-24,234.91162224990163,90.0,0.656693388073381,0.9974888151292631,0.6616549096617474,-0.3283215763284141,-0.3333333333333333,234.91162224990163
1991-12-24,234.4326644577379,90.0,0.6508921818066784,0.9959939044485544,0.6587162145477778,-0.3253828812144445,-0.3333333333333333,234.43266445773793
1992-01-23,232.99629506960207,90.0,0.6267754428061587,0.9895335244754129,0.6463065191286426,-0.3129731857953092,-0.3333333333333333,232.99629506960207
1992-02-22,230.6863338032447,90.0,0.5758529563707855,0.9746953256500914,0.6189864040782231,-0.2856530707448899,-0.3333333333333333,230.68633380324468
1992-03-23,227.68230841187085,90.0,0.4993430064729296,0.9490982355862644,0.5745124339649574,-0.24117910063162382,-0.3333333333333333,227.68230841187085
1992-04-22,224.1072192772778,90.0,0.41074206124126716,0.9133026137966154,0.5160056099399586,-0.1826722766066252,-0.3333333333333333,224.1072192772778
1992-05-22,219.81291984170375,90.0,0.32742788738814066,0.8711695850254122,0.4501814111875416,-0.11684807785420835,-0.3333333333333333,219.81291984170375
1992-06-21,214.18360145541274,90.0,0.26163497174475236,0.8287906801018483,0.3845752542419223,-0.0512419209085889,-0.3333333333333333,214.18360145541274
1992-07-21,205.84525363562653,90.0,0.21802142741104202,0.7930254964058033,0.3269082978746261,0.006425035458707253,-0.3333333333333333,205.84525363562653
1992-08-20,192.59003050548299,90.0,0.19575442426869333,0.7699597252117533,0.2872646716294907,0.04606866170384265,-0.3333333333333333,192.59003050548299
1992-09-19,174.83723885058805,90.0,0.191746923982981,0.7633864334182887,0.27864938255691984,0.05468395077641362,-0.3333333333333333,174.83723885058805
1992-10-19,159.39575027254836,90.0,0.20324560585539025,0.7738262712395126,0.3019052321513752,0.03142810118195825,-0.3333333333333333,159.39575027254836
1992-11-18,148.80178325945707,90.0,0.22903036510149266,0.7985557400202883,0.34325049723281165,-0.009917163899478375,-0.3333333333333333,148.80178325945707
1992-12-18,141.02097511807273,90.0,0.26907549588363144,0.832506199624059,0.3929505914348269,-0.05961725810149331,-0.3333333333333333,141.02097511807273
1993-01-17,134.49616114184983,90.0,0.3226743662334075,0.8695718778631004,0.44595835967483766,-0.11262502634150441,-0.3333333333333333,134.49616114184983
1993-02-16,128.57668486702752,90.0,0.38578299935101557,0.9041377160687274,0.4976623861891017,-0.16432905285576827,-0.3333333333333333,128.57668486702752
1993-03-18,123.14173223174656,90.0,0.4504715587492924,0.9326084061156593,0.543366077392663,-0.21003274405932976,-0.3333333333333333,123.14173223174656
1993-04-17,118.2850125986156,90.0,0.50856263034688,0.9540268845392114,0.5801252278794038,-0.24679189454607037,-0.3333333333333333,118.2850125986156
1993-05-17,114.08538728357553,90.0,0.5555590565650432,0.9692559566365867,0.6076272033921069,-0.27429387005877354,-0.3333333333333333,114.08538728357553
1993-06-16,110.52396245265808,90.0,0.5907913382914068,0.9797071909638269,0.6271689313867982,-0.2938355980534648,-0.3333333333333333,110.52396245265808
1993-07-16,107.49975658015532,90.0,0.6154834376641376,0.9866175488551384,0.640384288777915,-0.30705095544458183,-0.3333333333333333,107.49975658015532
1993-08-15,104.85662568693135,90.0,0.6311582491988108,0.990846591037119,0.6485855304456976,-0.3152521971123639,-0.3333333333333333,104.85662568693135
1993-09-14,102.38257455894284,90.0,0.6384336897966545,0.9927694999487965,0.6523450701035437,-0.3190117367702104,-0.3333333333333333,102.38257455894284
1993-10-14,99.76561539475533,90.0,0.6345752640444728,0.9917299652739425,0.6503548913413046,-0.3170215580079713,-0.3333333333333333,99.76561539475533
1993-11-13,96.53857129581783,90.0,0.6034853236515325,0.9828455504529892,0.6340095049475512,-0.3006761716142179,-0.3333333333333333,96.53857129581783
1993-12-13,93.46651480860488,90.0,0.5017216370470153,0.9406536526821994,0.5759678823870386,-0.24263454905370505,-0.3333333333333333,93.4665148086049
1994-01-12,94.37332325324033,90.0,0.4073896453304175,0.8375734615579884,0.5135982007362514,-0.18026486740291786,-0.3333333333333333,94.37332325324033
1994-02-11,96.6907966577828,90.0,0.372269274571631,0.7091581560828916,0.48729309095587303,-0.15395975762253966,-0.3333333333333333,96.6907966577828
1994-03-13,98.52393173257836,90.0,0.3604610712006858,0.5786158915361288,0.47794982115307566,-0.14461648781974226,-0.3333333333333333,98.52393173257838
1994-04-12,99.64519118793653,90.0,0.35713727496609926,0.4575488846759042,0.47526884447770595,-0.1419355111443726,-0.3333333333333333,99.64519118793653
1994-05-12,100.1084876109383,90.0,0.35669749145865093,0.36154386231509344,0.47491236800894354,-0.1415790346756101,-0.3333333333333333,100.1084876109383
1994-06-11,100.02361842317823,90.0,0.35658279992039205,0.31695698994808635,0.4748193343930109,-0.14148600105967746,-0.3333333333333333,100.02361842317823
1994-07-11,99.53169229003426,90.0,0.3555988689388596,0.3449006472678943,0.4740200481936908,-0.14068671486035758,-0.3333333333333333,99.53169229003426
1994-08-10,98.81929397436909,90.0,0.35340002109961705,0.43103573750885976,0.47222627986264387,-0.1388929465293104,-0.3333333333333333,98.81929397436909
1994-09-09,98.15769113760321,90.0,0.350511982223909,0.5475619488976257,0.4698541627456131,-0.13652082941227991,-0.3333333333333333,98.15769113760321
1994-10-09,97.9792567637942,90.0,0.34953232545812646,0.6769613737103544,0.4690452859434434,-0.13571195261011,-0.3333333333333333,97.9792567637942
1994-11-08,98.85945681600705,90.0,0.3618798450159066,0.8070404229410459,0.4790871992419441,-0.14575386590861064,-0.3333333333333333,98.85945681600705
1994-12-08,99.4336725551979,90.0,0.42906958693954533,0.9123521617702265,0.5288840877502465,-0.1955507544169128,-0.3333333333333333,99.4336725551979
1995-01-07,95.89657842290106,90.0,0.5241823145683746,0.9587544839274028,0.5894642824958646,-0.2561309491625311,-0.3333333333333333,95.89657842290106
1995-02-06,92.01682109030463,90.0,0.5759536117586019,0.975419995141916,0.619042033531362,-0.2857087001980285,-0.3333333333333333,92.01682109030463
1995-03-08,89.00212664850163,90.0,0.6070137772026393,0.9843062926548495,0.6358932167125759,-0.302559883379243,-0.3333333333333333,89.00212664850163
1995-04-07,86.71071906064475,90.0,0.6287764199047361,0.9902114442842951,0.6473483457631709,-0.31401501242983754,-0.3333333333333333,86.71071906064475
1995-05-07,84.9865166114931,90.0,0.6442621853742858,0.9942838793498663,0.6553360429875177,-0.3220027096541846,-0.3333333333333333,84.9865166114931
1995-06-06,83.68593533031101,90.0,0.6546042841351019,0.996948874878531,0.660598654630817,-0.3272653212974838,-0.3333333333333333,83.68593533031101
1995-07-06,82.65628367583541,90.0,0.6608226779580839,0.99853007255862,0.6637360839975951,-0.3304027506642615,-0.3333333333333333,82.65628367583541
1995-08-05,81.72215933310709,90.0,0.6637282718229116,0.9992632434212672,0.6651953043376859,-0.33186197100435283,-0.3333333333333333,81.72215933310709
1995-09-04,80.66947942319288,90.0,0.6627889776520459,0.9990258358872591,0.6647240483936014,-0.3313907150602682,-0.3333333333333333,80.66947942319288
1995-10-04,79.22542064351445,90.0,0.6538561208741902,0.9967378196173452,0.6602198320944266,-0.3268864987610933,-0.3333333333333333,79.22542064351445
1995-11-03,77.07199846706324,90.0,0.6246301948028985,0.9888497919167507,0.6451870571079894,-0.31185372377465587,-0.3333333333333333,77.07199846706324
1995-12-03,74.18408744096403,90.0,0.5514321469148926,0.9656940604823856,0.6052812356496327,-0.2719479023162993,-0.3333333333333333,74.18408744096403
1996-01-02,72.01037166864293,90.0,0.434796241389633,0.9114069531143403,0.5328152531196026,-0.1994819197862696,-0.3333333333333333,72.01037166864293
1996-02-01,72.64729749978531,90.0,0.33589602720222134,0.8246825406800029,0.4575526929171164,-0.12421935958378313,-0.3333333333333333,72.64729749978531
1996-03-02,75.88305724139188,90.0,0.2803569455803947,0.7228906961269922,0.40508885409238427,-0.07175552075905096,-0.3333333333333333,75.88305724139188
1996-04-01,80.27112104867822,90.0,0.25412132289971356,0.622864042181997,0.37577747010953866,-0.042444136776205274,-0.3333333333333333,80.27112104867822
1996-05-01,84.52193762110929,90.0,0.24326351139094768,0.5390924278089374,0.36236649385652525,-0.029033160523191832,-0.3333333333333333,84.52193762110929
1996-05-31,88.05095808365651,90.0,0.239865882342699,0.48671099748043034,0.3579769064292475,-0.024643573095914056,-0.3333333333333333,88.05095808365651
1996-06-30,90.94844696056164,90.0,0.24018241224288767,0.4786226314532552,0.3583900945207255,-0.02505676118739198,-0.3333333333333333,90.94844696056164
1996-07-30,93.63478131393668,90.0,0.24325210840877917,0.5169782736753337,0.3623519263850631,-0.029018593051729793,-0.3333333333333333,93.63478131393668
1996-08-29,96.54042550527598,90.0,0.2506293383728,0.5913718097368477,0.37156014106999335,-0.03822680773665997,-0.3333333333333333,96.54042550527598
1996-09-28,99.77743078761401,90.0,0.26749564820869287,0.6869646036406255,0.3911983810657981,-0.057865047732464474,-0.3333333333333333,99.77743078761401
1996-10-28,102.69534779547106,90.0,0.3055543327965907,0.789267123793862,0.430188645000471,-0.09685531166713772,-0.3333333333333333,102.69534779547106
1996-11-27,103.6963996154391,90.0,0.3831365815422711,0.8816300575753402,0.49565748331327497,-0.16232414997994143,-0.3333333333333333,103.6963996154391
1996-12-27,101.7007218800176,90.0,0.4939150062798816,0.9450825130514978,0.5711715118868538,-0.23783817855352027,-0.3333333333333333,101.7007218800176
1997-01-26,98.46241213927559,90.0,0.58211583871418,0.976625349976175,0.6224347941435194,-0.28910146081018595,-0.3333333333333333,98.46241213927559
1997-02-25,95.83974517164653,90.0,0.629459305124707,0.9902942387516543,0.6477033796408639,-0.3143700463075304,-0.3333333333333333,95.83974517164653
1997-03-27,94.10820907644539,90.0,0.6516739820794664,0.9961858216222648,0.6591132705806341,-0.3257799372473005,-0.3333333333333333,94.1082090764454
1997-04-26,93.1223068612165,90.0,0.6609786296716518,0.9985691530120089,0.6638145133908505,-0.33048118005751703,-0.3333333333333333,93.1223068612165
1997-05-26,92.8759561231045,90.0,0.66288413088169,0.9990511097428074,0.6647718082858951,-0.3314384749525619,-0.3333333333333333,92.8759561231045
1997-06-25,93.80513219473897,90.0,0.6063520463236978,0.9737687283845633,0.6355405194549358,-0.3022071861216026,-0.3333333333333333,93.80513219473899
1997-07-25,91.6426828863395,90.0,0.5637704670910331,0.8258761972211609,0.6122582960900472,-0.2789249627567136,-0.3333333333333333,91.6426828863395
1997-08-24,90.09304902880365,90.0,0.5506215934802487,0.6714392081855881,0.6048189956651453,-0.27148566233181187,-0.3333333333333333,90.09304902880365
1997-09-23,88.58234505590747,90.0,0.5396798228577993,0.5223865023541477,0.5985307403004506,-0.26519740696711713,-0.3333333333333333,88.58234505590747
1997-10-23,86.87846080047112,90.0,0.5285371008794619,0.386729737512386,0.592031471400671,-0.2586981380673376,-0.3333333333333333,86.87846080047112
1997-11-22,84.85169811462141,90.0,0.5170712887080836,0.2839722935584885,0.5852384180077104,-0.2519050846743769,-0.3333333333333333,84.85169811462141
1997-12-22,82.42733011476086,90.0,0.5062073343724205,0.25550432036257564,0.5786986239865777,-0.245365290653244,-0.3333333333333333,82.42733011476086
1998-01-21,79.58154101126104,90.0,0.49752256288466085,0.3197513035153023,0.5733950134892076,-0.24006168015587406,-0.3333333333333333,79.58154101126104
1998-02-20,76.34303148470951,90.0,0.4929107163790007,0.4359314479686899,0.5705503440493593,-0.23721701071602616,-0.3333333333333333,76.34303148470953
1998-03-22,72.788314668785,90.0,0.4944180139849273,0.5718942538899001,0.5714822711820192,-0.23814893784868585,-0.3333333333333333,72.788314668785
1998-04-21,69.02573933571149,90.0,0.5046190530714556,0.7151478023045929,0.5777338061979049,-0.24440047286457156,-0.3333333333333333,69.02573933571149
1998-05-21,65.16309549420993,90.0,0.5292551421547849,0.859868765745326,0.5924532772406244,-0.25911994390729104,-0.3333333333333333,65.16309549420993
1998-06-20,61.941206295842754,90.0,0.6101495656117335,0.9842204593891866,0.6375609748426451,-0.30422764150931203,-0.3333333333333333,61.941206295842754
1998-07-20,61.63020812727639,90.0,0.6252897558449726,0.9893493187375236,0.6455315166913401,-0.31219818335800664,-0.3333333333333333,61.63020812727639
1998-08-19,60.258816217258705,90.0,0.6309719705966077,0.9908390696914735,0.6484888869564438,-0.3151555536231105,-0.3333333333333333,60.258816217258705
1998-09-18,59.88598417980379,90.0,0.6344529057694719,0.9917466989955209,0.6502916448795404,-0.31695831154620696,-0.3333333333333333,59.88598417980379
1998-10-18,61.14793083520167,90.0,0.5881258278626715,0.9777262524917568,0.6257195836577283,-0.2923862503243948,-0.3333333333333333,61.14793083520167
1998-11-17,62.39573684722672,90.0,0.47454549220918735,0.930755545168902,0.5590178012021237,-0.2256844678687905,-0.3333333333333333,62.39573684722672
1998-12-17,62.39780063782371,90.0,0.3603801027226502,0.8622455039887927,0.4778847863640773,-0.1445514530307438,-0.3333333333333333,62.39780063782371
1999-01-16,61.33744825807976,90.0,0.2725003802346898,0.790927446407051,0.3967033089304842,-0.06336997559715081,-0.3333333333333333,61.33744825807976
1999-02-15,58.98505265609583,90.0,0.21237013028078658,0.7293368755250914,0.31783455944506045,0.015498773888272916,-0.3333333333333333,58.98505265609583
1999-03-17,52.699430959589115,90.0,0.17821137424471384,0.6869175273963996,0.24264267464960546,0.09069065868372798,-0.3333333333333333,52.69943095958912
1999-04-16,11.876189931385214,90.0,0.16844042746003857,0.6708281365846142,0.19644720387951703,0.13688612945381629,-0.3333333333333333,11.876189931385214
1999-05-16,342.38783393151294,90.0,0.18201509724675768,0.6843907055408922,0.2542692653155967,0.07906406801773665,-0.3333333333333333,-17.612166068487102
1999-06-15,337.41683438429544,90.0,0.2186665760357605,0.7257433128822715,0.32791168111532154,0.005421652218011886,-0.3333333333333333,-22.58316561570459
1999-07-15,335.48304770775604,90.0,0.27941848292043775,0.7884358810904804,0.4041027804465328,-0.07076944711319945,-0.3333333333333333,-24.516952292243978
1999-08-14,334.76515413185814,90.0,0.3671694349655323,0.8626575710729061,0.48329165644074124,-0.1499583231074078,-0.3333333333333333,-25.23484586814192
1999-09-13,335.22389611405794,90.0,0.4835079189444302,0.9340258995295379,0.5646875532277638,-0.2313542198944306,-0.3333333333333333,-24.776103885942103
1999-10-13,337.0815460099966,90.0,0.5999368992295505,0.9811059035484553,0.6321074430082351,-0.29877410967490176,-0.3333333333333333,-22.91845399000343
1999-11-12,338.81076067502204,90.0,0.650507457367868,0.9958812044106942,0.6585207053311882,-0.32518737199785464,-0.3333333333333333,-21.189239324978008
1999-12-12,338.98201354287136,90.0,0.6539254668489569,0.9967790156696732,0.6602549567335453,-0.326921623400212,-0.3333333333333333,-21.0179864571287
2000-01-11,337.9353939646824,90.0,0.6436325049975982,0.9941198034586877,0.6550137964477946,-0.32168046311446113,-0.3333333333333333,-22.064606035317638
2000-02-10,336.01190863983044,90.0,0.6260575682410967,0.9894661188015706,0.6459321993176336,-0.3125988659843001,-0.3333333333333333,-23.98809136016962
2000-03-11,333.29300786571815,90.0,0.5980353054747397,0.9816914330448197,0.6310849257866507,-0.29775159245331706,-0.3333333333333333,-26.70699213428188
2000-04-10,329.7488207755582,90.0,0.5504590757395524,0.9672029559181416,0.6047262568327112,-0.2713929234993777,-0.3333333333333333,-30.251179224441827
2000-05-10,325.7052123185492,90.0,0.4694163613336602,0.9364483550234944,0.5557358730213933,-0.22240253968805973,-0.3333333333333333,-34.29478768145086
2000-06-09,323.3110376294491,90.0,0.3691313721408672,0.8718950699825873,0.4848369869938466,-0.15150365366051333,-0.3333333333333333,-36.68896237055093
2000-07-09,324.3896815852018,90.0,0.30914309560356035,0.771534483083649,0.43357154573118817,-0.10023821239785477,-0.3333333333333333,-35.61031841479823
2000-08-08,326.1575099450823,90.0,0.2904511684998058,0.6558826700896281,0.41544819917374315,-0.08211486584040983,-0.3333333333333333,-33.842490054917704
2000-09-07,326.60418107187,90.0,0.2881206733888391,0.5415421418498809,0.41309516209908664,-0.07976182876575327,-0.3333333333333333,-33.39581892813004
2000-10-07,325.6793513404009,90.0,0.28991407221961263,0.44118918611540764,0.414907885597917,-0.08157455226458363,-0.3333333333333333,-34.32064865959912
2000-11-06,323.7896707057478,90.0,0.29129162569377176,0.37087154300682285,0.41629134395950274,-0.08295801062616939,-0.3333333333333333,-36.21032929425224
2000-12-06,321.3100013557583,90.0,0.2906504679849371,0.3501825702271853,0.41564839422741606,-0.08231506089408275,-0.3333333333333333,-38.68999864424173
2001-01-05,318.56548418472335,90.0,0.28751415560559723,0.38660936508712845,0.4124790839068567,-0.0791457505735233,-0.3333333333333333,-41.434515815276704
2001-02-04,315.9095936949607,90.0,0.28200786807182787,0.4657735268287293,0.406813706420607,-0.07348037308727365,-0.3333333333333333,-44.09040630503935
2001-03-06,313.84118975018254,90.0,0.27523109122333833,0.5682245643483577,0.39965210028502796,-0.0663187669516946,-0.3333333333333333,-46.15881024981751
2001-04-05,313.09170340626576,90.0,0.27146849794835737,0.6796998567203991,0.3955791295009242,-0.06224579616759067,-0.3333333333333333,-46.908296593734256
2001-05-05,313.83737636366465,90.0,0.2849363462196324,0.7866659747684085,0.4098432275776288,-0.07650989424429547,-0.3333333333333333,-46.162623636335404
2001-06-04,312.90920479635247,90.0,0.3385990408964562,0.8691557490535725,0.45986657648059337,-0.1265332431472601,-0.3333333333333333,-47.090795203647595
2001-07-04,308.3067541859608,90.0,0.4119295676754759,0.9160065213194116,0.5168544027517623,-0.183521069418429,-0.3333333333333333,-51.69324581403923
2001-08-03,302.8439531169667,90.0,0.4695862319233488,0.9405922462963731,0.5558450096257027,-0.22251167629236931,-0.3333333333333333,-57.15604688303332
2001-09-02,297.8076484771254,90.0,0.5112860860324202,0.9554207129149512,0.5817687139789833,-0.24843538064565007,-0.3333333333333333,-62.192351522874645
2001-10-02,293.29758260615296,90.0,0.5424238993061612,0.9654670228571804,0.6001163365474352,-0.26678300321410187,-0.3333333333333333,-66.70241739384711
2001-11-01,289.168482675616,90.0,0.5649035927547261,0.972301985426587,0.6128935854468203,-0.27956025211348673,-0.3333333333333333,-70.83151732438405
2001-12-01,285.19527658520343,90.0,0.5774412070484025,0.975971760220728,0.6198633901663715,-0.2865300568330381,-0.3333333333333333,-74.8047234147966
2001-12-31,281.09285223664654,90.0,0.5748246672942052,0.9751113202505823,0.6184177046441895,-0.2850843713108561,-0.3333333333333333,-78.90714776335349
2002-01-30,276.6081653847411,90.0,0.5454369873675964,0.9656472323821368,0.6018507200859813,-0.26851738675264797,-0.3333333333333333,-83.39183461525894
2002-03-01,271.96398849717707,90.0,0.4760379654140109,0.9388688203184924,0.5599676320528097,-0.22663429871947635,-0.3333333333333333,-88.036011502823
2002-03-31,268.50412237535124,90.0,0.3813745186119263,0.8853473590223527,0.4943157563535294,-0.1609824230201959,-0.3333333333333333,-91.4958776246488
2002-04-30,267.7688279273718,90.0,0.303948837269402,0.8064630073393017,0.4286611042056489,-0.09532777087231549,-0.3333333333333333,-92.23117207262827
2002-05-30,269.7709990478287,90.0,0.2610872813299793,0.712600049517104,0.3839459968655062,-0.05061266353217277,-0.3333333333333333,-90.22900095217136
2002-06-29,272.61627220590606,90.0,0.2449129076904592,0.6141137373789262,0.3644623200867969,-0.031128986753463563,-0.3333333333333333,-87.38372779409399
2002-07-29,273.7775384934442,90.0,0.24233370528808745,0.5202103151073634,0.3611750708828095,-0.02784173754947605,-0.3333333333333333,-86.22246150655587
2002-08-28,272.08635366138924,90.0,0.24201144094047958,0.4409806675961568,0.36076042529096264,-0.027427091957629244,-0.3333333333333333,-87.9136463386108
2002-09-27,267.57327341770076,90.0,0.23667521163702768,0.3879704475764176,0.353760954353866,-0.02042762102053289,-0.3333333333333333,-92.4267265822993
2002-10-27,260.44306553460774,90.0,0.2244708411572446,0.3701284202191357,0.33667280551255946,-0.0033394721792260927,-0.3333333333333333,-99.5569344653923
2002-11-26,250.57175933375325,90.0,0.20835488964849563,0.3864790811464228,0.31104156576936554,0.022291767563967647,-0.3333333333333333,-109.4282406662468
2002-12-26,237.3186474092949,90.0,0.19319494698876216,0.42641858013519984,0.2818367155554631,0.05149661777787025,-0.3333333333333333,-122.68135259070515
2003-01-25,219.8754866111855,90.0,0.18250676811512612,0.47788411058916785,0.2556613334969309,0.0776719998364025,-0.3333333333333333,-140.12451338881456
2003-02-24,199.6992939995942,90.0,0.17665921814795926,0.5310407223112251,0.23735100538923165,0.0959823279441017,-0.3333333333333333,-160.30070600040582
2003-03-26,183.40823958254967,90.0,0.17354305076925075,0.5784062209161881,0.22530276520069303,0.10803056813264035,-0.3333333333333333,-176.59176041745036
2003-04-25,177.838353871573,90.0,0.17222519122763938,0.6194399612798104,0.21938537568430436,0.11394795764902901,-0.3333333333333333,-182.16164612842704
2003-05-25,180.20864524167544,90.0,0.1746254912167062,0.6600463379884565,0.22974924964342638,0.10358408368990693,-0.3333333333333333,-179.79135475832462
2003-06-24,180.53340342284974,90.0,0.1845113912259999,0.7049464792017333,0.2611249234771044,0.072208409856229,-0.3333333333333333,-179.4665965771503
2003-07-24,177.50757690900085,90.0,0.20709926748534083,0.7549049273054579,0.3088507037782112,0.024482629555122135,-0.3333333333333333,-182.49242309099918
2003-08-23,173.0647135899041,90.0,0.2479948499521064,0.8075261176986014,0.36832006148738344,-0.034986728154050004,-0.3333333333333333,-186.93528641009596
2003-09-22,168.26930366647545,90.0,0.30993882560923225,0.8586077413859936,0.43431583903841675,-0.10098250570508359,-0.3333333333333333,-191.7306963335246
2003-10-22,163.59755374913522,90.0,0.3885586036548873,0.9036892078583532,0.4997521939627507,-0.16641886062941724,-0.3333333333333333,-196.4024462508648
2003-11-21,159.28473648298703,90.0,0.4717344293982353,0.9396114085472682,0.5572225286963952,-0.2238891953630617,-0.3333333333333333,-200.715263517013
2003-12-21,155.45261572948044,90.0,0.5452082058700574,0.9653894948364429,0.6017192722233916,-0.2683859388900584,-0.3333333333333333,-204.5473842705196
2004-01-20,152.1365173731772,90.0,0.5996960442399083,0.9819755835103828,0.6319780557241674,-0.298644722390834,-0.3333333333333333,-207.86348262682282
2004-02-19,149.28233900871052,90.0,0.6331822107695104,0.991301257332088,0.6496343385158515,-0.31630100518251825,-0.3333333333333333,-210.7176609912895
2004-03-20,146.74023710695525,90.0,0.647961080475326,0.9952269351901958,0.6572247232760038,-0.32389138994267064,-0.3333333333333333,-213.25976289304478
2004-04-19,144.25497141192392,90.0,0.6454428667296073,0.9945631920908645,0.6559396988598075,-0.3226063655264743,-0.3333333333333333,-215.74502858807614
2004-05-19,141.4653139012084,90.0,0.619450994384025,0.9874559197175622,0.6424735222905418,-0.3091401889572084,-0.3333333333333333,-218.53468609879167
2004-06-18,138.21922812775975,90.0,0.5469604437401723,0.9640831582401396,0.6027250211752724,-0.26939168784193884,-0.3333333333333333,-221.7807718722403
2004-07-18,136.6598165080874,90.0,0.42761268194910107,0.8988281741707577,0.5278771422085828,-0.1945438088752495,-0.3333333333333333,-223.34018349191263
2004-08-17,138.8812946946726,90.0,0.3539127056392927,0.7876083853581815,0.4726454559418598,-0.13931212260852643,-0.3333333333333333,-221.11870530532747
2004-09-16,141.5939803598624,90.0,0.33012073622602633,0.65903479749378,0.4525460726750041,-0.11921273934167075,-0.3333333333333333,-218.40601964013766
2004-10-16,142.9687453930747,90.0,0.3249193584409278,0.5315680064262602,0.4479607225710362,-0.11462738923770287,-0.3333333333333333,-217.03125460692536
2004-11-15,142.93947198570498,90.0,0.32480444054131763,0.41858349360571534,0.44785857077723223,-0.11452523744389874,-0.3333333333333333,-217.06052801429504
2004-12-15,141.84290244568328,90.0,0.32496149546371356,0.33884167280162997,0.4479981693437104,-0.1146648360103769,-0.3333333333333333,-218.15709755431678
2005-01-14,140.03043850842485,90.0,0.32364399227146934,0.31794341580668056,0.4468249483618565,-0.11349161502852324,-0.3333333333333333,-219.96956149157518
2005-02-13,137.81320318720222,90.0,0.32012008438048334,0.36427069290540687,0.4436625309984439,-0.11032919766511053,-0.3333333333333333,-222.1867968127978
2005-03-15,135.49631567643783,90.0,0.3140698514293928,0.4557958157492392,0.43814703866685945,-0.1048137053335261,-0.3333333333333333,-224.50368432356223
2005-04-14,133.46874079843232,90.0,0.3058661015184708,0.5687315036575259,0.4304842502844045,-0.09715091695107113,-0.3333333333333333,-226.53125920156774
2005-05-14,132.3483275620491,90.0,0.2986195557088993,0.6884895122145536,0.4235254693601238,-0.09019213602679034,-0.3333333333333333,-227.65167243795096
2005-06-13,132.620007545192,90.0,0.30635262270250513,0.801397614004313,0.43094488752097626,-0.09761155418764286,-0.3333333333333333,-227.37999245480805
2005-07-13,131.29183552452938,90.0,0.356215687424805,0.8820953903804636,0.4745213570305934,-0.14118802369726,-0.3333333333333333,-228.70816447547068
2005-08-12,125.82498347256032,90.0,0.41118194372602707,0.9169372081589279,0.516320264574196,-0.18298693124086265,-0.3333333333333333,-234.1750165274397
2005-09-11,119.42134749053989,90.0,0.43361893901229276,0.9273167249747678,0.5320105268488422,-0.19867719351550897,-0.3333333333333333,-240.5786525094602
2005-10-11,113.02395753728626,90.0,0.43193548024375766,0.9267203478867072,0.5308567362574581,-0.19752340292412474,-0.3333333333333333,-246.9760424627138
2005-11-10,106.56622575123305,90.0,0.4127995072851492,0.9185363104145312,0.5174749053231174,-0.18414157198978406,-0.3333333333333333,-253.43377424876698
2005-12-10,99.96194962959248,90.0,0.379412911876818,0.9028257536741991,0.4928155937001243,-0.15948226036679097,-0.3333333333333333,-260.0380503704076
2006-01-09,93.22570659342648,90.0,0.3362386201983547,0.8792314606477315,0.4578469832504702,-0.1245136499171367,-0.3333333333333333,-266.7742934065736
2006-02-08,86.59956369479505,90.0,0.29124663901530845,0.8375818852418158,0.4162462855747836,-0.08291295224145029,-0.3333333333333333,-273.400436305205
2006-03-10,79.8144876625477,90.0,0.2487002208991645,0.7621661267905574,0.36919265787828603,-0.03585932454495265,-0.3333333333333333,-280.18551233745234
2006-04-09,72.08171302488985,90.0,0.21556377914539127,0.7006547461954686,0.32302700767218606,0.010306325661147397,-0.3333333333333333,-287.9182869751102
2006-05-09,61.65548603885615,90.0,0.19310222932648136,0.6513477498783717,0.28163527686052503,0.051698056472808326,-0.3333333333333333,-298.3445139611439
2006-06-08,45.11297787253251,90.0,0.18188926404795802,0.6128193420957921,0.2539094239055669,0.07942390942776639,-0.3333333333333333,-314.88702212746756
2006-07-08,23.614127311515702,90.0,0.18313834096102805,0.5852836109522569,0.2574181798616581,0.0759151534716751,-0.3333333333333333,-336.38587268848437
2006-08-07,7.842637042752149,90.0,0.19914077644431136,0.5710881622319965,0.29409136948689046,0.03924196384644295,-0.3333333333333333,-352.1573629572479
2006-09-06,358.4588897913247,90.0,0.2328736592328869,0.5746961789187756,0.3486103290545336,-0.015276995721200361,-0.3333333333333333,-361.5411102086754
2006-10-06,352.1153013578856,90.0,0.2866915593106598,0.6018760531092314,0.41164104557596526,-0.07830771224263197,-0.3333333333333333,-367.88469864211453
2006-11-05,347.11906288323075,90.0,0.3598506181751637,0.6578966699727082,0.47745916296322866,-0.1441258296298954,-0.3333333333333333,-372.88093711676936
2006-12-05,342.78191999203136,90.0,0.4453133549183505,0.745235529149423,0.5399270906682502,-0.20659375733491692,-0.3333333333333333,-377.21808000796875
2007-01-04,338.92054413224963,90.0,0.5289867148180989,0.8617849605394656,0.5922956413332372,-0.2589623079999038,-0.3333333333333333,-381.0794558677504
2007-02-03,335.7244928828172,90.0,0.596024551063185,0.980886481628723,0.6300012565671609,-0.29666792323382746,-0.3333333333333333,-384.27550711718294
2007-03-05,333.1822932474488,90.0,0.6344740624327698,0.991635478979351,0.6503025812584716,-0.3169692479251382,-0.3333333333333333,-386.8177067525513
2007-04-04,331.3733172030517,90.0,0.6547172642762149,0.9969654543741262,0.660655835378668,-0.3273225020453348,-0.3333333333333333,-388.6266827969484
2007-05-04,330.212487144428,90.0,0.6631433276531282,0.9991145452493325,0.6649018826974394,-0.33156854936410607,-0.3333333333333333,-389.78751285557206
2007-06-03,329.5445251980236,90.0,0.6658754104348179,0.9998019413120086,0.6662708819051649,-0.3329375485718315,-0.3333333333333333,-390.45547480197644
2007-07-03,329.21948000315354,90.0,0.6664690207368462,0.9999505803338361,0.6665678339338474,-0.33323450060051385,-0.3333333333333333,-390.7805199968466
2007-08-02,329.12366513101256,90.0,0.6665187329506961,0.9999630126442285,0.6665926943367759,-0.33325936100344233,-0.3333333333333333,-390.87633486898756
2007-09-01,329.19148448598736,90.0,0.6665193089856893,0.9999631566312618,0.6665929823968064,-0.3332596490634731,-0.3333333333333333,-390.8085155140127
2007-10-01,329.40876269465804,90.0,0.6664075412052783,0.9999351986337648,0.6665370871451199,-0.33320375381178696,-0.3333333333333333,-390.5912373053421
2007-10-31,329.8092962062008,90.0,0.6656957855276051,0.9997569313686461,0.6661809902155208,-0.33284765688218726,-0.3333333333333333,-390.1907037937993
2007-11-30,330.46067320925397,90.0,0.6633519613257555,0.9991677298148068,0.665006558035544,-0.3316732247022106,-0.3333333333333333,-389.53932679074614
2007-12-30,331.43608894102533,90.0,0.6578612984262429,0.9977765526318603,0.6622444263369207,-0.3289110930035874,-0.3333333333333333,-388.5639110589748
2008-01-29,332.77962281581637,90.0,0.6479916694355428,0.9952432229557256,0.6572403118866663,-0.32390697855333284,-0.3333333333333333,-387.2203771841837
2008-02-28,334.4840805208929,90.0,0.6341217720912802,0.9916236732440838,0.6501204418223756,-0.31678710848904235,-0.3333333333333333,-385.51591947910714
2008-03-29,336.48856384059656,90.0,0.6189731305247312,0.9876072197136133,0.6422223752109258,-0.3088890418775923,-0.3333333333333333,-383.51143615940356
2008-04-28,338.67521905351754,90.0,0.6068715969308403,0.984368348635949,0.6358174581315079,-0.30248412479817416,-0.3333333333333333,-381.3247809464826
2008-05-28,340.84807810668894,90.0,0.6019688308441618,0.9830657994757674,0.6331975682034754,-0.29986423487014213,-0.3333333333333333,-379.15192189331117
2008-06-27,342.71188480018026,90.0,0.606012200758235,0.9841735163671311,0.6353592813362219,-0.30202594800288857,-0.3333333333333333,-377.28811519981986
2008-07-27,343.893048573638,90.0,0.6153192522536832,0.9866761848426497,0.6402976335528155,-0.3069643002194823,-0.3333333333333333,-376.1069514263621
2008-08-26,344.05013331007376,90.0,0.6170163250602987,0.9871256110012597,0.6411925660618589,-0.3078592327285254,-0.3333333333333333,-375.94986668992635
2008-09-25,343.0941721148502,90.0,0.5904450446993282,0.9794409550732847,0.6269808952283427,-0.293647561895009,-0.3333333333333333,-376.90582788514985
2008-10-25,341.3157155469343,90.0,0.5243403255539875,0.9578100584511501,0.5895577039843904,-0.2562243706510569,-0.3333333333333333,-378.6842844530658
2008-11-24,339.044822325163,90.0,0.4326062417302432,0.9216853588505123,0.5313168929545278,-0.19798355962119432,-0.3333333333333333,-380.95517767483705
2008-12-24,336.1443848227446,90.0,0.3405556023852863,0.8766723351366544,0.4615301399204928,-0.12819680658715935,-0.3333333333333333,-383.8556151772555
2009-01-23,331.7533394699359,90.0,0.26639656177039694,0.8315050241118842,0.3899712737661736,-0.05663794043284024,-0.3333333333333333,-388.2466605300642
2009-02-22,323.8763246545984,90.0,0.21791375016089676,0.795275389068747,0.3267402177209088,0.006593115612424651,-0.3333333333333333,-396.1236753454017
2009-03-24,309.3508975391905,90.0,0.19594131502619766,0.7753054190192951,0.2876514763733629,0.04568185695997042,-0.3333333333333333,-410.6491024608096
2009-04-23,290.91654690472785,90.0,0.19838162475890647,0.7753431431078516,0.2925931493703454,0.040740183962988064,-0.3333333333333333,-429.08345309527226
2009-05-23,277.9651829758307,90.0,0.22301469235003826,0.7947499184570935,0.3345178294320339,-0.0011844960987004466,-0.3333333333333333,-442.0348170241694
2009-06-22,270.18048938332447,90.0,0.2684632415725361,0.8290485994536956,0.39227315472260604,-0.05893982138927259,-0.3333333333333333,-449.81951061667564
2009-07-22,264.6233759039494,90.0,0.33317855661202433,0.871212094357241,0.45520772955491284,-0.12187439622157945,-0.3333333333333333,-455.37662409605065
2009-08-21,259.8048669058919,90.0,0.4120888256163475,0.912998303262674,0.5169680789887418,-0.18363474565540838,-0.3333333333333333,-460.1951330941082
2009-09-20,255.1840231792853,90.0,0.49222598249967825,0.9468396811345838,0.5701262779247278,-0.23679294459139438,-0.3333333333333333,-464.81597682071475
2009-10-20,250.80130637746345,90.0,0.5559138230033458,0.9689571308538758,0.6078282903017462,-0.274494956968413,-0.3333333333333333,-469.19869362253667
2009-11-19,246.87776028751682,90.0,0.5946369206545132,0.9807462947390002,0.6292519312330203,-0.29591859789968683,-0.3333333333333333,-473.12223971248335
2009-12-19,243.43785942056746,90.0,0.612473410578501,0.9858146143303967,0.638793103075302,-0.30545976974196876,-0.3333333333333333,-476.56214057943265
2010-01-18,240.30374582603142,90.0,0.6163483162717605,0.9868939223501526,0.6408405006163553,-0.307507167283022,-0.3333333333333333,-479.69625417396867
2010-02-17,237.2306810600881,90.0,0.6101686452628281,0.9852031296969849,0.6375711042100825,-0.3042377708767489,-0.3333333333333333,-482.76931893991195
2010-03-19,233.96308026977908,90.0,0.5939158158732472,0.9806392725366893,0.6288620524109321,-0.29552871907759865,-0.3333333333333333,-486.03691973022103
2010-04-18,230.23579837399024,90.0,0.5623419189449231,0.9712347176074503,0.6114560844130068,-0.2781227510796733,-0.3333333333333333,-489.7642016260099
2010-05-18,225.95074135018535,90.0,0.500781785736537,0.949851193499844,0.5753934207884579,-0.24206008745512445,-0.3333333333333333,-494.0492586498147
2010-06-17,222.61721759537937,90.0,0.4027275214134856,0.8971061402402691,0.5102222333126016,-0.17688889997926832,-0.3333333333333333,-497.3827824046207
2010-07-17,222.90543873597895,90.0,0.33004509331677523,0.8026987566222641,0.45247991570361085,-0.11914658237027746,-0.3333333333333333,-497.09456126402114
2010-08-16,224.72870268126164,90.0,0.3013601605554388,0.6901671292472531,0.4261791845620199,-0.09284585122868667,-0.3333333333333333,-495.2712973187385
2010-09-15,226.18861207650596,90.0,0.2913828055728537,0.5798414899822809,0.41638264423537075,-0.08304931090203745,-0.3333333333333333,-493.8113879234941
2010-10-15,227.136340187058,90.0,0.28776986910383745,0.48575478809110323,0.41273901622789916,-0.07940568289456582,-0.3333333333333333,-492.86365981294205
2010-11-14,227.85084879951054,90.0,0.2862776068310744,0.4239952380069782,0.4112182360384535,-0.07788490270512002,-0.3333333333333333,-492.14915120048954
2010-12-14,228.63125299895728,90.0,0.2856871326693572,0.411370771103762,0.4106138597256262,-0.07728052639229292,-0.3333333333333333,-491.3687470010428
2011-01-13,229.7385685233292,90.0,0.2862630945094349,0.4523361726557165,0.4112033999428436,-0.07787006660951017,-0.3333333333333333,-490.2614314766709
2011-02-12,231.38599552289264,90.0,0.28961001813917464,0.5339374434463017,0.414601488215101,-0.08126815488176771,-0.3333333333333333,-488.61400447710747
2011-03-14,233.68254194898742,90.0,0.299504763517938,0.6387957983719775,0.42438559966468226,-0.09105226633134886,-0.3333333333333333,-486.3174580510127
2011-04-13,236.43180309612418,90.0,0.32448707326275134,0.752846498193965,0.44757626653474225,-0.11424293320140891,-0.3333333333333333,-483.56819690387596
2011-05-13,238.60953764715407,90.0,0.38345464121399303,0.8617345267423209,0.4958990880252917,-0.16256575469195828,-0.3333333333333333,-481.39046235284604
2011-06-12,237.97504004379914,90.0,0.49284182790223413,0.9421378194983921,0.570507700512639,-0.23717436717930557,-0.3333333333333333,-482.024959956201
2011-07-12,234.79494961647612,90.0,0.5892164281323893,0.9786950042444971,0.6263131403101194,-0.2929798069767861,-0.3333333333333333,-485.20505038352394
2011-08-11,232.0775009064938,90.0,0.6335837437140568,0.9914272102915394,0.6498421405099643,-0.31650880717663077,-0.3333333333333333,-487.9224990935063
2011-09-10,230.39428404456018,90.0,0.6523175519626738,0.9963586634240879,0.6594398829112222,-0.3261065495778889,-0.3333333333333333,-489.60571595543985
2011-10-10,229.54556379901845,90.0,0.6600625204244333,0.9983386946867454,0.6633536172491068,-0.3300202839157733,-0.3333333333333333,-490.45443620098166
2011-11-09,229.39280887353232,90.0,0.6613707709639625,0.998670209729326,0.6640116698069898,-0.3306783364736563,-0.3333333333333333,-490.6071911264678
2011-12-09,229.87501926282624,90.0,0.657113731375548,0.9975885097404993,0.6618671637932756,-0.3285338304599423,-0.3333333333333333,-490.12498073717387
2012-01-08,230.9697772069703,90.0,0.6468868523889706,0.9949580416964708,0.6566769653963485,-0.3233436320630151,-0.3333333333333333,-489.0302227930298
2012-02-07,232.66909770910854,90.0,0.6301930256609609,0.9905701004989564,0.6480845511466131,-0.3147512178132798,-0.3333333333333333,-487.33090229089163
2012-03-08,234.9685782329273,90.0,0.6072184730039694,0.9843401831076122,0.6360022642603835,-0.3026689309270502,-0.3333333333333333,-485.03142176707274
2012-04-07,237.86476973301856,90.0,0.5792185431670303,0.9764385956234792,0.6208427759570847,-0.28750944262375144,-0.3333333333333333,-482.1352302669815
2012-05-07,241.35441667749427,90.0,0.5484397344240461,0.9673354722211349,0.6035723016482835,-0.27023896831495015,-0.3333333333333333,-478.64558332250584
2012-06-06,245.42987904737612,90.0,0.5176815914829731,0.9577583933526715,0.5856027744541827,-0.25226944112084937,-0.3333333333333333,-474.570120952624
2012-07-06,250.06868875402125,90.0,0.4897238980593456,0.9485815711438199,0.5685728941580299,-0.23523956082469671,-0.3333333333333333,-469.93131124597886
2012-08-05,255.22038730915966,90.0,0.466802294211108,0.9406647924855838,0.5540525385982857,-0.22071920526495203,-0.3333333333333333,-464.7796126908404
2012-09-04,260.7992753476982,90.0,0.45019554167902265,0.9346514169911011,0.543182851585958,-0.20984951825262463,-0.3333333333333333,-459.2007246523019
2012-10-04,266.69494632769147,90.0,0.43987435176065137,0.9307323662944779,0.5362662372115908,-0.2029329038782574,-0.3333333333333333,-453.3050536723086
2012-11-03,272.80779786619786,90.0,0.4340455519995126,0.9283646083731156,0.5323023359693524,-0.1989690026360192,-0.3333333333333333,-447.19220213380225
2012-12-03,279.0985826671881,90.0,0.4282301384010244,0.9258155756060813,0.5283042419643379,-0.1949709086310048,-0.3333333333333333,-440.901417332812
2013-01-02,285.5845994119408,90.0,0.41342062949829506,0.9190436152510159,0.5179172629876042,-0.18458392965427065,-0.3333333333333333,-434.4154005880593
2013-02-01,292.0039688596306,90.0,0.37682011426720396,0.8995669523345314,0.49082206736248835,-0.1574887340291547,-0.3333333333333333,-427.9960311403695
2013-03-03,297.19656696611946,90.0,0.32115920067032133,0.8582209492746173,0.44459879327643326,-0.11126545994309987,-0.3333333333333333,-422.8034330338806
2013-04-02,300.49310912028255,90.0,0.2690797890388348,0.801081654504243,0.3929553344918233,-0.059622001158489916,-0.3333333333333333,-419.50689087971756
2013-05-02,302.6601929495972,90.0,0.22727506548218607,0.7453437326002972,0.34074768058765603,-0.007414347254322643,-0.3333333333333333,-417.33980705040284
2013-06-01,304.7215292184015,90.0,0.19416331714669804,0.7058260811792567,0.2839199192442208,0.0494134140891126,-0.3333333333333333,-415.27847078159857
2013-07-01,310.22343021780307,90.0,0.1722667727986013,0.6927703901473483,0.21958219431184195,0.11375113902149146,-0.3333333333333333,-409.77656978219704
2013-07-31,11.163471457352122,90.0,0.1688583607630648,0.7103443564677588,0.1997702472615066,0.13356308607182676,-0.3333333333333333,-348.83652854264795
2013-08-30,21.072462816030928,90.0,0.19164185269312878,0.7534543478959563,0.2784145660349817,0.05491876729835159,-0.3333333333333333,-338.92753718396915
2013-09-29,19.52418187430044,90.0,0.23415650380265385,0.8044160589502064,0.35036456694860674,-0.017031233615273363,-0.3333333333333333,-340.4758181256996
2013-10-29,17.370252983421178,90.0,0.26560239833777866,0.8375571879491791,0.38908039339133627,-0.0557470600580028,-0.3333333333333333,-342.62974701657896
2013-11-28,17.38352205646062,90.0,0.2664041168784751,0.8379761097439381,0.38997973190447177,-0.056646398571138463,-0.3333333333333333,-342.6164779435395
2013-12-28,20.90104666249564,90.0,0.2441173374034064,0.8047165529620938,0.3634542053177964,-0.03012087198446311,-0.3333333333333333,-339.09895333750444
2014-01-27,29.25552570862105,90.0,0.21281080342822142,0.7419428530420635,0.31856159212758317,0.014771741205750226,-0.3333333333333333,-330.74447429137905
2014-02-26,44.17064215037915,90.0,0.18822447660925576,0.6670564162295517,0.27048817200777864,0.06284516132555482,-0.3333333333333333,-315.8293578496209
2014-03-28,65.44190067342798,90.0,0.1803268939792384,0.6132925658197046,0.24931116833668626,0.08402216499664707,-0.3333333333333333,-294.5580993265721
2014-04-27,82.67769201447611,90.0,0.18512942406126617,0.6002751458374478,0.2627467306617523,0.07058660267158111,-0.3333333333333333,-277.322307985524
2014-05-27,91.68202409611386,90.0,0.19782494010811613,0.6274821550900034,0.29148307873144574,0.04185025460188765,-0.3333333333333333,-268.31797590388624
2014-06-26,96.15834999234428,90.0,0.21846420630554064,0.6844513159758403,0.32759761403055,0.005735719302783165,-0.3333333333333333,-263.8416500076558
2014-07-26,98.02563198535738,90.0,0.25166418480238983,0.7577251944831487,0.37281893822306156,-0.039485604889728285,-0.3333333333333333,-261.9743680146427
2014-08-25,97.59535172738471,90.0,0.3055873490973686,0.833108710973706,0.4302199652902107,-0.09688663195687722,-0.3333333333333333,-262.40464827261536
2014-09-24,94.69711627310147,90.0,0.38273555748831667,0.8957005484986067,0.4953526040154145,-0.16201927068208127,-0.3333333333333333,-265.30288372689864
2014-10-24,89.97359033513065,90.0,0.4611751327286164,0.9356739266978671,0.5504038593271838,-0.21707052599385038,-0.3333333333333333,-270.02640966486945
2014-11-23,84.81326726038202,90.0,0.513936455982587,0.9558927338655054,0.5833618726121637,-0.25002853927883034,-0.3333333333333333,-275.1867327396181
2014-12-23,79.85981725878968,90.0,0.5382596591075047,0.9640674841551068,0.597707843609681,-0.26437451027634784,-0.3333333333333333,-280.1401827412104
2015-01-22,75.04030660530219,90.0,0.53948057692324,0.9644571235074552,0.5984153842423958,-0.2650820509090623,-0.3333333333333333,-284.9596933946979
2015-02-21,70.11682774090117,90.0,0.5190131143213548,0.9576596697226756,0.5863966082092544,-0.25306327487592073,-0.3333333333333333,-289.88317225909896
2015-03-23,64.94507576975346,90.0,0.4755944616854579,0.9418939395276053,0.5596856197839376,-0.2263522864506042,-0.3333333333333333,-295.0549242302467
2015-04-22,59.61048833163942,90.0,0.41212683653618554,0.9147102303548964,0.5169952052340512,-0.18366187190071803,-0.3333333333333333,-300.3895116683607
2015-05-22,54.36530883586245,90.0,0.340799705223191,0.8759826179150761,0.46173702993323085,-0.12840369659989756,-0.3333333333333333,-305.6346911641377
2015-06-21,49.30579412290011,90.0,0.276423908429115,0.829853298862066,0.4009285305737571,-0.0675951972404238,-0.3333333333333333,-310.6942058771
2015-07-21,44.09718278631675,90.0,0.22701126189773568,0.7833185493471484,0.3403684156950933,-0.007035082361759872,-0.3333333333333333,-315.90281721368336
2015-08-20,37.61771798403413,90.0,0.19380692641438363,0.7438282862562717,0.28315756705746314,0.05017576627587037,-0.3333333333333333,-322.382282015966
2015-09-19,25.803115556719547,90.0,0.17539072788951152,0.7178500645239533,0.2327123373152597,0.10062099601807371,-0.3333333333333333,-334.19688444328057
2015-10-19,354.35744247483103,90.0,0.17029462392038675,0.7098749815035377,0.2092574946330263,0.12407583870030701,-0.3333333333333333,-365.6425575251691
2015-11-18,327.85278874007327,90.0,0.17804361764141763,0.7214760700821768,0.24208864945269187,0.09124468388064151,-0.3333333333333333,-392.1472112599268
2015-12-18,317.92832899315886,90.0,0.1994953765390383,0.7508664227077019,0.2947851857659203,0.03854814756741304,-0.3333333333333333,-402.07167100684126
2016-01-17,312.0146927600791,90.0,0.23671914862427326,0.7933019994365116,0.3538196548309044,-0.02048632149757086,-0.3333333333333333,-407.985307239921
2016-02-16,307.09829969380564,90.0,0.29186378736998886,0.8419895086036726,0.41686370971806064,-0.08353037638472738,-0.3333333333333333,-412.90170030619447
2016-03-17,302.31763144809713,90.0,0.3638111484378981,0.8892063542931755,0.4806288314025082,-0.1472954980691749,-0.3333333333333333,-417.6823685519029
2016-04-16,297.5150148003575,90.0,0.44347283614461724,0.9282004800498345,0.5386923173131984,-0.2053589839798651,-0.3333333333333333,-422.48498519964255
2016-05-16,292.94622454508976,90.0,0.515589046079215,0.955874949838167,0.5843521819844404,-0.2510188486511069,-0.3333333333333333,-427.05377545491035
2016-06-15,288.94792732971496,90.0,0.5700099064322675,0.9734817380780925,0.6157453010758316,-0.2824119677424984,-0.3333333333333333,-431.0520726702851
2016-07-15,285.66602958558906,90.0,0.6066790638841071,0.9841506742461904,0.6357148503415639,-0.3023815170082308,-0.3333333333333333,-434.33397041441106
2016-08-14,283.0735571881685,90.0,0.6302311510356275,0.9905867954417376,0.6481043492222394,-0.31477101588890605,-0.3333333333333333,-436.92644281183163
2016-09-13,281.09000563631463,90.0,0.6451944796102778,0.9945272626890466,0.6558127659783196,-0.32247943264498646,-0.3333333333333333,-438.9099943636855
2016-10-13,279.6539196093778,90.0,0.654696989204899,0.9969745756706295,0.6606455743835005,-0.3273122410501671,-0.3333333333333333,-440.3460803906223
2016-11-12,278.75615876978117,90.0,0.6604539776289444,0.9984378013406959,0.6635506123533218,-0.3302172790199884,-0.3333333333333333,-441.2438412302189
2016-12-12,278.46645886330487,90.0,0.6624797943394547,0.9989496614332344,0.6645688295826295,-0.3312354962492962,-0.3333333333333333,-441.53354113669525
2017-01-11,278.9657091221735,90.0,0.6573026261065615,0.9976295331399929,0.6619625173659708,-0.3286291840326377,-0.3333333333333333,-441.0342908778266
2017-02-10,280.52615008079476,90.0,0.633128610136994,0.9911970015168039,0.6496065922631777,-0.3162732589298445,-0.3333333333333333,-439.4738499192053
2017-03-12,283.16511795516453,90.0,0.5690694678380662,0.9718364943222266,0.6152214577298095,-0.28188812439647637,-0.3333333333333333,-436.8348820448356
2017-04-11,286.12056020253897,90.0,0.46625641009982316,0.932067710188552,0.5537000912136666,-0.22036675788033316,-0.3333333333333333,-433.8794397974611
2017-05-11,288.65454801474976,90.0,0.36062145440173166,0.876075917025885,0.4780786026414018,-0.14474526930806833,-0.3333333333333333,-431.34545198525035
2017-06-10,290.7724315624966,90.0,0.2759716621923536,0.8151066732086562,0.4004454034303926,-0.06711207009705931,-0.3333333333333333,-429.22756843750346
2017-07-10,292.7117313455485,90.0,0.2169681103254123,0.7587686048339388,0.3252564577295621,0.008076875603771337,-0.3333333333333333,-427.2882686544516
2017-08-09,294.46362172973113,90.0,0.18202047422876955,0.7135371091772966,0.254284608784999,0.07904872454833452,-0.3333333333333333,-425.5363782702689
2017-09-08,292.3672254972749,90.0,0.16779314216154206,0.6825422633933066,0.1903992971032138,0.1429340362301194,-0.3333333333333333,-427.63277450272517
2017-10-08,220.29028067444654,90.0,0.1683945894625705,0.6640743656690121,0.1960598869385581,0.1372734463947751,-0.3333333333333333,-499.7097193255536
2017-11-07,221.4600516032927,90.0,0.17276572060379888,0.6504939342055803,0.22188918896116264,0.11144414437217075,-0.3333333333333333,-498.5399483967074
2017-12-07,218.96986339393683,90.0,0.17193306319826368,0.635372440983749,0.21798136500738097,0.11535196832595242,-0.3333333333333333,-501.03013660606325
2018-01-06,203.56069169491533,90.0,0.17135239999651666,0.6228394143583525,0.2150698345890763,0.11826349874425718,-0.3333333333333333,-516.4393083050848
2018-02-05,193.1744020303291,90.0,0.17588799015228224,0.6181524952998848,0.23456852041756066,0.09876481291577265,-0.3333333333333333,-526.825597969671
2018-03-07,191.99042661277724,90.0,0.17932519986362172,0.6201118189964325,0.2462233546223473,0.08710997871098591,-0.3333333333333333,-528.0095733872228
2018-04-06,189.21800110885275,90.0,0.1749685830687472,0.626786678646754,0.2310945969534629,0.10223873637987047,-0.3333333333333333,-530.7819988911473
2018-05-06,168.656308078347,90.0,0.170997670714288,0.6435498713563207,0.2132016215265424,0.12013171180679091,-0.3333333333333333,-551.3436919216531
2018-06-05,146.01063985034443,90.0,0.17986529840171808,0.6770937867828667,0.24790284005959368,0.08543049327373976,-0.3333333333333333,-573.9893601496556
2018-07-05,139.94160215050204,90.0,0.20930509739893627,0.7284145369983671,0.3126776777793044,0.020655655554028835,-0.3333333333333333,-580.0583978494981
2018-08-04,138.35217620380078,90.0,0.26451538535694,0.7931662439948727,0.3878551820673011,-0.05452184873396766,-0.3333333333333333,-581.6478237961993
2018-09-03,138.19229459096587,90.0,0.34899705425080646,0.8633256755687527,0.46860241114232476,-0.13526907780899142,-0.3333333333333333,-581.8077054090343
2018-10-03,138.90892488725137,90.0,0.45893132607983045,0.927317270440129,0.548939252273563,-0.21560591894022973,-0.3333333333333333,-581.0910751127487
2018-11-02,140.28080321504206,90.0,0.564465913908158,0.9705761326326672,0.6126483071192146,-0.2793149737858811,-0.3333333333333333,-579.719196784958
2018-12-02,141.26528356744564,90.0,0.6113495169754788,0.9855031841283836,0.6381976043095812,-0.3048642709762478,-0.3333333333333333,-578.7347164325545
2019-01-01,140.61774211443458,90.0,0.5942461614483869,0.9806042144277017,0.6290407007460688,-0.2957073674127355,-0.3333333333333333,-579.3822578855655
2019-01-31,138.2384900948192,90.0,0.5443964757158819,0.965549508121672,0.6012525667193578,-0.2679192333860244,-0.3333333333333333,-581.7615099051809
2019-03-02,134.49127362944145,90.0,0.48000358922618525,0.943676182837492,0.5624803365667338,-0.22914700323340037,-0.3333333333333333,-585.5087263705586
2019-04-01,129.6959065355913,90.0,0.41029409352230023,0.9156723335696367,0.5156848802713678,-0.18235154693803426,-0.3333333333333333,-590.3040934644088
2019-05-01,124.07800242792834,90.0,0.3431371739382537,0.8823720043348425,0.46371086141854784,-0.1303775280852145,-0.3333333333333333,-595.9219975720717
2019-05-31,117.71831771086266,90.0,0.2853733226588704,0.8459166059213892,0.41029205121454554,-0.07695871788121214,-0.3333333333333333,-602.2816822891374
2019-06-30,110.42788165002301,90.0,0.24085170519949436,0.8098049829487332,0.35926084951343346,-0.025927516180100214,-0.3333333333333333,-609.5721183499771
2019-07-30,101.55280756786401,90.0,0.2100367577304762,0.7782062934000001,0.3139250977730205,0.019408235560312778,-0.3333333333333333,-618.447192432136
2019-08-29,89.72329602141266,90.0,0.19142586078029908,0.7550603942815939,0.2779303042883812,0.055403029044952076,-0.3333333333333333,-630.2767039785874
2019-09-28,73.41528668748715,90.0,0.18317561585270842,0.7432866321600632,0.25752080577447434,0.07581252755885899,-0.3333333333333333,-646.5847133125129
2019-10-28,54.870101391337876,90.0,0.184041731837661,0.744204320998476,0.2598736008802603,0.07345973245307315,-0.3333333333333333,-665.1298986086622
2019-11-27,39.62709198473997,90.0,0.19365064181093034,0.7572659110128097,0.2828216819356245,0.05051165139770886,-0.3333333333333333,-680.3729080152601
2019-12-27,28.449546065309068,90.0,0.2123119347910687,0.7801892485876988,0.31773828564985296,0.015595047683480445,-0.3333333333333333,-691.5504539346911
2020-01-26,19.608548292772575,90.0,0.24042765193541105,0.8094388447952874,0.35870961143260227,-0.025376278099268856,-0.3333333333333333,-700.3914517072276
2020-02-25,11.886734864940118,90.0,0.27748688427047635,0.8409197738671115,0.40206018569789415,-0.06872685236456068,-0.3333333333333333,-708.11326513506
2020-03-26,4.702841908968651,90.0,0.32097421322350994,0.8707931381075121,0.4444323471932963,-0.11109901385996271,-0.3333333333333333,-715.2971580910314
2020-04-25,357.8509906286312,90.0,0.3661995991386603,0.8962904875227748,0.4825249675485603,-0.14919163421522671,-0.3333333333333333,-722.1490093713688
2020-05-25,351.311122004545,90.0,0.4078589337664731,0.9161944059463014,0.5139362068654916,-0.18060287353215787,-0.3333333333333333,-728.6888779954551
2020-06-24,345.1122936914685,90.0,0.44226772586754953,0.9306775575463782,0.5378816038667226,-0.20454827053338925,-0.3333333333333333,-734.8877063085315
2020-07-24,339.25825186235267,90.0,0.4682878624295635,0.9406838923503538,0.5550100686724796,-0.2216767353391462,-0.3333333333333333,-740.7417481376473
2020-08-23,333.71464211519003,90.0,0.48668861620423637,0.947341242221447,0.5666803848924106,-0.23334705155907723,-0.3333333333333333,-746.28535788481
2020-09-22,328.42599349652795,90.0,0.49908951237791926,0.9516540898299951,0.5743570183499341,-0.2410236850166007,-0.3333333333333333,-751.5740065034721
2020-10-22,323.3343980290107,90.0,0.5072399515340003,0.9544193519934421,0.5793246878339121,-0.24599135450057882,-0.3333333333333333,-756.6656019709892
2020-11-21,318.39036994329723,90.0,0.5126810532594646,0.9562361872954462,0.5826080006266363,-0.2492746672933028,-0.3333333333333333,-761.6096300567027
2020-12-21,313.5563852365651,90.0,0.5166130542663483,0.9575323603664302,0.5849646391693323,-0.25163130583599896,-0.3333333333333333,-766.4436147634349
2021-01-20,308.8055496235239,90.0,0.5198413434691173,0.9585818411332137,0.5868896293914865,-0.2535562960581531,-0.3333333333333333,-771.1944503764761
2021-02-19,304.11738914012767,90.0,0.5227524660697238,0.959513873504353,0.5886179668205216,-0.2552846334871883,-0.3333333333333333,-775.8826108598723
2021-03-21,299.4723424982542,90.0,0.5253121374737623,0.9603205954072023,0.5901318191922881,-0.2567984858589547,-0.3333333333333333,-780.5276575017458
2021-04-20,294.8463229850521,90.0,0.5270856944029866,0.9608674988013954,0.5911775780319224,-0.25784424469858896,-0.3333333333333333,-785.1536770149478
2021-05-20,290.20635529529017,90.0,0.527274532424012,0.960904833988051,0.5912887726369902,-0.2579554393036567,-0.3333333333333333,-789.7936447047099
2021-06-19,285.507758532627,90.0,0.5247550130574292,0.9600728855270999,0.5898027832950884,-0.25646944996175497,-0.3333333333333333,-794.492241467373
2021-07-19,280.6930444593747,90.0,0.5181101445392025,0.9578922449898882,0.5858584353552562,-0.25252510202192285,-0.3333333333333333,-799.3069555406253
2021-08-18,275.69313191389216,90.0,0.5056694081422504,0.9537332299106378,0.5783721083817257,-0.24503877504839222,-0.3333333333333333,-804.3068680861078
2021-09-17,270.4328431305925,90.0,0.4856350063914589,0.9467715078369314,0.5660213584663201,-0.23268802513298661,-0.3333333333333333,-809.5671568694075
2021-10-17,264.84394837615554,90.0,0.45648348666832556,0.9359746001252331,0.5473350394018197,-0.21400170606848654,-0.3333333333333333,-815.1560516238444
2021-11-16,258.88542520254606,90.0,0.41788739867258645,0.9202425547979418,0.5210821939830639,-0.18774886064973043,-0.3333333333333333,-821.1145747974539
2021-12-16,252.55256289521913,90.0,0.3719949350533061,0.8988894946583895,0.48707911054692504,-0.1537457772135917,-0.3333333333333333,-827.4474371047808
2022-01-15,245.8301609652631,90.0,0.3238230257999666,0.8724640293966713,0.44698466388883923,-0.11365133055550591,-0.3333333333333333,-834.1698390347368
2022-02-14,238.56147029826468,90.0,0.27949010940298136,0.8433727808226512,0.40417818505715936,-0.07084485172382578,-0.3333333333333333,-841.4385297017353
2022-03-16,230.27785870710136,90.0,0.24363725955976848,0.8156363756216449,0.36284336366850456,-0.0295100303351712,-0.3333333333333333,-849.7221412928986
2022-04-15,220.10169283006852,90.0,0.21860398523818353,0.7938613162065301,0.3278146088991334,0.005518724434200067,-0.3333333333333333,-859.8983071699315
2022-05-15,207.14850192353933,90.0,0.20539073638343203,0.7820434198276889,0.305814195780132,0.027519137553201328,-0.3333333333333333,-872.8514980764606
2022-06-14,192.30478004258043,90.0,0.20482859515629576,0.7826001185683393,0.3048005301644149,0.028532803168918642,-0.3333333333333333,-887.6952199574196
2022-07-14,178.8150019106386,90.0,0.21808600525565394,0.7958092940488412,0.3270090169503445,0.006324316382988767,-0.3333333333333333,-901.1849980893613
2022-08-13,168.40562178047594,90.0,0.24643493732232755,0.8197874183523444,0.3663767949221721,-0.033043461588838856,-0.3333333333333333,-911.5943782195241
2022-09-12,160.45546316390556,90.0,0.29038115161322614,0.8509734982447913,0.41537782941027923,-0.08204449607694604,-0.3333333333333333,-919.5445368360944
2022-10-12,153.97911004465817,90.0,0.34827932077058443,0.8848941318334878,0.46800754847986986,-0.1346742151465365,-0.3333333333333333,-926.0208899553419
2022-11-11,148.34263287527557,90.0,0.41488583494386216,0.9170318661703647,0.5189585685585463,-0.18562523522521296,-0.3333333333333333,-931.6573671247245
2022-12-11,143.25340552190227,90.0,0.48122204844186695,0.9437798424735282,0.5632491812681051,-0.2299158479347718,-0.3333333333333333,-936.7465944780978
2023-01-10,138.64311502261089,90.0,0.5374686912756834,0.9633193772642924,0.5972488450072343,-0.2639155116739008,-0.3333333333333333,-941.3568849773891
2023-02-09,134.53001047911576,90.0,0.577718572938051,0.9758538849302839,0.6200163695845049,-0.28668303625117153,-0.3333333333333333,-945.4699895208843
2023-03-11,130.90059231512848,90.0,0.6019453798743627,0.9828880718598935,0.6331850013587215,-0.299851668025388,-0.3333333333333333,-949.0994076848715
2023-04-10,127.66922597668085,90.0,0.6137065868006852,0.9861758210024258,0.6394456425814268,-0.3061123092480933,-0.3333333333333333,-952.3307740233192
2023-05-10,124.70437067945943,90.0,0.6170495976550676,0.9871014045019214,0.6412100951262761,-0.3078767617929427,-0.3333333333333333,-955.2956293205405
2023-06-09,121.86858315897857,90.0,0.61509098780961,0.9865795424908028,0.6401771317796054,-0.30684379844627224,-0.3333333333333333,-958.1314168410215
2023-07-09,119.04457243087337,90.0,0.609956085364665,0.9851884862206055,0.6374582440647751,-0.3041249107314417,-0.3333333333333333,-960.9554275691265
2023-08-08,116.14635212632845,90.0,0.6031251731590725,0.9833188480684208,0.633816806606925,-0.3004834732735917,-0.3333333333333333,-963.8536478736715
2023-09-07,113.12101070068144,90.0,0.5956976436374852,0.9812623245898944,0.6298248345590286,-0.29649150122569523,-0.3333333333333333,-966.8789892993186
2023-10-07,109.9449292237591,90.0,0.588491013648134,0.9792424670226871,0.6259184205998811,-0.2925850872665475,-0.3333333333333333,-970.0550707762409
2023-11-06,106.61677927990517,90.0,0.5820499596040805,0.9774153268642203,0.6223986564026374,-0.289065323069304,-0.3333333333333333,-973.3832207200949
2023-12-06,103.14933492278513,90.0,0.5766473807176109,0.975865398848023,0.6194252745643765,-0.28609194123104303,-0.3333333333333333,-976.8506650772148
2024-01-05,99.56191553772149,90.0,0.5723142915727668,0.9746095298382748,0.6170263145627122,-0.2836929812293788,-0.3333333333333333,-980.4380844622785
2024-02-04,95.87463710510782,90.0,0.5688980543998233,0.9736104142826021,0.615125911042985,-0.2817925777096515,-0.3333333333333333,-984.1253628948921
2024-03-05,92.1048643839652,90.0,0.5661347942989772,0.9727961260582009,0.6135828375714072,-0.28024950423807393,-0.3333333333333333,-987.8951356160347
2024-04-04,88.26566405233856,90.0,0.5637227769675428,0.9720813718602593,0.6122315386555142,-0.2788982053221809,-0.3333333333333333,-991.7343359476615
2024-05-04,84.36576046589533,90.0,0.5613879985747139,0.9713871530139411,0.6109195968247284,-0.2775862634913948,-0.3333333333333333,-995.6342395341046
2024-06-03,80.41043926639135,90.0,0.5589363357542221,0.9706566740387655,0.6095377930045414,-0.2762044596712079,-0.3333333333333333,-999.5895607336087
2024-07-03,76.40293430474087,90.0,0.556288328578846,0.9698662062287748,0.6080404662471239,-0.27470713291379056,-0.3333333333333333,-1003.5970656952591
2024-08-02,72.34598512197863,90.0,0.5534938189113974,0.9690301273774248,0.6064547703283794,-0.2731214369950462,-0.3333333333333333,-1007.6540148780213
2024-09-01,68.24337948542492,90.0,0.5507249590997689,0.9681996505087718,0.6048779698259431,-0.2715446364926094,-0.3333333333333333,-1011.756620514575
2024-10-01,64.10135539548065,90.0,0.5482489222617174,0.9674553761243367,0.6034631041493062,-0.2701297708159728,-0.3333333333333333,-1015.8986446045194
2024-10-31,59.92972639410825,90.0,0.5463850636040379,0.9668946936167555,0.6023950206542006,-0.26906168732086727,-0.3333333333333333,-1020.0702736058918
2024-11-30,55.74257385369861,90.0,0.5454542364753647,0.9666160592517135,0.6018606290608491,-0.2685272957275157,-0.3333333333333333,-1024.2574261463012
2024-12-30,51.558412083546926,90.0,0.5457307153329096,0.9667033669193322,0.6020194251661638,-0.2686860918328305,-0.3333333333333333,-1028.441587916453
2025-01-29,47.399814418201494,90.0,0.5474061308288259,0.967213678544022,0.6029804666788593,-0.269647133345526,-0.3333333333333333,-1032.6001855817985
2025-02-28,43.29254544653429,90.0,0.5505699330313607,0.968170266373733,0.6047895183673593,-0.2714561850340258,-0.3333333333333333,-1036.7074545534658
