date,mean_direction,direction_std,mean_magnitude,zach_75W_parallel,adhikari_100W_parallel,greenland_45_parallel
1978-01-01,64.11589047919625,56.98167151455137,14.46354887671931,-8.409293829817775,-8.942532423137443,4.03996987997052
1978-01-31,62.58128490791023,57.17545733556058,13.971007293699468,-8.21829247654628,-8.70606609562636,4.139553544043922
1978-03-02,61.03960535481963,57.352856652516316,13.48199447291917,-8.021918365019593,-8.46468711470308,4.2319619973098925
1978-04-01,59.49123139665278,57.510890635841726,12.998764019716589,-7.8210597963434845,-8.219463586132216,4.316913625512477
1978-05-01,57.93673554957172,57.6468034037715,12.523482675834996,-7.616636740509703,-7.971488403186895,4.39419302658453
1978-05-31,56.37689890115712,57.758023583059526,12.058207330376536,-7.409590774923812,-7.721867347088397,4.463653061652564
1978-06-30,54.812724333049516,57.842136259649095,11.604864443872186,-7.200875965955925,-7.471708113431722,4.525217799875057
1978-07-30,53.245448508379866,57.8968804146766,11.165232689076216,-6.99144785916089,-7.222107683973686,4.578882508755088
1978-08-29,51.67654997203101,57.92017699995145,10.740928697236365,-6.782251084918376,-6.974138639306541,4.624710608447638
1978-09-28,50.107748334229484,57.91018639834032,10.33339550572772,-6.574206415922461,-6.728835310551638,4.662827942179277
1978-10-28,48.540988841762385,57.865387071521,9.943893146183395,-6.368198311833598,-6.4871808298136,4.693415096648402
1978-11-27,46.97840841263928,57.78466126467772,9.573490837609835,-6.16506400156528,-6.2500961119039635,4.716698762262533
1978-12-27,45.42228340927977,57.66737043507231,9.22306045502971,-5.9655849895778665,-6.018431596703764,4.732943208502091
1979-01-26,43.87496499839398,57.513404134140224,8.893271259389131,-5.7704815457143885,-5.792962226659257,4.742442834632516
1979-02-25,42.33881297696689,57.32319170518157,8.584586202401654,-5.580410321158939,-5.574385704155637,4.745516477400853
1979-03-27,40.81614152671034,57.09767489566874,8.297260336554215,-5.395964798684704,-5.363323642578856,4.742503770664506
1979-04-26,39.30918957956669,56.83824878434909,8.031341923634287,-5.217677934449387,-5.160324891802075,4.7337634533441495
1979-05-26,37.82012487849323,56.546685843339525,7.786676708540835,-5.046026113225077,-4.965870111200901,4.71967316426274
1979-06-25,36.35108611560844,56.225061917045494,7.562915533041497,-4.881433455825391,-4.780376613201322,4.700630002805481
1979-07-25,34.904263887144,55.875702970440294,7.359525064896553,-4.724275596078732,-4.604202610966293,4.677051017006667
1979-08-24,33.48202038565893,55.501168388532726,7.175801012107022,-4.574882278811345,-4.4376502630846595,4.649372834066317
1979-09-23,32.087050653772906,55.104281862810225,7.010882877244042,-4.433538474640642,-4.2809672669052565,4.618049856133186
1979-10-23,30.722595064096595,54.68821585667423,6.8637691584195,-4.300484064487828,-4.134347110900504,4.583550736292395
1979-11-22,29.392723853605332,54.25663038596654,6.7333319638181655,-4.175912470395406,-3.9979284097226877,4.546353182591554
1979-12-22,28.102730433066768,53.813861087779316,6.618330318188475,-4.059968851961344,-3.8717939670146078,4.506937465202041
1980-01-21,26.859690739144867,53.36514475014702,6.517422041974992,-3.952748612344481,-3.75597030774235,4.465779267303338
1980-02-20,25.673267674178476,52.916863921182554,6.4291750769304645,-3.8542969435053176,-3.65042837782835,4.423342678594673
1980-03-21,24.556847931559275,52.47679478863435,6.352080733468914,-3.764609982944183,-3.555085925227947,4.380074147953733
1980-04-20,23.529048937495645,52.0543832585163,6.284573842877646,-3.683637882356325,-3.4698117871328735,4.336398083342283
1980-05-20,22.615414426758548,51.661218454903505,6.225068304554351,-3.6112897469218357,-3.394431960711877,4.29271453055929
1980-06-19,21.84949412884248,51.31217581225587,6.172019856523592,-3.547440051294536,-3.328736989778825,4.249399020938651
1980-07-19,21.271189812924888,51.02783723715732,6.124026063106888,-3.491935845508671,-3.2724899275585986,4.206804312546497
1980-08-18,20.918834351051714,50.83719156908476,6.079955500310503,-3.4446038859570205,-3.2254339870731625,4.1652634303476885
1980-09-17,20.814006271951484,50.77483396144648,6.039057543029767,-3.4052568009731954,-3.1872989977252413,4.125093201726038
1980-10-17,20.949024044122098,50.866653277417754,6.000977682538495,-3.3736975322164993,-3.1578059493905175,4.086597416661557
1980-11-16,21.291882321168487,51.11387724299296,5.9656625536690076,-3.3497215364372153,-3.136669172523239,4.0500688107080975
1980-12-16,21.803918891547482,51.49330638251787,5.933235869618681,-3.3331165696808362,-3.1235960533112865,4.015789278944769
1981-01-15,22.452483857828156,51.970629299302,5.903917537721822,-3.3236602496585195,-3.1182845570541007,3.9840280418359666
1981-02-14,23.21375906047291,52.51212264877121,5.877984096152717,-3.3211159299013033,-3.120419158343379,3.9550378407973907
1981-03-16,24.07100008986447,53.08962604782044,5.855744206716029,-3.325227672427673,-3.129666005831441,3.9290495920927637
1981-04-15,25.012218251447166,53.6811521638017,5.837516905466618,-3.3357152366764398,-3.145668249422712,3.9062662159752017
1981-05-15,26.028442611943547,54.2698824446555,5.823611597056201,-3.3522699536881198,-3.168042377119878,3.886856499450596
1981-06-14,27.112567843830448,54.84290830733019,5.814311292123297,-3.3745521662006364,-3.196376194254312,3.870949842280739
1981-07-14,28.258599784072146,55.390172082244185,5.809859902540652,-3.402190612005731,-3.2302287582527653,3.85863257305424
1981-08-13,29.46115029144545,55.90368981041462,5.810453581572582,-3.434783779429847,-3.269132229577932,3.849946251095416
1981-09-12,30.715089636180778,56.37702344271147,5.816235714111623,-3.471902932202894,-3.3125952761849917,3.844888042402593
1981-10-12,32.01530230009979,56.8049511763787,5.827295080798659,-3.5130962367048744,-3.3601074241069377,3.8434129225866127
1981-11-11,33.35651360332713,57.18329528700957,5.84366673913945,-3.5578932994760075,-3.4111436500397745,3.845437191456113
1981-12-11,34.73316561786669,57.50888579220382,5.865335161244382,-3.605809416215164,-3.465168536219566,3.8508425999613745
1982-01-10,36.13932466048584,57.77966179443399,5.892239112810322,-3.6563489686705988,-3.521639470233349,3.8594803484509153
1982-02-09,37.568598458987594,57.99494624408673,5.924277621427189,-3.7090076439186155,-3.5800086291996522,3.871174308899672
1982-03-11,39.014021589299034,58.15599063023352,5.961316086871465,-3.7632734682060653,-3.6397238132263614,3.8857230472514694
1982-04-10,40.46780526377569,58.26701712721187,6.003190957398237,-3.818626974277545,-3.700228513413626,3.9029005344850787
1982-05-10,41.92064073889344,58.337305434557216,6.049709813970094,-3.8745410951887256,-3.760961853618309,3.922455781883169
1982-06-09,43.3594657589025,58.38571785416524,6.100638900825805,-3.930481545022881,-3.8213591821398354,3.9441119521306187
1982-07-09,44.75912267999195,58.45119083049266,6.15565265858081,-3.9859084546230426,-3.8808540620164393,3.9675657061078917
1982-08-08,46.04647830418941,58.61258487477001,6.21414610013232,-4.040279868915349,-3.9388822147676,3.9924875942714326
1982-09-07,46.9971669594305,58.94260886342676,6.274591920506814,-4.093057407083329,-3.9948876442568513,4.0185241748294755
1982-10-07,47.43434859944989,59.25882105350324,6.333943738942013,-4.143713999786409,-4.048330771702156,4.04530226338784
1982-11-06,47.585266241736235,59.41696114325546,6.389561571178192,-4.191743219492521,-4.098698022619332,4.072435337429923
1982-12-06,47.62483154814805,59.464662164519815,6.440263498943468,-4.2366693878863755,-4.145511996708721,4.099531710509978
1983-01-05,47.61170116129341,59.44800419597119,6.485525367869501,-4.278057444564537,-4.188341183966566,4.126203738706249
1983-02-04,47.566605827260105,59.39136409771937,6.525071334426938,-4.315521540217917,-4.226808204989438,4.152077099352977
1983-03-06,47.49796179912414,59.30762146189746,6.558756862296249,-4.34873147763806,-4.260595746353439,4.176799129215374
1983-04-05,47.40941921064871,59.203991322315694,6.58652914650201,-4.377416430743508,-4.289449693107799,4.2000453289271436
1983-05-05,47.30254026550426,59.0848146543514,6.608408481819166,-4.40136577994255,-4.313179379881058,4.221523419995722
1983-06-04,47.17795535127391,58.95295898091277,6.624475731841715,-4.420427342618355,-4.331655317631272,4.240974740841806
1983-07-04,47.03595967285446,58.8105638353962,6.6348616565295755,-4.434503660454386,-4.344805115521451,4.258173209112398
1983-08-03,46.87686685616103,58.659447850637754,6.639737073786466,-4.443547254784566,-4.352608535208048,4.272922469733496
1983-09-02,46.70123296161603,58.50132380303945,6.639303928681419,-4.447555828902121,-4.3550926462315065,4.285052113887039
1983-10-02,46.50999404540829,58.33789737278519,6.633787686130257,-4.44656828412564,-4.352327905907693,4.2944139496370815
1983-11-01,46.30453615966968,58.1708949169081,6.623431455195806,-4.440662142583342,-4.344425688454895,4.300879216184286
1983-12-01,46.086709818561644,58.002050927842184,6.6084920818760935,-4.429952604545917,-4.331537410804102,4.304337395225869
1983-12-31,45.85880025778778,57.83307710408558,6.589238182375967,-4.4145930555778845,-4.3138549926826695,4.304696909110841
1984-01-30,45.62346540615613,57.66562826696071,6.565949813301437,-4.394776468273484,-4.29161203626692,4.30188757823827
1984-02-29,45.38365346984722,57.50127463566783,6.538919242009285,-4.37073688636778,-4.265084884843186,4.295864314682407
1984-03-30,45.142511026203806,57.34148518776751,6.508452133056155,-4.342750090873816,-4.234592669674416,4.286611237208636
1984-04-29,44.90329090620588,57.18762319874429,6.474868437907227,-4.311132653349199,-4.20049559658541,4.274145270386877
1984-05-29,44.66926735918747,57.040952624540935,6.43850235286572,-4.276238840014454,-4.163191010186295,4.25851834942049
1984-06-28,44.44366449981965,56.90265274825246,6.399700905898939,-4.238455209759265,-4.123107166914183,4.2398175925140915
1984-07-28,44.2296028605449,56.77383825377116,6.358820998372887,-4.198193153657098,-4.080695049946593,4.2181631597027485
1984-08-27,44.030067860109455,56.6555823925608,6.31622503136859,-4.155879983766509,-4.036418901419593,4.193703923101063
1984-09-26,43.84790278152019,56.548941863275054,6.272275551391768,-4.111949440073819,-3.9907463798431766,4.166611458100268
1984-10-26,43.68582704141022,56.45498304340179,6.2273295966271105,-4.066832594888066,-3.944139326320799,4.137073157597098
1984-11-25,43.54647795802117,56.37480990966163,6.1817335473499355,-4.020950061515911,-3.8970460158610893,4.105285409995376
1984-12-25,43.43247121806155,56.309594111761804,6.135819255004255,-3.974706182563896,-3.849895510426216,4.071447747875416
1985-01-24,43.346472334707585,56.26060709252458,6.089902028339199,-3.928485521171274,-3.8030943619721707,4.035758670801613
1985-02-23,43.29126923583664,56.22925297342269,6.044280720692951,-3.882651573163213,-3.7570255071416856,3.9984135109244927
1985-03-25,43.26983512216748,56.21709932633467,5.999239768041755,-3.837547250340652,-3.7120488411027335,3.9596043215070047
1985-04-24,43.28537103597864,56.22590107685058,5.955052633671856,-3.7934964084348595,-3.6685027064897024,3.9195213906301847
1985-05-24,43.34131936425058,56.2576108365848,5.911985807563011,-3.750805570608122,-3.6267054427548415,3.8783556952329454
1985-06-23,43.44134296407606,56.31436728108123,5.870302341946261,-3.709765046297883,-3.5869562230920593,3.8363014629712144
1985-07-23,43.58926978594707,56.39845235468422,5.830263906710144,-3.6706488402874307,-3.549534628612937,3.7935580166985634
1985-08-22,43.789009521884395,56.512209036861194,5.792130548424171,-3.6337130547992667,-3.514698733926868,3.7503302413125836
1985-09-21,44.04445587375676,56.65791513679727,5.756157737385722,-3.5991928556496755,-3.482681849889926,3.70682730424443
1985-10-21,44.359393296777284,56.837615283532024,5.72259083193793,-3.5672984250752022,-3.4536884101621323,3.663259619032347
1985-11-20,44.73742772671079,57.05292159017956,5.691657670319016,-3.538210589314522,-3.42788973086971,3.6198343964222612
1985-12-20,45.18195487980995,57.30480036674571,5.6635604850566,-3.5120769558633347,-3.4054204882895958,3.576750430462027
1986-01-19,45.69616765576751,57.59336422503384,5.638468558169887,-3.4890093882763114,-3.386376717980803,3.534192958739314
1986-02-18,46.28308961564301,57.917684443262,5.61651288736321,-3.4690834765008622,-3.3708159378860443,3.4923294704045063
1986-03-20,46.94560971639527,58.27562970375028,5.59778362652516,-3.4523403562783233,-3.3587596720746364,3.451307201392481
1986-04-19,47.68648866342045,58.66372969082484,5.582330348741426,-3.4387908524085335,-3.3501982656951395,3.411252778767486
1986-05-19,48.50831015762316,59.07706110883513,5.570164484964935,-3.428421531679151,-3.3450974995570664,3.3722741084561125
1986-06-18,49.41335862837349,59.509161841339015,5.561262853073299,-3.4212019194135825,-3.34340620126699,3.334464203724721
1986-07-18,50.40341576414539,59.951993408650885,5.555571153536724,-3.4170919267064424,-3.3450638736584506,3.2979063009902365
1986-08-17,51.47947968127971,60.39598556671294,5.553006653887141,-3.416048484353574,-3.3500073457102344,3.2626793626910913
1986-09-16,52.64142381006462,60.83020166126062,5.553459870069454,-3.418030509695587,-3.358175614697382,3.2288629856145055
1986-10-16,53.88762902612308,61.242653785927516,5.556795632806922,-3.4230016157742216,-3.369512356651298,3.1965408278444967
1986-11-15,55.21464125779562,61.620772582943964,5.562854275285137,-3.43093036709301,-3.383965989146459,3.165801931737643
1986-12-15,56.61692174140131,61.952003211617054,5.571453678615582,-3.441788315286221,-3.401487596074102,3.1367397018349163
1987-01-14,58.08675860706171,62.22446613669735,5.582392610082067,-3.455546429116226,-3.422027386418669,3.1094487259821437
1987-02-13,59.61438951767184,62.427599544719726,5.595455335964426,-3.472170785139657,-3.445530580089877,3.0840200177733244
1987-03-15,61.18834669882176,62.5526966562422,5.610417085206491,-3.4916184886729846,-3.4719336806598675,3.0605355549873896
1987-04-14,62.795988641268764,62.59326817490114,5.627049691823643,-3.513834700756193,-3.501161964792771,3.039063116665514
1987-05-14,64.42414303049111,62.545192686471914,5.645126705485464,-3.5387513790737084,-3.5331287221742658,3.0196523574619643
1987-06-13,66.0597661821165,62.406655997764545,5.6644273986856035,-3.5662879553500395,-3.567736379965132,3.002332814790903
1987-07-13,67.69052961670604,62.177913694670764,5.684739340033846,-3.5963537359918103,-3.6048792128557885,2.987114160381061
1987-08-12,69.30526929455431,61.86093246061171,5.7058594836913095,-3.6288514185112124,-3.644446964905074,2.973988564070003
1987-09-11,70.89426738308595,61.458972772483364,5.727593972997302,-3.663680843239795,-3.6863284690198466,2.9629346195904316
1987-10-11,72.44936993379582,60.976170802127186,5.749757005429113,-3.7007419840459126,-3.7304142745640285,2.9539219524195723
1987-11-10,73.96396909992495,60.41716465736383,5.772169155479569,-3.739936268015999,-3.7765974206673185,2.9469154683084726
1987-12-10,75.4328922176125,59.786793751223826,5.79465550532911,-3.7811655878026627,-3.8247718001283366,2.9418782395469902
1988-01-09,76.85224219315631,59.089883204897106,5.817043820501331,-3.824328796973802,-3.8748280048822994,2.938772274631886
1988-02-08,78.21922663503551,58.331110458862106,5.839162872151427,-3.869315964214648,-3.9266470306949572,2.93755682014253
1988-03-09,79.53200070811454,57.514940189324214,5.860840904018572,-3.9160011259270826,-3.9800926651214996,2.938184334411757
1988-04-08,80.7895348266232,56.64560721118429,5.881904189793391,-3.964234617523877,-4.035003690799617,2.940594747967718
1988-05-08,81.99150640882323,55.72712538999452,5.902175646005328,-4.013836214929758,-4.091187144806947,2.9447089974986667
1988-06-07,83.13820713781621,54.76330290912956,5.921473547879988,-4.064590242836646,-4.148413755221068,2.950423012829549
1988-07-07,84.23045408237692,53.75774907966327,5.9396105318447345,-4.116243531540481,-4.2064163633425204,2.9576033222400633
1988-08-06,85.26949447587032,52.71386433841802,5.956393214320508,-4.16850663962125,-4.264891652032768,2.9660851837579414
1988-09-05,86.25689826017378,51.63481138522567,5.971622863375091,-4.2210582402115016,-4.323504977459917,2.9756737323857094
1988-10-05,87.1944379572223,50.52347083774202,5.985097566813313,-4.2735520776096525,-4.381897625820304,2.986148131160231
1988-11-04,88.08396037964064,49.38238920476451,5.996616218318962,-4.325625516969899,-4.43969546342613,2.9972682127902543
1988-12-04,88.92725747322066,48.21373004093603,6.005984383722584,-4.376908522191371,-4.496517802117996,3.0087827040071677
1989-01-03,89.7259433722761,47.019240988161954,6.013021767178529,-4.42703191336428,-4.551985360968017,3.020437893094556
1989-02-02,90.48134111248044,45.80024984447418,6.017570663296636,-4.475633987869992,-4.6057264741851,3.03198558982668
1989-03-04,91.19437605166394,44.557702656461174,6.019504559838041,-4.522364972106098,-4.657381100992673,3.0431894184070107
1989-04-03,91.86546492327034,43.29225804169993,6.018736025896484,-4.566889212817045,-4.706602641703597,3.0538288201667285
1989-05-03,92.49437977435286,42.00445796200952,6.015223234564868,-4.608885467824124,-4.753058004990006,3.063700580956334
1989-06-02,93.08005390288372,40.69501284578283,6.008974906126089,-4.648046018838395,-4.796426707993266,3.072618155061918
1989-07-02,93.62027974740693,39.36528241833757,6.000054119108014,-4.684075551991752,-4.83639997559961,3.0804094652488776
1989-08-01,94.1112240188341,38.01813559018855,5.988582365149322,-4.716690785867349,-4.872680797265443,3.0869141288124307
1989-08-31,94.54665839923456,36.659611799839354,5.97474658108605,-4.745621648788234,-4.904985683428214,3.091981129097366
1989-09-30,94.916828169989,35.302367681205894,5.958814194694313,-4.770614464989416,-4.933048494273084,3.0954678187753517
1989-10-30,95.20723743241018,33.973112217577494,5.941165448083321,-4.791437179243592,-4.956626272704195,3.0972408404563065
1989-11-29,95.39944438463243,32.72780171564647,5.922358302027536,-4.807886196781044,-4.97550656753237,3.097179128476002
1989-12-29,95.48145810552057,31.672933209132083,5.903235300649982,-4.81979403662554,-4.989515377194591,3.095178703914537
1990-01-28,95.47566665237531,30.953891967091497,5.885001393333956,-4.827036758918516,-4.998524641664553,3.091158574182984
1990-02-27,95.44923957198847,30.654801058366928,5.869045288065338,-4.829540077075017,-5.002458201132676,3.085066773343872
1990-03-29,95.46389022504047,30.735158628115254,5.856495456595901,-4.827283201725462,-5.001295314240419,3.0768854756843145
1990-04-28,95.54137271195907,31.111098068859476,5.847967880092593,-4.820299782627235,-4.995071176563044,3.0666342200234586
1990-05-28,95.67739653816011,31.72575962790491,5.8436177020535105,-4.808675742054175,-4.983874322384123,3.054370556784066
1990-06-27,95.85632382716511,32.55573049167019,5.843241784575775,-4.792544244360738,-4.967841243220155,3.040187815187783
1990-07-27,96.05401923893908,33.59586657943782,5.846322084483685,-4.772078453914092,-4.947148947367709,3.0242101276439595
1990-08-26,96.23719108397415,34.838875738634016,5.852035605438468,-4.747483041840974,-4.92200646389225,3.006585275610955
1990-09-25,96.36852419379937,36.25588335094378,5.859299073202919,-4.718985535677231,-4.892646391157188,2.987476246070781
1990-10-25,96.41979246800406,37.793650014158565,5.86689895603094,-4.686828559554047,-4.859317505542691,2.967052566515129
1990-11-24,96.38128608736139,39.39364597502721,5.873665769193038,-4.6512637910581685,-4.822279192482059,2.945482483076758
1990-12-24,96.2585273246628,41.01159468387764,5.87859376185366,-4.612548098355373,-4.781798079364647,2.9229268552930923
1991-01-23,96.06331523811446,42.62190467439736,5.880871472580786,-4.5709418934096675,-4.738146817164915,2.8995353081762714
1991-02-22,95.80755713226495,44.21267432542865,5.879860706175829,-4.526709336290419,-4.69160456723692,2.8754447840987556
1991-03-24,95.50095389627006,45.77982336949809,5.875063724753946,-4.480119691075884,-4.642458439305153,2.850780216517109
1991-04-23,95.15068849007298,47.3231794863605,5.866095325481457,-4.431448940684547,-4.591004967083337,2.8256566918467185
1991-05-23,94.76174940745398,48.84431593429951,5.852662722020521,-4.380980746443004,-4.537550722925528,2.800182238262403
1991-06-22,94.33731066987059,50.345434475798044,5.834552056714513,-4.329005990473832,-4.482411357454111,2.7744603236457754
1991-07-22,93.87898457609691,51.82878484651179,5.811619963341198,-4.275820438465689,-4.425908671838541,2.748591270071918
1991-08-21,93.38689758705232,53.296325725484834,5.783788932414956,-4.221720438656069,-4.368365717512864,2.7226720608111297
1991-09-20,92.85955952621191,54.74945065716172,5.751045519186273,-4.1669969760689725,-4.310100315428418,2.6967943900785936
1991-10-20,92.29346172236501,56.18863580927633,5.713440635117924,-4.111928729884669,-4.251417696961132,2.6710411912865077
1991-11-19,91.68225481399378,57.61281071759495,5.671091430964477,-4.056774977804274,-4.192603137075578,2.6454822027831977
1991-12-19,91.01518650017772,59.01802824634976,5.624184955400989,-4.001769245040089,-4.133915473043604,2.620169353713002
1992-01-18,90.27417039518099,60.39430549085945,5.572985596993187,-3.9471144771622875,-4.0755822546023674,2.5951328191194896
1992-02-17,89.42866886894785,61.71721117186915,5.517853708545455,-3.892980259549068,-4.017796993330335,2.5703785009390727
1992-03-18,88.43159896639878,62.923676385223374,5.459300039114005,-3.8395022616527075,-3.9607186248698447,2.5458874558392828
1992-04-17,87.2578528402413,63.859648115804674,5.398142746718611,-3.7867837175967605,-3.90447293503138,2.521617457749573
1992-05-17,86.0705053926356,64.34770888541526,5.335729171715991,-3.734898430693488,-3.8491553927644384,2.497506518397665
1992-06-16,85.10073205334669,64.49863671745968,5.273545905652495,-3.6838945744923595,-3.794834643049236,2.473477863986825
1992-07-16,84.33962908095361,64.51696132326916,5.2124957781778685,-3.6337984776946697,-3.7415558572848115,2.449445623217927
1992-08-15,83.71165074452352,64.49137362521647,5.1529940780812025,-3.5846176626537756,-3.6893432502098547,2.4253203846022067
1992-09-14,83.16758018771475,64.45204559974444,5.095237302412551,-3.5363426305026975,-3.638201318203885,2.401013840521731
1992-10-14,82.67911323829634,64.41050299314774,5.039313122138502,-3.488947201373628,-3.5881146802539625,2.3764419385826963
1992-11-13,82.22883440225729,64.37196015549542,4.985237725472961,-3.442387573459363,-3.539046755491662,2.3515262760309876
1992-12-13,81.80481672348122,64.33923553347,4.932970368212939,-3.396600576801468,-3.490937808083003,2.3261938240281945
1993-01-12,81.39789053629408,64.31420717148214,4.882421337385828,-3.3515018203108213,-3.4437030881093453,2.300375398598033
1993-02-11,81.00020548208977,64.29847961137419,4.833459069366872,-3.3069845147169006,-3.3972318508017905,2.2740035409065853
1993-03-13,80.6044467913207,64.29378159557372,4.785918762169777,-3.262919696530497,-3.3513879478489885,2.2470105989242666
1993-04-12,80.2034284000245,64.30227079538557,4.7396133922660155,-3.2191583745765397,-3.3060124548762655,2.2193277803980602
1993-05-12,79.78995635829824,64.32679705011415,4.694347195002025,-3.175535807340179,-3.2609284709397612,2.1908857682768366
1993-06-11,79.35693672516766,64.37111076377816,4.649930984676677,-3.1318777554431954,-3.2159478609215655,2.1616171884267494
1993-07-11,78.89772502570122,64.43995418743498,4.606198055701674,-3.0880082037343732,-3.170879374318272,2.131460852780262
1993-08-10,78.40668211223226,64.53893945003014,4.563018866221657,-3.0437577978861685,-3.125537347323714,2.1003673584127385
1993-09-09,77.87981706955571,64.67412438388118,4.52031238364525,-2.998972105446209,-3.079750088859378,2.0683053444941777
1993-10-09,77.31529952905004,64.85127783088166,4.478052131928432,-2.953518824826255,-3.033367094552986,2.0352675494564134
1993-11-08,76.71359351348525,65.0749752531529,4.4362658373462756,-2.9072932312084787,-2.986264424537367,2.001275799122029
1993-12-08,76.0770770792297,65.34780121081,4.395028996598318,-2.8602214267300625,-2.9383478768320552,1.966384191101523
1994-01-07,75.40923741722054,65.66993812896882,4.354454130898957,-2.812261320770733,-2.8895539512412722,1.9306800163715947
1994-02-06,74.71372102394935,66.03925672259822,4.314678213120422,-2.76340163077706,-2.839848953446235,1.8942823233423047
1994-03-08,73.9935395081751,66.45180417578386,4.275850489850134,-2.7136594936660257,-2.789226865596449,1.8573384144932674
1994-04-07,73.25059877287839,66.90246093868421,4.238122032909797,-2.6630774490301428,-2.737706750310802,1.820018885564543
1994-05-07,72.4855555168889,67.38555300984683,4.201637473092647,-2.6117205602362397,-2.6853304279275774,1.7825120046429184
1994-06-06,71.69790773447477,67.8953016253228,4.166528877445609,-2.5596743057472526,-2.632161006374721,1.7450182687654656
1994-07-06,70.8862078826366,68.42608621921016,4.13291159205204,-2.5070436191924395,-2.5782825721424425,1.7077458594179238
1994-08-05,70.04831308940402,68.97255182434208,4.100881882077142,-2.4539531342371115,-2.5238010241687667,1.6709074701532747
1994-09-04,69.18162149903668,69.5296096177788,4.0705161791070985,-2.4005483707696893,-2.4688457215375026,1.6347186603428372
1994-10-04,68.28327079725926,70.09237532494079,4.041871636760371,-2.346997328437494,-2.413571364416175,1.5993975516462615
1994-11-03,67.35029206109687,70.65607778421672,4.014987530533849,-2.293491795803423,-2.3581593967898278,1.5651653963563972
1994-12-03,66.37972242228807,71.21595708748782,3.9898868993740666,-2.2402476694699196,-2.302818235886885,1.5322473613873104
1995-01-02,65.36868694909003,71.76716180993436,3.9665777797810295,-2.1875036960804386,-2.247781779929546,1.5008728101430973
1995-02-01,64.31446561601939,72.30464867264162,3.945053486116069,-2.135518303039076,-2.1933059193084357,1.4712744602112182
1995-03-03,63.214565564363284,72.82308564230449,3.925291628860838,-2.084564506717464,-2.1396631078644184,1.443686017787404
1995-04-02,62.066821803953246,73.3167605032731,3.9072518912444796,-2.0349232186064627,-2.087135378839175,1.4183381916050475
1995-05-02,60.869550216510106,73.77950063983012,3.89087294011009,-1.9868755564862393,-2.0360064616830176,1.39545331709238
1995-06-01,59.6217736556971,74.20461549391098,3.876069153629896,-1.9406949475134254,-1.9865538119721577,1.3752391096038548
1995-07-01,58.32353314354651,74.58487995277623,3.8627280517307283,-1.8966398518129577,-1.9390413798974184,1.3578822641463064
1995-07-31,56.976280075855755,74.9125827209593,3.850709364242875,-1.8549478445604448,-1.893713825176243,1.3435426974782878
1995-08-30,55.58332159351113,75.17966572990183,3.839846525532345,-1.8158315692106255,-1.8507926394754548,1.3323491612025917
1995-09-29,54.15026268755554,75.37797575918022,3.829951065712893,-1.7794767631047097,-1.8104743136951371,1.3243967622159591
1995-10-29,52.68536256873341,75.49963545899445,3.820819903708811,-1.746042208935402,-1.7729303394629654,1.319746634725162
1995-11-28,51.19970939354181,75.53751921721668,3.8122450302530733,-1.7156611423832673,-1.738308523233401,1.31842766517581
1995-12-28,49.707125592927696,75.4857947977418,3.804024598620006,-1.68844340531709,-1.7067348737160795,1.3204398346688888
1996-01-27,48.223747381800194,75.34047210946389,3.7959741383002163,-1.6644775140252914,-1.6783152338001495,1.3257584679823635
1996-02-26,46.76726957468304,75.09989085324415,3.787936535431649,-1.64383184936047,-1.653135897699748,1.3343385254986995
1996-03-27,45.355899090547666,74.76507898930117,3.7797895708486062,-1.62655435999921,-1.6312626664496301,1.3461180688284675
1996-04-26,44.00711028434381,74.339919711367,3.7714501053645897,-1.6126704825193268,-1.6127381262117197,1.361020186696588
1996-05-26,42.73634191560711,73.83107470327948,3.762874382945655,-1.6021793737697383,-1.5975773313463995,1.3789529655752566
1996-06-25,41.55581666068201,73.2476329455131,3.7540543653015352,-1.5950489468485765,-1.5857624597322695,1.3998074828642186
1996-07-25,40.47368292727401,72.60049765203347,3.7450105496708788,-1.5912105296000878,-1.577237310661568,1.4234542189685895
1996-08-24,39.49364671162522,71.90158748407595,3.73578233544462,-1.5905541557132814,-1.5719026717687739,1.4497386470426117
1996-09-23,38.61516237246167,71.16298747714448,3.726417543841426,-1.5929255056970248,-1.5696135496418555,1.4784769889752571
1996-10-23,37.83411140468189,70.39620404148073,3.7169628894197655,-1.5981253170579353,-1.5701790250942955,1.509453164024161
1996-11-22,37.14378045951054,69.61163969172716,3.7074569022225385,-1.6059117365733748,-1.5733651226052356,1.542417807678775
1996-12-22,36.53590824743878,68.81832656023384,3.697926065168334,-1.616005639863664,-1.5789006259927476,1.5770899163556502
1997-01-21,36.001611772221054,68.02388417004946,3.6883840718398275,-1.6280984875330087,-1.5864853239180658,1.6131612457913
1997-02-20,35.532087340104,67.23462653538101,3.678833442032173,-1.6418619086666315,-1.595799813037178,1.6503031412558167
1997-03-22,35.11906461073585,66.45574048404384,3.6692684111447242,-1.6569579552532547,-1.6065157735113083,1.6881750733055083
1997-04-21,34.755046404888276,65.69147661645701,3.6596780319074225,-1.6730489122630596,-1.6183056121381274,1.7264338771505583
1997-05-21,34.43339041062404,64.94531991058376,3.6500486858839016,-1.6898056896523026,-1.6308505469079784,1.7647426009301388
1997-06-20,34.14829049808867,64.22012826628581,3.640365573648985,-1.7069141331472824,-1.6438465438487795,1.802777978479053
1997-07-20,33.89470582638518,63.51824084671295,3.6306131426025936,-1.7240790120909635,-1.6570079493527683,1.8402358354142112
1997-08-19,33.66827263772393,62.84156472296221,3.6207747464983506,-1.7410258759133899,-1.6700690879014495,1.8768341407431945
1997-09-18,33.46522050042438,62.19164955993101,3.610832068320383,-1.7575013450335053,-1.682784447296014,1.9123138586637727
1997-10-18,33.28230366250415,61.569757797972244,3.6007649588358994,-1.773272665435702,-1.6949283047921009,1.9464381620204638
1997-11-17,33.11674969592252,60.97693371896046,3.590552292085281,-1.7881274279154495,-1.7062946821126592,1.9789908427303307
1997-12-17,32.966222070381946,60.41407042023913,3.580174236729473,-1.8018742363743883,-1.7166983660664674,2.009774854725302
1998-01-16,32.828790510324495,59.88197027399777,3.5696160316777354,-1.8143448337074326,-1.7259774296229866,2.0386118414798484
1998-02-15,32.70290255353615,59.3813926704498,3.558872999389581,-1.8253978147796723,-1.733997296954479,2.065343250739594
1998-03-17,32.587351052256054,58.91308312811683,3.547956188679689,-1.8349236271234297,-1.7406559713021026,2.0898332528482215
1998-04-16,32.48123464292445,58.477779806884904,3.536897815113168,-1.842850194446154,-1.74588969931828,2.111973253822834
1998-05-16,32.38391086444295,58.07619662965643,3.5257555964941423,-1.8491482520009415,-1.7496781324583477,2.1316873975385215
1998-06-15,32.29494411462298,57.70898589586962,3.514615184419224,-1.8538354152398486,-1.7520480169547852,2.1489381728925023
1998-07-15,32.214052715967114,57.37668694007969,3.5035901370978992,-1.8569781160925645,-1.7530745934929994,2.1637311268145885
1998-08-14,32.141060627288425,57.079670503223426,3.4928192313867754,-1.8586908220305596,-1.7528801959641618,2.1761177636421456
1998-09-13,32.07585951949545,56.818090642675884,3.482461324676666,-1.8591323488866334,-1.751629948886148,2.1861959628746392
1998-10-13,32.01838594444695,56.5918564222619,3.4726883614320507,-1.8584995059315883,-1.7495248888890205,2.1941076181471497
1998-11-12,31.968616529108147,56.40063382289391,3.4636774070575496,-1.8570187060342311,-1.7467932129414876,2.200033630930802
1998-12-12,31.926582310700212,56.243884445236255,3.455602704716808,-1.8549364572241438,-1.743680610003075,2.204186800942424
1999-01-11,31.89240247311102,56.12094256078933,3.4486286692234676,-1.852509787623097,-1.740440732575829,2.20680347546625
1999-02-10,31.866338776849545,56.031127660726874,3.4429044438227576,-1.8499975925653764,-1.7373267655544289,2.20813497260477
1999-03-12,31.848875620100216,55.97388742969196,3.438560231039994,-1.8476536657226,-1.7345847933782697,2.2084397704493535
1999-04-11,31.840837917194733,55.94896724383049,3.435705160546258,-1.8457218401453446,-1.7324493126907887,2.2079772732547593
1999-05-11,31.84357227652623,55.95660783449705,3.434426020667409,-1.8444332514125763,-1.7311408207647165,2.2070036349430193
1999-06-10,31.859242051917533,55.997782497368334,3.4347858187429656,-1.8440053445307345,-1.7308650323161123,2.2057697164806878
1999-07-10,31.89133694562497,56.07449656463075,3.436820804941755,-1.8446419469215776,-1.7318130041389006,2.2045208512051433
1999-08-09,31.945602266818526,56.19017225916092,3.4405341157896725,-1.8465335615017406,-1.7341613122527526,2.2034977573242887
1999-09-08,32.031812539949726,56.350079305114335,3.4458832156801495,-1.849857052657458,-1.738071480729323,2.2029377480419865
1999-10-08,32.167241749101606,56.56144180024149,3.4527560227001746,-1.8547740678236049,-1.743688061816732,2.203075357938935
1999-11-07,32.383200351459095,56.831534529055375,3.4609259351444988,-1.8614278467702239,-1.751135097029397,2.204141646943043
1999-12-07,32.73445461276617,57.158052304298884,3.469971017887108,-1.8699384760412268,-1.7605111008556704,2.2063617472959285
2000-01-06,33.29756927328259,57.50178731937408,3.479163197881264,-1.8803970322294794,-1.7718830858284245,2.2099505974576914
2000-02-05,34.11838873874643,57.76051062755126,3.487454001783788,-1.8928593665821734,-1.785280433280756,2.2151072008701465
2000-03-06,35.13790478427063,57.82085190188987,3.493781350567997,-1.90734046410464,-1.8006895619377807,2.2220080884527045
2000-04-05,36.22896072125178,57.6418435469321,3.497511208473065,-1.9238103309522419,-1.8180503309618703,2.2308008885301205
2000-05-05,37.281063243394215,57.24739619742104,3.49856513985068,-1.9421921867134926,-1.8372549028679277,2.241598953446544
2000-06-04,38.2258249422037,56.686423838220456,3.497290668788275,-1.9623634401880063,-1.8581494684423085,2.254477885597977
2000-07-04,39.03256875129506,56.012415183367914,3.49429497249502,-1.984159545894291,-1.8805388420703242,2.2694745545738573
2000-08-03,39.69965360437493,55.272783316403796,3.4903057189136164,-2.0073804128699995,-1.9041935127236567,2.286588823298077
2000-09-02,40.243141739187536,54.50247787520663,3.486069395481527,-2.0317986645641204,-1.9288583810365558,2.3057877834518776
2000-10-02,40.685630055996626,53.72306588779126,3.4822927407184188,-2.057168793012708,-1.9542621865287948,2.3270119169498313
2000-11-01,41.04900793637802,52.94576268862806,3.4796203164823853,-2.083236174829421,-1.9801265886126453,2.3501823342033896
2000-12-01,41.351497917175095,52.17528959385008,3.478633149264539,-2.1097449908198613,-2.0061739730528787,2.37520810896938
2000-12-31,41.607254713437555,51.41282750416432,3.4798559233520683,-2.1364443250291734,-2.032133315997613,2.401992775392507
2001-01-30,41.82696055730878,50.657830569116726,3.4837660602693328,-2.1630920483288927,-2.0577437828625365,2.430439239807803
2001-03-01,42.01861266116532,49.90902550787391,3.490802012250634,-2.1894564594947092,-2.082756110556723,2.4604526511267015
2001-03-31,42.18821476296057,49.164944433974824,3.501369840782859,-2.2153160051357577,-2.1069321609593055,2.49194111931754
2001-04-30,42.3403154739824,48.42422545663646,3.5158476832541106,-2.24045768347995,-2.130043298739789,2.524814516846829
2001-05-30,42.47841339719139,47.68581631999392,3.5345878354308837,-2.2646749091198677,-2.151868393416766,2.558981888364577
2001-06-29,42.60526493941012,46.94915692909306,3.557916276328589,-2.2877656524257883,-2.1721922533103974,2.5943481902755794
2001-07-29,42.72312760726976,46.21438936914094,3.5861296446631155,-2.309531577170078,-2.1908051812485776,2.6308111642511
2001-08-28,42.833964492975724,45.48264225701702,3.6194899147171,-2.3297786686008215,-2.207504089204359,2.6682590760987264
2001-09-27,42.939629048881216,44.75646084884955,3.6582172289259223,-2.3483195283940344,-2.2220952821988136,2.706569848109648
2001-10-27,43.04204173037533,44.04052109265827,3.7024814167738884,-2.36497718627204,-2.234398695875859,2.7456118331564725
2001-11-26,43.14335081203927,43.3429244178402,3.7523925087975347,-2.379589978213779,-2.244253083901637,2.785246159080288
2001-12-26,43.24599113564693,42.67775853316831,3.807989672937161,-2.3920168250265323,-2.251521455414982,2.8253302733695924
2002-01-25,43.35219174599183,42.070607407857196,3.869225398723392,-2.402142152991008,-2.2560959961528644,2.865722094388216
2002-02-24,43.46066957216618,41.571091082717984,3.9359337993077057,-2.4098797543756723,-2.2579017883839705,2.9062840768935243
2002-03-26,43.549327746590166,41.27741880283371,4.007746870478039,-2.4151750422375384,-2.256898821682023,2.9468865154784587
2002-04-25,43.51582305436398,41.322620828231244,4.083884879961575,-2.418005401067822,-2.253082046312006,2.9874095459195233
2002-05-25,43.199695965683645,41.64656103479936,4.163036413944904,-2.418378617694081,-2.2464795069292705,3.0277435255635536
2002-06-24,42.627723723726774,42.01565131938212,4.244012594504565,-2.4163296665933602,-2.2371488772913857,3.0677877571690146
2002-07-24,41.91501595148702,42.34198772522972,4.326223097777475,-2.4119163445850043,-2.2251729220691967,3.1074477955336706
2002-08-23,41.12871786714271,42.6235081639104,4.409419566320986,-2.405214389180922,-2.210654530795153,3.146631810632397
2002-09-22,40.30153978239986,42.871090442228436,4.493477530546573,-2.396312731508803,-2.1937119629099375,3.185246625345878
2002-10-22,39.45108041740866,43.09479176603182,4.578314543038479,-2.3853094440756633,-2.1744748317231757,3.2231940869252074
2002-11-21,38.588230806278034,43.30281463822641,4.6638585235987176,-2.372308759286794,-2.153081156278614,3.260368358738121
2002-12-21,37.720733197834306,43.5020614660766,4.750032407031754,-2.357419293665926,-2.1296755637520715,3.2966545463555996
2003-01-20,36.854839070762864,43.698627860727896,4.836744522099687,-2.3407533467699593,-2.1044084640562555,3.331928818847374
2003-02-19,35.9961731191205,43.89806982763242,4.9238811777496725,-2.322426923580669,-2.0774358127916672,3.366059916059547
2003-03-21,35.15023182686258,44.10547601370566,5.0113002567178615,-2.3025599894369773,-2.0489189607820584,3.398911689530571
2003-04-20,34.32268417949035,44.32538060888577,5.098825529483454,-2.281276430154649,-2.0190240760812403,3.4303461559009296
2003-05-20,33.51952538227226,44.56154045049391,5.186241839379317,-2.2587032631122046,-1.9879207194911368,3.4602264770775815
2003-06-19,32.74707217835248,44.8166041222497,5.273291588412424,-2.234968813663881,-1.9557793398513494,3.488419328278271
2003-07-19,32.0117569209562,45.091731225183636,5.359673197366671,-2.210199809312519,-1.9227677017126894,3.5147962685582503
2003-08-18,31.319683242488566,45.386273739794326,5.445042406408214,-2.1845175964067125,-1.8890465086156967,3.539233951322788
2003-09-17,30.675965524057574,45.697681270016865,5.5290173169243655,-2.158033928070791,-1.8547647172272688,3.5616132866035444
2003-10-17,30.083982465875692,46.0217818019853,5.611187703011311,-2.1308469308827345,-1.8200551756328323,3.5818179200504194
2003-11-16,29.544776104650055,46.353472440102834,5.691128232056259,-2.103037914235841,-1.7850312502176022,3.5997325862748095
2003-12-16,29.056829367499915,46.687662680163164,5.768414076013402,-2.0746696052010183,-1.7497849993850627,3.615241969502541
2004-01-15,28.616316491659234,47.02017355523314,5.842636567365131,-2.045786212110504,-1.7143872533432454,3.628230664299196
2004-02-14,28.217721162826592,47.34832343370598,5.913416628614624,-2.0164154467463113,-1.678889675275011,3.6385846590581394
2004-03-15,27.854594227518533,47.67109977332312,5.980414649967458,-1.9865723242222375,-1.643328568328547,3.6461945030612637
2004-04-14,27.520236696794655,47.98899162619915,6.0433366960579535,-1.9562642902973078,-1.6077299342727036,3.6509600288127517
2004-05-14,27.20819279833279,48.30363884338237,6.101937773304116,-1.9254970182441833,-1.572115102040338,3.6527962113827486
2004-06-13,26.91253717313765,48.617439545388194,6.156023141219526,-1.8942801134932037,-1.536506165631116,3.6516395144952245
2004-07-13,26.62799649064624,48.9332009475719,6.205448450024354,-1.8626320033476136,-1.5009305351894078,3.647453961114595
2004-08-12,26.349960305648494,49.25386547284953,6.250119101187266,-1.8305834673018642,-1.4654241033350348,3.640236201866949
2004-09-11,26.07442775159518,49.58231155319329,6.289988881930546,-1.798179507109033,-1.430032783024366,3.630018999561539
2004-10-11,25.797922357840775,49.921214352306464,6.325057714466222,-1.7654795544572166,-1.3948124718466737,3.6168728007465276
2004-11-10,25.51739444586042,50.27294868021404,6.355368304336938,-1.7325562852176517,-1.3598277578537654,3.6009053566845712
2004-12-10,25.230121844280404,50.63951812914302,6.381001543900864,-1.6994935088297396,-1.3251498626327953,3.582259633583226
2005-01-09,24.933614659540012,51.02249721735609,6.402070680969975,-1.6663836954430824,-1.290854387982482,3.5611104655846533
2005-02-08,24.625527398228314,51.422975423592554,6.418714443113867,-1.6333256803603609,-1.2570193865798103,3.537660515894385
2005-03-10,24.303581184216625,51.84149266685725,6.431089488355106,-1.6004229651192328,-1.2237241376836463,3.5121361197264993
2005-04-09,23.96549952652049,52.27795506802591,6.4393627021001425,-1.5677828364780635,-1.1910487991775114,3.484783482484037
2005-05-09,23.60896311299109,52.731517533180586,6.443703959454056,-1.5355162961985527,-1.1590748762847092,3.4558655287033515
2005-06-08,23.231593192489242,53.20041547581457,6.444280022283014,-1.503738574481292,-1.1278862339656754,3.425659473021547
2005-07-08,22.83098120494111,53.681720909159935,6.4412502481479,-1.4725698402756267,-1.0975702354021057,3.394454963442092
2005-08-07,22.404798327502988,54.1709867581518,6.434764800951793,-1.442135639607305,-1.0682185264687216,3.362552465589638
2005-09-06,21.95105159943705,54.66172576697623,6.424966137665542,-1.4125666161442048,-1.0399270311611675,3.330261449968133
2005-10-06,21.468622637459248,55.14464763541135,6.411994871172762,-1.383997198019865,-1.0127948722162567,3.297897942125705
2005-11-05,20.958371892576793,55.60656737089757,6.396002018906753,-1.3565631450508306,-0.9869221536530696,3.2657811020093224
2005-12-05,20.425391607001416,56.02898765696435,6.377171737036494,-1.3303981107736558,-0.9624068044244063,3.234228706072144
2006-01-04,19.883492199770103,56.38690464995986,6.3557627003128925,-1.3056296177254452,-0.9393409166854062,3.2035516672151676
2006-02-03,19.363092848127053,56.650493512227946,6.332181288852502,-1.2823750268087022,-0.917807175890435,3.1740479889918487
2006-03-05,18.919243835465863,56.79718370389395,6.307092012955308,-1.2607381483587339,-0.8978760219908359,3.145996748669426
2006-04-04,18.619866114385502,56.83920620738121,6.2815027294754735,-1.2408070877637645,-0.8796041007141064,3.1196528039331324
2006-05-04,18.496046588633703,56.83398645291829,6.256643944970129,-1.2226537298553186,-0.8630343552749199,3.0952428734997732
2006-06-03,18.513552621358087,56.83959355595913,6.233612113963952,-1.2063349840742155,-0.8481978160809814,3.072963464333397
2006-07-03,18.611796444139543,56.877671170896015,6.213119830121624,-1.19189559351029,-0.8351168288136747,3.052980839044707
2006-08-02,18.74221816780738,56.94348473679672,6.195517428451779,-1.1793720169802175,-0.8238091811194853,3.0354328898083405
2006-09-01,18.875014755846394,57.02426596280679,6.18091828719806,-1.1687966800293055,-0.8142923988204769,3.020432467681289
2006-10-01,18.993961564861706,57.10768664186783,6.169304373636624,-1.1602018182328597,-0.806587439554747,3.0080714856816337
2006-10-31,19.09116252420523,57.18414380990961,6.160594035654818,-1.1536222236281886,-0.8007211282437637,2.9984250212722356
2006-11-30,19.163589275568256,57.24686594731815,6.1546822958240135,-1.1490964140811815,-0.7967269096013128,2.99155469498652
2006-12-30,19.21095644236908,57.2914219326187,6.151463051836543,-1.146666057873859,-0.7946438165788533,2.9875108014905907
2007-01-29,19.234429590772777,57.31513551454923,6.150839217229362,-1.1463738126205671,-0.7945138780863011,2.9863329589134873
2007-02-28,19.23585469708587,57.31656268790789,6.15272500056837,-1.1482600281398068,-0.7963784656678596,2.988049368873636
2007-03-30,19.217320430091945,57.29507987605977,6.157043599354594,-1.1523589506210679,-0.8002742435823135,2.992675069713808
2007-04-29,19.180929743822958,57.25058825159448,6.16372292990796,-1.1586951278127784,-0.8062294222737822,3.000209772158799
2007-05-29,19.128696050693634,57.18331919796147,6.1726913373884,-1.1672806205138602,-0.8142608970398177,3.010635923048449
2007-06-28,19.062506339795448,57.09371679809924,6.183874517908965,-1.178113421379653,-0.8243726342349432,3.0239175575368473
2007-07-28,18.98411397577189,56.98237115220706,6.197194189861784,-1.1911772146132762,-0.8365553946888953,3.0400003043186725
2007-08-27,18.89513947218819,56.84997892126165,6.212568462281795,-1.2064423540020812,-0.8507876335026509,3.0588126601367196
2007-09-26,18.79706892955886,56.697312748932625,6.229913409163907,-1.2238677208081439,-0.8670372122019839,3.0802683942755333
2007-10-26,18.69124759426876,56.52518780095767,6.249145119492693,-1.2434029893654632,-0.8852634420103698,3.104269736609698
2007-11-25,18.578870586723326,56.334420553413715,6.270181473183076,-1.2649908008557507,-0.9054189671915599,3.1307108788680393
2007-12-25,18.46097467368554,56.12578100445322,6.292943059186611,-1.2885684141940943,-0.9274510811087776,3.1594812891543844
2008-01-24,18.33843475031199,55.89994391460005,6.31735292735384,-1.3140685317431884,-0.9513022077113937,3.190468383795452
2008-02-23,18.211967207835357,55.65744685111961,6.343335181351181,-1.341419168652562,-0.9769094570798608,3.2235592172305623
2008-03-24,18.082140438120234,55.39866271852412,6.370812730123335,-1.370542646426955,-1.004203373151091,3.2586410427532106
2008-04-23,17.949390952769704,55.12379251336211,6.3997047159516045,-1.401353962722928,-1.0331061538858908,3.2956007947027266
2008-05-23,17.81404234433137,54.83288092746048,6.429924214386805,-1.4337589077784432,-1.063529728726385,3.3343237219413617
2008-06-22,17.676323733720892,54.52585380386642,6.4613767479114355,-1.4676523407081838,-1.095374105268449,3.3746915289681265
2008-07-22,17.53638440711279,54.20257273396854,6.493960013643825,-1.5029170266148064,-1.1285263691032037,3.41658046065393
2008-08-21,17.394302055186813,53.862898869410756,6.5275649930150506,-1.5394233403519888,-1.162860612084951,3.4598597642075037
2008-09-20,17.250083353285277,53.50675605214674,6.562078326844272,-1.5770299770961924,-1.1982388896830192,3.504390873294498
2008-10-20,17.10365735040301,53.134183514791985,6.59738560602219,-1.6155856446136465,-1.234513141025345,3.550027529919071
2008-11-19,16.95486370880019,52.74537092714138,6.6333750575964725,-1.654931533881663,-1.2715278321123065,3.596616879971276
2008-12-19,16.80343873093898,52.34067316910055,6.669941041954063,-1.6949042094448346,-1.309122938698477,3.6440013824453406
2009-01-18,16.64900203051843,51.920607845597395,6.706986850905529,-1.7353384785939947,-1.347136818808313,3.6920212124436222
2009-02-17,16.491045755851133,51.48584378655155,6.744426461770296,-1.7760697838361679,-1.3854085279618806,3.740516724026673
2009-03-19,16.32892700465237,51.03719261058211,6.782185141062298,-1.8169357493588107,-1.4237792325712901,3.7893305191214512
2009-04-18,16.161863123057742,50.575617429158385,6.820199003958954,-1.8577766461510654,-1.4620925216595833,3.8383087202216934
2009-05-18,15.988929544886275,50.10227303691902,6.858413812651845,-1.8984347364459253,-1.5001936170045813,3.8873011874195083
2009-06-17,15.809061232894749,49.61859137484567,6.896783376433087,-1.938752658518907,-1.5379276795220378,3.936160604719193
2009-07-17,15.621061858579083,49.12642524523018,6.935267874670339,-1.9785711704743196,-1.5751375582288165,3.984740545653855
2009-08-16,15.423630066278633,48.62826241782242,6.973832300443922,-2.017726697023166,-1.6116614398547187,4.0328928123442545
2009-09-15,15.21542024729365,48.12752078525744,7.012444989996839,-2.0560491561494016,-1.6473308730903975,4.080464467283845
2009-10-15,14.995167584327703,47.62893035284407,7.051075920660949,-2.0933605216788242,-1.6819696043211443,4.127295052758883
2009-11-14,14.761925136293087,47.138992922742794,7.0896940883257695,-2.1294744473959564,-1.7153935173966566,4.173214462674418
2009-12-14,14.515483682001843,46.666469163096515,7.12826290995892,-2.1641971096661208,-1.74741179353512,4.218041833690251
2010-01-13,14.257061495078688,46.222742858685685,7.166732331285741,-2.1973292333940706,-1.777829214273379,4.261585666464161
2010-02-12,13.990316723494402,45.82170792399661,7.2050264493013385,-2.2286690794394177,-1.8064493501055343,4.3036451932243915
2010-03-14,13.72253384530967,45.4785174001552,7.243026712406321,-2.2580160327529106,-1.8330782516217736,4.344012815945257
2010-04-13,13.46530134743972,45.20639741424128,7.280554301314964,-2.285174349659232,-1.857528196356408,4.3824772722784315
2010-05-13,13.233271800904674,45.01159454819845,7.317361442669661,-2.309956655668298,-1.8796210954502002,4.418827111296132
2010-06-12,13.03987698917183,44.88901889586152,7.3531455591004695,-2.3321868718796233,-1.8991912651507314,4.452854052608835
2010-07-12,12.89158116085406,44.82289071528576,7.387592060029471,-2.3517023935824506,-1.916087422051623,4.4843558774437415
2010-08-11,12.784988385189706,44.79325769729116,7.420430225009936,-2.3683555156304115,-1.9301739341152417,4.5131386321710165
2010-09-10,12.7090007261084,44.783449923885065,7.45147411897178,-2.3820142615004456,-1.9413315175081385,4.539018086738238
2010-10-10,12.649560244507143,44.78365098569755,7.480633080569816,-2.3925628947297883,-1.9494576818057856,4.561820546387871
2010-11-09,12.593570794234154,44.79044765976717,7.5078969123786905,-2.39990245274076,-1.9544672736883557,4.581383245680972
2010-12-09,12.530803578238022,44.80466187754317,7.533309106397634,-2.4039516610375053,-1.9562934719842913,4.597554656450815
2011-01-08,12.454253486546861,44.82919792700399,7.556938499629562,-2.4046485275718976,-1.9548895142993206,4.6101950749839204
2011-02-07,12.359720076621727,44.8675171377786,7.57885458645365,-2.4019528043118927,-1.9502313109211633,4.619177826131864
2011-03-09,12.2451426133768,44.922751074244424,7.59910827488497,-2.395849340579166,-1.9423209325306103,4.6243913233006815
2011-04-08,12.109955434174424,44.997283581918175,7.6177182173417775,-2.38635218240584,-1.9311907866964493,4.62574208657629
2011-05-08,11.954566038445023,45.09262613323191,7.634662207587909,-2.3735090847743394,-1.9169081147622369,4.623158640012933
2011-06-07,11.779974632490962,45.209453417377745,7.649872962115512,-2.3574059747837786,-1.89957932259736,4.61659603906336
2011-07-07,11.587517073484605,45.34771216344654,7.663237602275391,-2.3381708300157396,-1.8793536007646219,4.606040625921592
2011-08-06,11.378701475470564,45.50675266259749,7.67460019963116,-2.315976436332011,-1.856425306672962,4.591514512663392
2011-09-05,11.155109504566155,45.68545715917335,7.6837667711202515,-2.2910415845885694,-1.8310346927244954,4.573079279607512
2011-10-05,10.918339167633633,45.882353935129395,7.690512100873412,-2.263630442824969,-1.8034667535616955,4.550838456839335
2011-11-04,10.669972569828246,46.09571360271912,7.69458774650601,-2.2340500372125396,-1.774048168228128,4.524938488586553
2011-12-04,10.411558233293533,46.323627372861004,7.6957305958936555,-2.202645980968003,-1.7431425179442228,4.495568059914192
2012-01-03,10.14460253186951,46.56406778794283,7.693671395861162,-2.169796789688537,-1.7111441516001207,4.462955878439612
2012-02-02,9.870568145979462,46.814932350250075,7.688142803600269,-2.135907237583711,-1.6784711739514002,4.427367177068091
2012-03-03,9.590879626056335,47.07407017107572,7.678886681151613,-2.1014012617655378,-1.6455580697926766,4.389099330818447
2012-04-02,9.306937335775501,47.33929167759755,7.665660552003154,-2.0667148945531237,-1.6128484363965883,4.348477036911012
2012-05-02,9.02014162424922,47.608361612120326,7.648243331316191,-2.032289619164194,-1.5807882014623036,4.305847495888107
2012-06-01,8.73192911550359,47.87897610402901,7.626440589899155,-1.9985664032581998,-1.5498195575189337,4.261575943511529
2012-07-01,8.443822852424887,48.14872540390109,7.600089697953059,-1.9659804961012703,-1.5203756751902735,4.2160417398791
2012-07-31,8.157497996881602,48.41504476315813,7.569065198018574,-1.9349569249993883,-1.4928761128671366,4.16963506527083
2012-08-30,7.87486497039049,48.67515691860141,7.533284678029546,-1.9059065067888763,-1.4677227295130972,4.122754119209673
2012-09-29,7.598172754974712,48.926010708475495,7.49271526719703,-1.879222148759274,-1.4452958777486373,4.075802616374655
2012-10-29,7.330136352605848,49.16422205361907,7.4473807118418,-1.8552752172607263,-1.4259506696720623,4.029187310668925
2012-11-28,7.074094027704689,49.386026604072455,7.397368844897986,-1.8344118223702572,-1.4100131869987642,3.983315286304607
2012-12-28,6.834200838491938,49.587259410083114,7.342839200607358,-1.8169489723603,-1.3977766163210914,3.9385908216219563
2013-01-27,6.615662679533273,49.76338799904102,7.284030548330653,-1.803170680818889,-1.3894974172799242,3.895411752496928
2013-02-26,6.425004060611002,49.90964355541811,7.221268191427897,-1.7933242097808086,-1.3853917247261252,3.854165388477465
2013-03-28,6.270333172884193,50.021319772721576,7.154970869475834,-1.7876166855107853,-1.385632229012841,3.815224138394015
2013-04-27,6.1615056304463,50.09432852898922,7.085656774684569,-1.7862123490035706,-1.3903457927821656,3.7789410879120298
2013-05-27,6.10998649581893,50.12607870462977,7.0139472485066845,-1.7892306720338615,-1.399612020607305,3.745645806917171
2013-06-26,6.128106625596786,50.11660718855803,6.94056499601648,-1.7967455052413763,-1.4134629238066032,3.7156406659331536
2013-07-26,6.227445528648218,50.06958372004458,6.866321691263019,-1.8087853185032958,-1.431883709364908,3.6891978920964226
2013-08-25,6.416465578280906,49.99247055392445,6.792089636840734,-1.8253344667580778,-1.4548145921854252,3.666557502978877
2013-09-24,6.698243612210547,49.895208976862534,6.718756464848756,-1.8463352847514436,-1.4821534029794352,3.6479261311298097
2013-10-24,7.069541588874813,49.78767252316739,6.647170577295073,-1.871690692207679,-1.513758650181946,3.6334766030714536
2013-11-23,7.521797772694811,49.67713487418043,6.57809193846822,-1.9012669305899623,-1.5494526464751972,3.6233480136427314
2013-12-23,8.0433646435539,49.56698446203894,6.512160985919411,-1.9348960477614168,-1.5890243199055536,3.6176459507071588
2014-01-22,8.62176049584474,49.45690579205926,6.449889252648359,-1.9723778161242016,-1.6322314118669856,3.6164425090090253
2014-02-21,9.245159505030983,49.343904687467855,6.391666846833706,-2.0134809149706836,-1.678801917949755,3.6197758053450584
2014-03-23,9.903044338435052,49.22347354159375,6.337779059740842,-2.057943366578051,-1.728434789233906,3.6276488253053825
2014-04-22,10.58629668982212,49.090523529661745,6.288425788731725,-2.1054723782716827,-1.7808000712203262,3.6400275868568053
2014-05-22,11.287019059057798,48.940008765264494,6.243740058247247,-2.1557438884331064,-1.8355387950322708,3.656838776759058
2014-06-21,11.998278770911156,48.76730331626436,6.203803983571946,-2.2084022074265137,-1.892263016481526,3.6779671633666826
2014-07-21,12.713869948697607,48.56841724430257,6.168661751085314,-2.2630601703199567,-1.9505564111551377,3.703253187767891
2014-08-20,13.42813095261721,48.340119649694564,6.138329799851498,-2.31930015017141,-2.0099757528428372,3.7324911507461813
2014-09-19,14.135826137599736,48.080011385476304,6.112804639785411,-2.3766761839117017,-2.070053498233735,3.765428375291175
2014-10-19,14.83208778930748,47.786569944914895,6.092068802838741,-2.4347173133717246,-2.1303015480804492,3.801765616811587
2014-11-18,15.51240802160828,47.459176051767784,6.076095370126315,-2.492932076349697,-2.190216089186869,3.8411588412908575
2014-12-18,16.17266749628851,47.09812485571555,6.064851414903516,-2.55081396211642,-2.249283308012115,3.8832223501217857
2015-01-17,16.809185982554652,46.70462274422678,6.058300563515307,-2.607847548697386,-2.306985679152497,3.927533093757121
2015-02-16,17.418779165316266,46.28077259136425,6.056404743321128,-2.6635149962613407,-2.3628085001134633,3.9736359159847097
2015-03-18,17.998806652554208,45.82955465661647,6.059125065035631,-2.7173025795820815,-2.416246363232547,4.021049415901378
2015-04-17,18.547197845939422,45.354816462107024,6.066421693929129,-2.768706995995587,-2.466809317457008,4.0692721116691395
2015-05-17,19.062444664199063,44.86129234881053,6.078252502849128,-2.8172412758363503,-2.514028568290106,4.117788637626846
2015-06-16,19.54355152570639,44.35468199288841,6.094570245929753,-2.862440220602003,-2.5574616632374476,4.166075784969795
2015-07-16,19.989931286011142,43.84182808891669,6.115317940056506,-2.9038653969378325,-2.596697208865983,4.213608306328091
2015-08-15,20.40122645343922,43.33104894351268,6.140422027418794,-2.9411097879738146,-2.63135923096196,4.259864512854462
2015-09-14,20.777009500224835,42.83270490728601,6.169782627373703,-2.973802229716718,-2.6611113050769717,4.304331773998958
2015-10-14,21.116255933988157,42.360107426394585,6.203259568822548,-3.0016117291228244,-2.6856605445944175,4.346512056002661
2015-11-13,21.416348458447146,41.93088828639828,6.240651566836102,-3.0242516846303507,-2.7047614512740097,4.385927607417367
2015-12-13,21.671084507781586,41.56878724183766,6.281663220334692,-3.041483924824255,-2.7182195264798836,4.422126820669008
2016-01-12,21.866696497970565,41.30489581475957,6.325849878370818,-3.053122375570413,-2.7258944398993425,4.454690187171618
2016-02-11,21.97508193018939,41.17403562860362,6.372527103772294,-3.0590360996909727,-2.7277024949867,4.483236157689686
2016-03-12,21.948927082571117,41.19587402293486,6.4206526676845845,-3.059151412432905,-2.723618101363573,4.507426617396406
2016-04-11,21.73815828698389,41.341467139186506,6.468786750314819,-3.0534527932878,-2.713673994465989,4.526971626522807
2016-05-11,21.331249498605814,41.53604878386472,6.515312334226221,-3.0419824065848324,-2.6979600449895544,4.541633095397673
2016-06-10,20.76332788923355,41.71602520136444,6.558807975325408,-3.0248381750308915,-2.676620637899229,4.551227142561002
2016-07-10,20.081297405534656,41.85647936866111,6.598214164331211,-3.0021704990240354,-2.649850748982504,4.555625012648575
2016-08-09,19.321289114354386,41.9559044010815,6.632772213894865,-2.9741778514445034,-2.6178909774290724,4.554752582862701
2016-09-08,18.50688089878207,42.02004252231061,6.661919134862682,-2.9411015829626175,-2.5810218878565867,4.548588635422738
2016-10-08,17.653032083772928,42.05518771837784,6.685216049214079,-2.9032203120328313,-2.5395580416315373,4.537162179283025
2016-11-07,16.769445552257025,42.06639945408627,6.702309277711683,-2.860844247726283,-2.4938420589008796,4.52054915367442
2016-12-07,15.862654738066396,42.05734257350236,6.712910752512127,-2.814309719571582,-2.444238968795705,4.498868840775988
2017-01-06,14.937236852306512,42.03053082395314,6.716788558086852,-2.7639740622987916,-2.391130973511835,4.472280239670393
2017-02-05,13.996520917824228,41.987607616457915,6.713762571308502,-2.7102108795625,-2.3349126283443886,4.440978548111785
2017-03-07,13.043013603909344,41.92957463112761,6.703702596444818,-2.6534055868077226,-2.2759863205480375,4.405191767027049
2017-04-06,12.078667450887451,41.85695843160877,6.686527675944984,-2.5939510505833465,-2.2147578559284384,4.36517732170496
2017-05-06,11.10506139707735,41.76992334174269,6.66220593759335,-2.532243120540433,-2.151631951287274,4.321218516843133
2017-06-05,10.123535316107109,41.668337352147766,6.630754703068444,-2.4686758948698633,-2.0870074839212043,4.273620631092521
2017-07-05,9.135309647035456,41.551785760503314,6.5922407526384195,-2.403636646584376,-2.0212724416029766,4.222706497892197
2017-08-04,8.141632955445118,41.419491360354954,6.5467806801246535,-2.337500449712654,-1.9547986300832885,4.168811502478653
2017-09-03,7.14409093084339,41.269949403248404,6.494541225845525,-2.2706246651844433,-1.8879363138847496,4.1122780382080535
2017-10-03,6.145922390449016,41.09900023846248,6.435739509521966,-2.2033435473045606,-1.821009062313491,4.053449579176122
2017-11-02,5.264524587669598,40.88574003224444,6.37066876959952,-2.135963305469752,-1.7543091387294472,3.992664632217453
2017-12-02,5.2162596779274395,41.73054617394546,6.304181919826421,-2.0687579670182576,-1.6880937722821323,3.930250898622573
2018-01-01,5.149329253343581,42.60091304484631,6.239993177836776,-2.001966354899158,-1.6225826095542242,3.8665200035794025
2018-01-31,5.083146154478413,43.45682719605825,6.178107561489658,-1.9357904159391712,-1.5579565575355998,3.801763132102993
2018-03-02,5.019405020535373,44.29673599866176,6.118489367941214,-1.870395004422475,-1.4943580928809084,3.736247830596771
2018-04-01,4.958577516819162,45.121269689799384,6.061069197866371,-1.805909083694358,-1.4318929691798492,3.6702161203033716
2018-05-01,4.900844192441184,45.9315861328976,6.005748197386551,-1.7424281669779107,-1.3706331160791863,3.6038839285977193
2018-05-31,4.846315946345214,46.72900416464386,5.952402249203039,-1.6800177040446203,-1.310620417332999,3.53744170270828
2018-06-30,4.795119427232748,47.514880532439996,5.900885995766787,-1.6187170421661556,-1.2518709880127092,3.471055939204235
2018-07-30,4.747441402730374,48.29055998443302,5.851036613864453,-1.5585435774481229,-1.1943795714399128,3.4048712795637623
2018-08-29,4.703555719644896,49.05735582449092,5.802677356125428,-1.4994967537064618,-1.1381237287975345,3.3390127917872277
2018-09-28,4.663840227062224,49.8165471547,5.755620972048226,-1.4415616768703154,-1.0830676137324045,3.2735881026150495
2018-10-28,4.628786648965047,50.56938722401965,5.7096731452931095,-1.3847122224093071,-1.0291652377706557,3.2086891144468384
2018-11-27,4.599005554988423,51.31711983569601,5.664636086133882,-1.3289136676647917,-0.9763632848138726,3.1443931824882196
2018-12-27,4.575228849681594,52.06100152487254,5.620312376928953,-1.274125015849811,-0.9246036608880444,3.080763781570175
2019-01-26,4.558312634611298,52.802327530731546,5.5765091005562795,-1.2203012706547727,-0.8738260456571273,3.017850837778809
2019-02-25,4.549243605402751,53.54245970274387,5.533042202668051,-1.1673959566277496,-0.8239707334993562,2.955691016360583
2019-03-27,4.549152327592367,54.28285418826484,5.489740937571865,-1.1153641342166265,-0.774981990574797,2.8943083048548996
2019-04-26,4.559336638657442,55.02508660230553,5.446452166616335,-1.0641660551291592,-0.7268120403526453,2.8337152048084366
2019-05-26,4.581298167482487,55.770871991986866,5.403044226817465,-1.013771462956901,-0.6794256447247304,2.773914753211566
2019-06-25,4.616794413145783,56.52207651428362,5.359410060304754,-0.9641643802446828,-0.632805084809232,2.7149034522926168
2019-07-25,4.667908110498217,57.28071729740695,5.315469313620731,-0.9153480872795006,-0.5869552164323033,2.6566750326110005
2019-08-24,4.737134765810424,58.04894634783341,5.271169149453424,-0.867349893045364,-0.54190818147421,2.599224822639735
2019-09-23,4.827488121902945,58.8290139624751,5.226483573721116,-0.8202252545936959,-0.4977273259400734,2.5425543811443156
2019-10-23,4.942621704771568,59.62320683472581,5.181411158943351,-0.7740608178048485,-0.4545099066233604,2.4866759808506687
2019-11-22,5.0869622716120375,60.433755992701364,5.135971136323639,-0.7289760307287999,-0.41238825852239047,2.431616528622323
2019-12-22,5.265847611261393,61.262709577601534,5.0901979234190735,-0.6851230985055119,-0.37152922115132464,2.3774205599605622
2020-01-21,5.485656190837972,62.11176600950475,5.044134275660579,-0.6426852029304682,-0.3321317800430304,2.324152052233354
2020-02-20,5.7539091014410815,62.982064901776035,4.99782337879373,-0.6018730506779615,-0.2944230195793869,2.2718949263871067
2020-03-21,6.079316080856984,63.87393731493975,4.9513003581920305,-0.5629199449183282,-0.25865260888714253,2.220752246630489
2020-04-20,6.471728752072011,64.78662525662739,4.904583842704119,-0.5260756612100874,-0.2250861210690282,2.1708442439780837
2020-05-20,6.9419593786491305,65.71799374534869,4.85766835933959,-0.491599437583419,-0.1939975078921431,2.122305355262143
2020-06-19,7.501428587704481,66.66427565727808,4.810518426791239,-0.45975238620487474,-0.165661044189778,2.075280497718586
2020-07-19,8.161627089463707,67.61990502895489,4.7630651942527935,-0.4307896162280086,-0.14034303546252727,2.0299208013643635
2020-08-18,8.933416134358424,68.5774990666855,4.715206280660112,-0.4049523292582203,-0.11829355258793678,1.98637900562977
2020-09-17,9.826242309693555,69.52803038963597,4.666809101327197,-0.3824601455321034,-0.09973845436498728,1.9448047230676293
2020-10-17,10.847383043965635,70.46119069322069,4.617717450600174,-0.36350389625425533,-0.08487193705589662,1.9053397475606964
2020-11-16,12.001346994051914,71.3658992410179,4.567760616316887,-0.3482391195464423,-0.07384985523694655,1.8681135681489678
2020-12-16,13.289519604175041,72.23087105695483,4.516764010880062,-0.336780523162204,-0.06678408710852263,1.8332392532774326
2021-01-15,14.710080581559737,73.04515401507302,4.464560312392566,-0.32919770552333594,-0.06373824885790708,1.800809876802753
2021-02-14,16.258157406867326,73.79856703998927,4.411000415431786,-0.32551248055442233,-0.06472511976805018,1.7708956843732135
2021-03-16,17.926136102242424,74.48191318469138,4.355963948711991,-0.3256982263549311,-0.06970621675630377,1.7435422478164726
