combo,n_bodies,weights,all_high_plv,all_background_plv,all_contrast,train_high_plv,train_background_plv,train_contrast,test_high_plv,test_background_plv,test_contrast,train_score
Jupiter+Saturn+Uranus+Pluto,4,Jupiter:0.056545;Saturn:-0.365908;Uranus:-0.592465;Pluto:-0.715471,0.14750427611839653,0.02429117039360002,0.12321310572479652,0.6615194070877622,0.034673384830882545,0.6268460222568797,0.2744158079691033,0.020143812930181533,0.2542719950389218,0.6218460222568797
Venus+Saturn+Uranus+Pluto,4,Venus:0.620918;Saturn:0.187128;Uranus:0.650768;Pluto:0.394899,0.25021628778610666,0.010824641761044876,0.2393916460250618,0.8542829460226016,7.532415596294844e-09,0.854282938490186,0.24750982000054444,0.013185732050229356,0.2343240879503151,0.849282938490186
Mars+Neptune,2,Mars:-0.770056;Neptune:-0.637976,0.2507008832747833,0.015305749284921758,0.23539513398986153,0.2622998369169674,0.024969079377388587,0.2373307575395788,0.24901213977178066,0.01734503354768787,0.23166710622409278,0.2273307575395788
Saturn+Uranus+Pluto,3,Saturn:0.318026;Uranus:0.604204;Pluto:0.730614,0.14586314468566594,0.03265767395259173,0.11320547073307421,0.6632552602151995,0.042091169005048036,0.6211640912101515,0.2585586779909305,0.028458837616818132,0.23009984037411238,0.6144974245434848
Saturn+Uranus+Pluto+Moon,4,Saturn:0.316512;Uranus:0.609699;Pluto:0.726491;Moon:-0.017273,0.14188994826968268,0.03204918256249608,0.1098407657071866,0.6676142128842157,0.04146152499152969,0.6261526878926861,0.2574290449229799,0.027708072509706555,0.22972097241327336,0.6211526878926861
Mars+Neptune+Moon,3,Mars:0.762581;Neptune:0.644831;Moon:0.051611,0.2464501751228273,0.01512643585182449,0.2313237392710028,0.2636487818182172,0.024617374197865485,0.23903140762035174,0.24362766101046043,0.017206098070256578,0.22642156294020385,0.2323647409536851
Venus+Mars+Jupiter+Neptune,4,Venus:-0.533781;Mars:-0.511831;Jupiter:-0.671699;Neptune:-0.043907,0.2664277414113138,0.004584401662821614,0.2618433397484922,0.8812454720124577,0.014025747647615688,0.8672197243648421,0.23009854437362548,0.010075200739044398,0.2200233436345811,0.8622197243648421
Mercury+Saturn+Uranus+Pluto,4,Mercury:0.038706;Saturn:-0.295796;Uranus:-0.626155;Pluto:-0.720373,0.13905204535300625,0.03691877230210537,0.10213327305090088,0.6737174582675496,0.045802075429581646,0.627915382837968,0.24931474593502292,0.032487990368014835,0.2168267555670081,0.622915382837968
Venus+Uranus+Neptune+Pluto,4,Venus:0.662102;Uranus:0.664836;Neptune:0.147930;Pluto:0.312619,0.2581871594233251,0.010644209520169881,0.24754294990315523,0.8498943491312902,0.0017606723873911697,0.8481336767438991,0.22541144900209087,0.010543305374740198,0.21486814362735068,0.843133676743899
Venus+Mars+Jupiter+Saturn,4,Venus:-0.602988;Mars:-0.537538;Jupiter:-0.533325;Saturn:-0.251042,0.26105430903034704,0.010358018878062494,0.25069629015228456,0.9107841236028953,0.002404958783856747,0.9083791648190386,0.22833569219346941,0.01367615541971561,0.2146595367737538,0.9033791648190386
Venus+Mars+Jupiter+Uranus,4,Venus:-0.537004;Mars:-0.512020;Jupiter:-0.665548;Uranus:-0.080672,0.26238357960657444,0.00638976591786011,0.2559938136887143,0.8907255144727043,0.015476480266424893,0.8752490342062794,0.2232575497969788,0.011155062346414274,0.2121024874505645,0.8702490342062794
Venus+Mars+Jupiter,3,Venus:-0.504503;Mars:-0.521899;Jupiter:-0.687821,0.2593468355570004,0.0036705649931966953,0.2556762705638037,0.8750929449573206,0.01270997066615475,0.8623829742911658,0.21999706160418073,0.009646679868044825,0.2103503817361359,0.8557163076244991
Venus+Mars+Saturn+Moon,4,Venus:-0.782833;Mars:-0.411347;Saturn:-0.462903;Moon:-0.060712,0.25807827658550564,0.007068707819343924,0.2510095687661617,0.7980329928506131,0.014097686222767086,0.783935306627846,0.22367363521813324,0.013946578145559142,0.2097270570725741,0.778935306627846
Venus+Mars+Jupiter+Pluto,4,Venus:-0.503869;Mars:-0.516645;Jupiter:-0.692171;Pluto:-0.009669,0.2559868427008511,0.004222990604996719,0.2517638520958544,0.8758138278875355,0.013157207870207615,0.8626566200173279,0.21805378020871446,0.009944504285954014,0.20810927592276046,0.8576566200173279
Mars+Jupiter+Saturn+Moon,4,Mars:-0.623060;Jupiter:-0.650813;Saturn:-0.395502;Moon:-0.178373,0.11986836988246481,0.013114136023800876,0.10675423385866394,0.45310433613140044,0.013313923326694918,0.43979041280470554,0.22221772426470748,0.015968031382665872,0.20624969288204162,0.43479041280470554
Venus+Mars+Saturn+Neptune,4,Venus:0.726585;Mars:0.399389;Saturn:0.549930;Neptune:-0.100697,0.24621502445301538,0.005987095740161417,0.24022792871285395,0.8045465517105769,0.014224787257448735,0.7903217644531282,0.21791017242547644,0.012090663623309586,0.20581950880216687,0.7853217644531282
Venus+Mars+Saturn,3,Venus:-0.763056;Mars:-0.398168;Saturn:-0.509125,0.25286354273768796,0.005805966501086842,0.24705757623660113,0.7939147589564557,0.014138319059162874,0.7797764398972928,0.21760773188761978,0.011934948187559509,0.20567278370006029,0.7731097732306261
Mercury+Venus+Mars+Jupiter,4,Mercury:-0.071180;Venus:0.529053;Mars:0.506764;Jupiter:0.676924,0.25256601788963806,0.0032808803064106307,0.24928513758322743,0.8985737327652841,0.011844430650206744,0.8867293021150773,0.21210697662072597,0.00789460126930761,0.20421237535141837,0.8817293021150773
Mercury+Venus+Mars+Saturn,4,Mercury:-0.033519;Venus:0.798530;Mars:0.392456;Saturn:0.455196,0.24174863045351375,0.005574873598618463,0.23617375685489528,0.7929939116635382,0.011200802167884761,0.7817931094956534,0.21606149426875598,0.012539335244243145,0.20352215902451284,0.7767931094956534
Venus+Mars+Jupiter+Moon,4,Venus:-0.504785;Mars:-0.515056;Jupiter:-0.692349;Moon:0.023718,0.2519401871940809,0.0038694531832024173,0.24807073401087848,0.8795888182406171,0.012560688444490757,0.8670281297961263,0.2123116750806288,0.00985527393086645,0.20245640114976235,0.8620281297961263
Mars+Uranus+Neptune+Moon,4,Mars:-0.733681;Uranus:0.131794;Neptune:-0.665224;Moon:-0.042645,0.22925485625627243,0.01640180244834571,0.2128530538079267,0.2908492989234545,0.024928422580965982,0.2659208763424885,0.2204295637569502,0.018720709073161042,0.20170885468378916,0.2609208763424885
Venus+Mars+Saturn+Pluto,4,Venus:-0.674196;Mars:-0.391953;Saturn:-0.585236;Pluto:-0.222110,0.2309891514431706,0.0069056712643914275,0.22408348017877916,0.8279983081008712,0.015151393811522938,0.8128469142893482,0.20971865738892365,0.008428134946065475,0.20129052244285817,0.8078469142893482
Uranus+Neptune+Pluto,3,Uranus:-0.567313;Neptune:-0.306670;Pluto:-0.764270,0.13812492316547004,0.021916732902942916,0.11620819026252713,0.5466104263012885,0.014652575390697706,0.5319578509105908,0.22564940848565238,0.026524098981646333,0.19912530950400603,0.5252911842439241
Uranus+Neptune+Pluto+Moon,4,Uranus:0.577051;Neptune:0.300500;Pluto:0.758820;Moon:-0.030067,0.13754388252523633,0.02100906736182425,0.11653481516341208,0.5551402110399005,0.013716883824794726,0.5414233272151058,0.2233950390970459,0.025676662138144884,0.19771837695890102,0.5364233272151058
Mars+Jupiter+Saturn,3,Mars:-0.501848;Jupiter:-0.733261;Saturn:-0.458778,0.11152570898161679,0.012741904506247551,0.09878380447536923,0.44735818547559625,0.01357881775050666,0.43377936772508957,0.20918345331807064,0.015387912216216364,0.1937955411018543,0.4271127010584229
Mercury+Uranus+Neptune+Pluto,4,Mercury:-0.028738;Uranus:0.584320;Neptune:0.268579;Pluto:0.765251,0.13437448023910628,0.02040813990971669,0.1139663403293896,0.5466374171323248,0.014559052381294587,0.5320783647510302,0.21598706028200398,0.025059353067525488,0.1909277072144785,0.5270783647510302
Venus+Uranus+Pluto+Moon,4,Venus:-0.574263;Uranus:-0.733786;Pluto:-0.361632;Moon:-0.031666,0.262776820272892,0.010269037387897029,0.252507782884995,0.8486453896631231,0.0015997257134242185,0.8470456639496988,0.19744481415579984,0.009243970764000617,0.1882008433917992,0.8420456639496988
Mercury+Mars,2,Mercury:-0.677301;Mars:-0.735706,0.21243780823561342,0.014958653303999135,0.19747915493161428,0.31104150114111806,0.02278178747753145,0.2882597136635866,0.2016651491421086,0.017141699449342934,0.18452344969276566,0.2782597136635866
Venus+Jupiter+Uranus+Pluto,4,Venus:0.413397;Jupiter:0.452006;Uranus:0.567916;Pluto:0.549786,0.13872714146257561,0.02234578142088078,0.11638136004169483,0.8819388892371502,0.01463226110778181,0.8673066281293684,0.21218706524138098,0.02967404486438345,0.18251302037699751,0.8623066281293684
Venus+Uranus+Pluto,3,Venus:-0.597878;Uranus:-0.727542;Pluto:-0.336489,0.25468212586546785,0.010048857774365464,0.2446332680911024,0.8404524736038274,0.0022986853299232727,0.8381537882739041,0.18734640660514393,0.00808760589611291,0.17925880070903102,0.8314871216072374
Venus+Mars+Uranus+Pluto,4,Venus:-0.598367;Mars:-0.002162;Uranus:-0.728034;Pluto:-0.334543,0.25474947966451195,0.010076185567067832,0.24467329409744412,0.8405075341189568,0.002330019230565114,0.8381775148883918,0.18661394468131343,0.008067103759912948,0.17854684092140047,0.8331775148883918
Venus+Saturn+Uranus+Neptune,4,Venus:-0.509595;Saturn:0.543172;Uranus:-0.304200;Neptune:-0.593919,0.2651803242307786,0.008850245971948173,0.2563300782588304,0.738014972594151,0.015282074072222216,0.7227328985219288,0.1866419583389364,0.011931072937982743,0.17471088540095367,0.7177328985219288
Mercury+Venus+Uranus+Moon,4,Mercury:0.189862;Venus:-0.768650;Uranus:-0.583805;Moon:-0.179727,0.23838662231550065,0.009999428526914756,0.22838719378858588,0.6878917526041471,0.0034954855834202466,0.6843962670207269,0.17848816340661658,0.00584344888884554,0.17264471451777103,0.6793962670207269
Mercury+Mars+Jupiter+Saturn,4,Mercury:0.344565;Mars:0.629866;Jupiter:0.587454;Saturn:0.373419,0.07116837931880333,0.008242948379788059,0.06292543093901527,0.4615374686890102,0.014706163815849481,0.4468313048731607,0.17680693134864267,0.004649309881042958,0.17215762146759972,0.4418313048731607
Venus+Neptune+Pluto,3,Venus:0.689730;Neptune:0.485572;Pluto:0.537115,0.22991474165097156,0.00915477030464885,0.22075997134632272,0.7100554792523027,0.016251621120006974,0.6938038581322957,0.182566936580994,0.011768169174792446,0.17079876740620153,0.687137191465629
Mercury+Venus+Uranus+Pluto,4,Mercury:-0.029256;Venus:0.617999;Uranus:0.718637;Pluto:0.317461,0.2433275596320766,0.012927039186813713,0.2304005204452629,0.845583540088282,0.005697480569690879,0.8398860595185911,0.17911029039323173,0.009795597994400577,0.16931469239883115,0.8348860595185911
Mars+Saturn+Pluto,3,Mars:0.575684;Saturn:0.768765;Pluto:0.278546,0.06939950348218134,0.0035080220787390105,0.06589148140344232,0.45366731634121094,0.004505602842862953,0.449161713498348,0.17600737350948853,0.0073020799912453796,0.16870529351824315,0.44249504683168134
Venus+Saturn+Uranus+Moon,4,Venus:-0.786683;Saturn:-0.365058;Uranus:-0.497574;Moon:-0.016813,0.1608473990675321,0.009302309322759536,0.15154508974477254,0.6723336978675287,0.016319233550678488,0.6560144643168503,0.1770051131273817,0.009188128571002667,0.16781698455637903,0.6510144643168503
Venus+Saturn+Uranus,3,Venus:-0.783295;Saturn:-0.381657;Uranus:-0.490701,0.15770949582424493,0.009715585760119841,0.1479939100641251,0.6723351232502482,0.016705241163454104,0.6556298820867942,0.1767157196458066,0.009397636244170348,0.16731808340163626,0.6489632154201275
Mercury+Venus+Saturn+Uranus,4,Mercury:-0.094364;Venus:0.783264;Saturn:0.315174;Uranus:0.527502,0.17551107001307278,0.007462629908673311,0.16804844010439948,0.6929557520902929,0.014315505682310875,0.678640246407982,0.17159312933156562,0.009691541627170964,0.16190158770439467,0.673640246407982
Venus+Mars+Saturn+Uranus,4,Venus:0.678208;Mars:0.445993;Saturn:0.549024;Uranus:-0.199242,0.2202360643650465,0.003754030867034666,0.21648203349801184,0.7975265306969255,0.010548775011113102,0.7869777556858124,0.16846265638517244,0.007928959848221355,0.16053369653695107,0.7819777556858124
Venus+Neptune+Pluto+Moon,4,Venus:0.680758;Neptune:0.490117;Pluto:0.542118;Moon:-0.049617,0.22094179017812401,0.0077420951973075245,0.21319969498081648,0.709071828392346,0.014094482162656916,0.694977346229689,0.16725218490302501,0.010098208946396325,0.1571539759566287,0.689977346229689
Mars+Jupiter+Uranus,3,Mars:0.652911;Jupiter:0.734312;Uranus:0.185722,0.0728362773524994,0.022468065576048326,0.050368211776451066,0.545162569470671,0.028151860890025873,0.5170107085806451,0.17052460020999438,0.017450408280463882,0.1530741919295305,0.5103440419139784
Neptune+Pluto,2,Neptune:-0.339164;Pluto:-0.940727,0.1266463026614568,0.01553561221246891,0.11111069044898789,0.20885221309645202,0.019472697298573635,0.18937951579787837,0.1667529564885886,0.016447565403625596,0.150305391084963,0.17937951579787836
Venus+Mars+Uranus+Moon,4,Venus:-0.849958;Mars:-0.305252;Uranus:-0.414564;Moon:-0.111933,0.24000368943049405,0.009336841984366847,0.2306668474461272,0.7251440658894923,0.013478181336129793,0.7116658845533625,0.15861437238470047,0.010289131991435985,0.14832524039326447,0.7066658845533625
Venus+Saturn+Neptune+Moon,4,Venus:0.216840;Saturn:-0.694507;Neptune:0.683104;Moon:0.063319,0.22306732019439937,0.013818601052005894,0.20924871914239349,0.7221475913741697,0.01919191512846686,0.7029556762457029,0.16731293855402699,0.019711218727621868,0.14760171982640513,0.6979556762457029
Mercury+Venus+Uranus+Neptune,4,Mercury:0.151595;Venus:-0.831486;Uranus:-0.381057;Neptune:-0.374762,0.2143592993412553,0.007035414656383483,0.2073238846848718,0.7066012703670029,0.0006943591923530869,0.7059069111746499,0.15247737291531238,0.006024898289969488,0.1464524746253429,0.7009069111746499
Venus+Mars+Uranus,3,Venus:0.864481;Mars:0.315364;Uranus:0.391432,0.23356869123030846,0.008622644091076546,0.2249460471392319,0.7127439798701194,0.013215444217676888,0.6995285356524426,0.15522790862574629,0.01018295956675955,0.14504494905898674,0.6928618689857758
Venus+Mars,2,Venus:-0.905930;Mars:-0.423428,0.21632633997281459,0.0035218957965352272,0.21280444417627936,0.6614563940740126,0.008303762136832395,0.6531526319371802,0.14910640119294663,0.005634880051151798,0.14347152114179484,0.6431526319371802
Venus+Uranus+Neptune,3,Venus:0.891469;Uranus:0.351450;Neptune:0.285948,0.2007713801947473,0.006196707861036858,0.19457467233371045,0.6486026367101605,0.012068231006084411,0.636534405704076,0.15452360011057584,0.011221610336635173,0.14330198977394065,0.6298677390374093
Venus+Uranus+Neptune+Moon,4,Venus:0.826095;Uranus:0.501864;Neptune:0.199307;Moon:0.161172,0.20284547241594109,0.0047366149577416005,0.19810885745819948,0.6588853144985731,0.009990403012993922,0.6488949114855792,0.1492152810137398,0.006379832033996539,0.14283544897974326,0.6438949114855792
Venus+Uranus,2,Venus:-0.930521;Uranus:-0.366239,0.19497121100741818,0.008901358955545474,0.1860698520518727,0.6353488069340774,0.014965383954138068,0.6203834229799393,0.1542208206575406,0.01159327100866805,0.14262754964887256,0.6103834229799393
Venus+Uranus+Moon,3,Venus:0.903224;Uranus:0.417658;Moon:0.098734,0.19821444327198479,0.008127172356842197,0.1900872709151426,0.6371904831736505,0.014061494549272817,0.6231289886243776,0.15306399307966065,0.010497517182371482,0.14256647589728916,0.6164623219577109
Venus+Mars+Moon,3,Venus:-0.901133;Mars:-0.424683;Moon:-0.087196,0.21361239123473666,0.004864198937224947,0.2087481922975117,0.6630691062063203,0.00738862016216345,0.6556804860441569,0.14607885257777833,0.003573670218349636,0.1425051823594287,0.6490138193774901
Mercury+Venus+Uranus,3,Mercury:-0.252165;Venus:0.875738;Uranus:0.411699,0.2119489559762844,0.010757631799892132,0.20119132417639227,0.6567130391941041,0.004271091000342139,0.6524419481937619,0.1484375414223058,0.007434944542380168,0.14100259687992564,0.6457752815270952
Venus+Mars+Neptune+Pluto,4,Venus:-0.828720;Mars:-0.366897;Neptune:-0.420246;Pluto:-0.044748,0.22473586121473665,0.013814298771462586,0.21092156244327406,0.7705212068158112,0.019443057937145906,0.7510781488786652,0.15648278251088513,0.01594897619030819,0.14053380632057694,0.7460781488786652
Mercury+Venus+Neptune+Pluto,4,Mercury:-0.050022;Venus:-0.664360;Neptune:-0.510827;Pluto:-0.543304,0.20638296517464097,0.008189770443248595,0.19819319473139238,0.710581023605739,0.014195600459460259,0.6963854231462788,0.15309479989681804,0.012745532430469856,0.14034926746634818,0.6913854231462788
Venus+Saturn+Neptune,3,Venus:0.184574;Saturn:-0.701192;Neptune:0.688666,0.21622282348057706,0.01708254599291114,0.1991402774876659,0.7175485689278065,0.02211167826522868,0.6954368906625779,0.16282276083875907,0.022776451999355428,0.14004630883940364,0.6887702239959111
Mercury+Venus+Mars+Neptune,4,Mercury:-0.045701;Venus:0.842839;Mars:0.370397;Neptune:0.387738,0.2196129617935455,0.010840944211531176,0.20877201758201433,0.7676463785230282,0.015657129816305636,0.7519892487067226,0.1495307883253895,0.0114866034872838,0.13804418483810568,0.7469892487067226
Venus+Jupiter+Saturn+Pluto,4,Venus:0.643564;Jupiter:-0.388232;Saturn:0.572230;Pluto:0.328108,0.20513465237788267,0.013709963614736883,0.19142468876314578,0.7513978242833212,0.01960882839366127,0.73178899588966,0.1550237123107277,0.01724201286885757,0.13778169944187013,0.72678899588966
Mercury+Venus+Mars+Uranus,4,Mercury:0.178400;Venus:-0.870308;Mars:-0.235892;Uranus:-0.393818,0.2262758578072637,0.008873716273055773,0.21740214153420792,0.741445088799429,0.003925550978340676,0.7375195378210884,0.1389605779564245,0.003156034967174801,0.13580454298924968,0.7325195378210884
Venus+Mars+Pluto,3,Venus:0.895545;Mars:0.434967;Pluto:-0.093826,0.21286205642236825,0.00505423165975494,0.2078078247626133,0.6649353053400531,0.008680817338555377,0.6562544880014977,0.14074964765886208,0.0057733910087007494,0.13497625665016133,0.649587821334831
Venus+Mars+Neptune,3,Venus:0.839492;Mars:0.363966;Neptune:0.403462,0.22016570261852994,0.01260578021547925,0.20755992240305068,0.7678679395263409,0.01752076297626008,0.7503471765500809,0.14856843448857562,0.01368969117853527,0.13487874331004035,0.7436805098834142
Venus+Mars+Pluto+Moon,4,Venus:0.891393;Mars:0.435397;Pluto:-0.094945;Moon:0.082659,0.21156328336872487,0.006476559282067003,0.20508672408665787,0.6673033115321825,0.008268387508258777,0.6590349240239237,0.13900189734122284,0.004475550369717225,0.13452634697150562,0.6540349240239237
Jupiter+Uranus+Pluto+Moon,4,Jupiter:-0.303419;Uranus:-0.595744;Pluto:-0.742784;Moon:0.036029,0.09800345964125569,0.01976823603389208,0.07823522360736361,0.6529192610901631,0.02152513700381839,0.6313941240863447,0.15721387699458134,0.023238234140654634,0.1339756428539267,0.6263941240863447
Jupiter+Uranus+Pluto,3,Jupiter:0.311469;Uranus:0.586577;Pluto:0.747605,0.10009615696459126,0.019409994097586734,0.08068616286700453,0.6257744513344354,0.0213654341932297,0.6044090171412058,0.15439350896654133,0.02272292507164713,0.1316705838948942,0.597742350474539
Venus+Mars+Uranus+Neptune,4,Venus:-0.869846;Mars:-0.296894;Uranus:-0.186473;Neptune:-0.347058,0.22465875280498152,0.00823239968267515,0.21642635312230638,0.7736838246255897,0.013409574850948592,0.7602742497746411,0.14257363025225436,0.011414963495650922,0.13115866675660345,0.7552742497746411
Mars+Saturn+Uranus,3,Mars:0.274547;Saturn:-0.738052;Uranus:0.616363,0.13823094799168062,0.018019734133706247,0.12021121385797437,0.4597979273776913,0.019891718495516506,0.4399062088821748,0.151929906226535,0.02165103282582319,0.1302788734007118,0.43323954221550814
Mercury+Venus+Saturn+Neptune,4,Mercury:0.020427;Venus:-0.176624;Saturn:0.721107;Neptune:-0.669620,0.20732356120039686,0.015668180375629757,0.1916553808247671,0.7158075922686441,0.02014949217721397,0.6956581000914301,0.15020075446664968,0.021486010754596885,0.1287147437120528,0.6906581000914301
Venus+Neptune,2,Venus:0.973064;Neptune:0.230535,0.18502537888596207,0.005609417488590843,0.17941596139737123,0.6387556918684378,0.011148741027861803,0.627606950840576,0.13793967692007972,0.009499259506016305,0.12844041741406342,0.617606950840576
Neptune+Pluto+Moon,3,Neptune:0.437952;Pluto:0.752511;Moon:0.491859,0.11664399798909121,0.013203708552172146,0.10344028943691906,0.22361692515022763,0.014094705552316138,0.20952221959791148,0.14239867190205277,0.015021779470435037,0.12737689243161773,0.20285555293124483
Venus+Neptune+Moon,3,Venus:-0.969464;Neptune:-0.233326;Moon:-0.075485,0.18237676358154778,0.004763825194470993,0.17761293838707679,0.6389710698535268,0.010253634154607014,0.6287174356989198,0.1357812045585815,0.008588750838342563,0.12719245372023893,0.6220507690322531
Pluto+Moon,2,Pluto:-0.964873;Moon:-0.262718,0.13532227889295076,0.026570910596411198,0.10875136829653956,0.18610083702870678,0.029151859146927965,0.1569489778817788,0.1538017106608213,0.027867996121646758,0.12593371453917454,0.1469489778817788
Mars+Saturn+Pluto+Moon,4,Mars:0.519444;Saturn:-0.698663;Pluto:-0.421386;Moon:0.253933,0.128177515340515,0.005464418102299727,0.12271309723821527,0.43420016303343556,0.005579693425314127,0.42862046960812145,0.13430036585818694,0.009071122494019566,0.12522924336416738,0.42362046960812144
Venus+Jupiter+Saturn+Neptune,4,Venus:0.664741;Jupiter:-0.460849;Saturn:0.586637;Neptune:-0.039929,0.20946978119929088,0.013306334511998186,0.1961634466872927,0.734449018020721,0.018655125709667902,0.7157938923110532,0.14203815122054259,0.017939668016400616,0.12409848320414196,0.7107938923110532
Mars+Pluto+Moon,3,Mars:0.641079;Pluto:0.767444;Moon:-0.006887,0.13986799334580083,0.010559774920370937,0.1293082184254299,0.2743814816338977,0.015373429016892318,0.2590080526170054,0.13419754910615955,0.012523673973048474,0.12167387513311108,0.2523413859503387
Mars+Pluto,2,Mars:-0.642110;Pluto:-0.766613,0.13953972559487987,0.010411289343606432,0.12912843625127343,0.27420002266410354,0.015271248899324241,0.2589287737647793,0.1336913993155977,0.012333791916784919,0.12135760739881278,0.2489287737647793
Venus+Jupiter+Neptune+Pluto,4,Venus:0.704756;Jupiter:-0.413521;Neptune:0.536055;Pluto:0.212047,0.2041278378709488,0.007399047527723843,0.19672879034322494,0.7252918876660889,0.0063866860136725,0.7189052016524163,0.12289102336584429,0.0015569281061691362,0.12133409525967515,0.7139052016524163
Mercury+Jupiter+Neptune,3,Mercury:-0.222603;Jupiter:0.744032;Neptune:-0.629972,0.1789538566330604,0.021546949616063342,0.15740690701699706,0.48705727558238454,0.02487935365098509,0.46217792193139945,0.14043929280664433,0.02086658417165525,0.11957270863498907,0.4555112552647328
Mercury+Jupiter+Neptune+Moon,4,Mercury:0.201376;Jupiter:-0.752518;Neptune:0.626832;Moon:0.015696,0.17847823146807604,0.021736544133449495,0.15674168733462654,0.4868883412579494,0.024599604735131255,0.46228873652281816,0.13982858793641548,0.020570288506762246,0.11925829942965323,0.45728873652281815
Mercury+Neptune+Moon,3,Mercury:-0.843378;Neptune:-0.425373;Moon:0.328286,0.16053892030514189,0.029222524815328235,0.13131639548981366,0.31764654896646854,0.032909759266616496,0.28473678969985206,0.14736150451820146,0.028896306277874272,0.11846519824032718,0.2780701230331854
Venus+Jupiter+Saturn+Moon,4,Venus:0.679376;Jupiter:-0.457253;Saturn:0.573775;Moon:-0.012287,0.2078379544024798,0.014226725617449124,0.19361122878503068,0.7362069285432165,0.01933948394482339,0.716867444598393,0.13638590941398274,0.018132262306333566,0.11825364710764917,0.711867444598393
Mars+Neptune+Pluto+Moon,4,Mars:-0.464847;Neptune:-0.682444;Pluto:-0.562691;Moon:-0.039593,0.060811610695206034,0.008102745600094986,0.05270886509511105,0.41306567716875825,0.012319949450023227,0.400745727718735,0.12496359623354265,0.007757158818443669,0.11720643741509898,0.395745727718735
Mercury+Uranus+Neptune+Moon,4,Mercury:0.690888;Uranus:-0.510736;Neptune:0.502939;Moon:-0.094207,0.154500036368969,0.023162095686305458,0.13133794068266355,0.32629659856717624,0.027020965144016244,0.29927563342316,0.13976028542106722,0.022955106344096976,0.11680517907697024,0.29427563342316
Mercury+Mars+Uranus,3,Mercury:-0.686816;Mars:0.657309;Uranus:-0.310207,0.1335801699628772,0.010152297365529897,0.12342787259734729,0.3263730272126251,0.012653681577620018,0.3137193456350051,0.12441519764798323,0.008202426111772377,0.11621277153621085,0.30705267896833843
Venus+Jupiter+Uranus+Moon,4,Venus:-0.843927;Jupiter:0.169741;Uranus:-0.502453;Moon:-0.080720,0.20223356261306086,0.009394325902871939,0.19283923671018893,0.6605860047877844,0.013590389548284204,0.6469956152395002,0.1277908081598612,0.011590181190239515,0.1162006269696217,0.6419956152395002
Mercury+Jupiter+Uranus+Pluto,4,Mercury:-0.080590;Jupiter:0.265656;Uranus:0.624742;Pluto:0.729814,0.08922525448726411,0.018164215317720642,0.07106103916954347,0.6456656261427367,0.01986443131510206,0.6258011948276346,0.13713150527255172,0.021435683875355688,0.11569582139719603,0.6208011948276346
Mars+Jupiter+Pluto+Moon,4,Mars:0.354419;Jupiter:0.833110;Pluto:0.333880;Moon:-0.262373,0.07309188178530641,0.03211887389018988,0.040973007895116535,0.5067350458436266,0.03630081603471477,0.4704342298089118,0.14568188920413822,0.030145413754099067,0.11553647545003914,0.4654342298089118
Mercury+Venus+Neptune,3,Mercury:-0.232078;Venus:0.962898;Neptune:0.137718,0.18707399433971245,0.006214433408327074,0.18085956093138536,0.6443565366466479,0.0017323512998431655,0.6426241853468048,0.11895558503206752,0.0037652368345467966,0.11519034819752072,0.6359575186801381
Venus+Jupiter+Saturn+Uranus,4,Venus:0.678273;Jupiter:-0.468993;Saturn:0.565326;Uranus:-0.019948,0.20465557126090278,0.013035680807617517,0.19161989045328526,0.7327955201939546,0.01802613658310357,0.714769383610851,0.13218635103741777,0.017106728452304557,0.11507962258511321,0.709769383610851
Venus+Jupiter+Uranus,3,Venus:-0.860528;Jupiter:0.187149;Uranus:-0.473780,0.19807814070340946,0.009617267385697527,0.18846087331771194,0.6573226131991038,0.014149841740629216,0.6431727714584746,0.12731376043735948,0.012283454267219376,0.11503030617014011,0.6365061047918079
Mercury+Mars+Saturn+Pluto,4,Mercury:-0.450565;Mars:0.292800;Saturn:-0.775048;Pluto:-0.332505,0.034667413296132425,0.013668346225626743,0.02099906707050568,0.47025332922704083,0.018266120397052922,0.4519872088299879,0.1242207884427175,0.009451660386550329,0.11476912805616717,0.4469872088299879
Mercury+Venus+Neptune+Moon,4,Mercury:0.224658;Venus:-0.961336;Neptune:-0.151121;Moon:-0.050244,0.18644284454239907,0.006407416742413519,0.18003542779998555,0.6450824090608015,0.0019739096712667265,0.6431084993895347,0.11809400455611205,0.0037385477270901277,0.11435545682902191,0.6381084993895347
Venus+Jupiter+Saturn,3,Venus:-0.689333;Jupiter:0.456640;Saturn:-0.562405,0.20523067577429535,0.014046759212653312,0.19118391656164205,0.7333698193413597,0.018997140351088557,0.7143726789902711,0.1323173004761163,0.01800923687635626,0.11430806359976005,0.7077060123236044
Mercury+Venus+Jupiter+Uranus,4,Mercury:-0.214877;Venus:0.847961;Jupiter:-0.178878;Uranus:0.450325,0.20525934210555377,0.009218363206804468,0.1960409788987493,0.6924185483278689,0.004431836486612725,0.6879867118412561,0.11679094504764537,0.003651169822275433,0.11313977522536993,0.6829867118412561
Mercury+Mars+Uranus+Moon,4,Mercury:0.639564;Mars:-0.666436;Uranus:0.341203;Moon:-0.174360,0.13468450236741006,0.013267127565934272,0.12141737480147578,0.36187607525694127,0.014730261208135354,0.3471458140488059,0.1233572499781844,0.010521860449855739,0.11283538952832865,0.3421458140488059
Mercury+Jupiter+Uranus+Neptune,4,Mercury:-0.440820;Jupiter:0.489403;Uranus:0.271317;Neptune:-0.701819,0.1957594590812842,0.014415134362029404,0.1813443247192548,0.537198342710422,0.019257978617956247,0.5179403640924658,0.13098860089888398,0.01891892303603885,0.11206967786284514,0.5129403640924658
Venus+Mars+Neptune+Moon,4,Venus:-0.824425;Mars:-0.388413;Neptune:-0.397606;Moon:-0.106621,0.20661808014963723,0.011516275971057227,0.19510180417858,0.7776856548483352,0.014923893404177404,0.7627617614441577,0.12272418357747034,0.011683090971683682,0.11104109260578665,0.7577617614441577
Venus+Jupiter+Uranus+Neptune,4,Venus:0.858963;Jupiter:-0.234440;Uranus:0.262546;Neptune:0.371874,0.1925865842182541,0.0026411817968241985,0.18994540242142988,0.7124175919773861,0.004984893630218753,0.7074326983471674,0.11497624769702704,0.004059411388057172,0.11091683630896987,0.7024326983471674
Mercury+Venus+Mars,3,Mercury:-0.265032;Venus:0.881441;Mars:0.390922,0.202796932360547,0.006875077416597306,0.19592185494394967,0.6975767152938356,0.0019486316243575406,0.695628083669478,0.1139734243925839,0.003233617196077496,0.1107398071965064,0.6889614170028113
Mercury+Neptune,2,Mercury:0.789270;Neptune:0.614046,0.1397712233734217,0.031822216784471447,0.10794900658895026,0.2346459831862014,0.03326259986750808,0.20138338331869332,0.1406523543706859,0.030275325933157148,0.11037702843752875,0.1913833833186933
Mercury+Saturn+Pluto,3,Mercury:0.354116;Saturn:0.894379;Pluto:0.273292,0.035053844846320396,0.012535224579741827,0.022518620266578568,0.44028745423177673,0.0169644863476894,0.42332296788408735,0.11867335702432787,0.00864025338538403,0.11003310363894384,0.4166563012174207
Jupiter+Saturn+Moon,3,Jupiter:-0.569353;Saturn:-0.692280;Moon:0.443380,0.07432926041536683,0.007620718170424848,0.06670854224494198,0.43661362765510225,0.011986419262652117,0.42462720839245016,0.11686280087039247,0.007284383931963184,0.10957841693842929,0.4179605417257835
Mercury+Venus+Jupiter+Saturn,4,Mercury:-0.017306;Venus:0.686268;Jupiter:-0.468592;Saturn:0.556020,0.20191647416600264,0.013492039314890807,0.18842443485111182,0.7350422370067953,0.01825338588187895,0.7167888511249163,0.12714086580930672,0.01764704333815876,0.10949382247114797,0.7117888511249163
Venus+Jupiter+Neptune+Moon,4,Venus:0.797443;Jupiter:-0.325302;Neptune:0.507951;Moon:0.015782,0.1868519317692315,0.005688574918341137,0.18116335685089038,0.7044477575409542,0.004361490267240218,0.700086267273714,0.1099996882007348,0.0007921338373325728,0.10920755436340222,0.695086267273714
Mercury+Venus+Jupiter+Neptune,4,Mercury:-0.028779;Venus:0.807529;Jupiter:-0.323062;Neptune:0.492646,0.1867369141469946,0.005516215978114019,0.18122069816888056,0.704859440952805,0.004263514138142527,0.7005959268146624,0.10994916433622541,0.0009383318052634113,0.109010832530962,0.6955959268146624
Venus+Jupiter+Neptune,3,Venus:0.798715;Jupiter:-0.325988;Neptune:0.505752,0.18691266822943559,0.004926407132168452,0.18198626109726712,0.7033483894346203,0.0035193796347144455,0.6998290097999058,0.10997209248995653,0.0017061458258424492,0.10826594666411407,0.6931623431332391
Mars+Neptune+Pluto,3,Mars:0.481676;Neptune:0.661046;Pluto:0.575332,0.061854498578304225,0.010082603748520064,0.05177189482978416,0.3979247304624117,0.014257673317972055,0.38366705714443966,0.11691283598403848,0.009018587791039501,0.10789424819299898,0.377000390477773
Mercury+Venus+Mars+Pluto,4,Mercury:-0.256011;Venus:0.880606;Mars:0.395584;Pluto:-0.050047,0.2005912985163268,0.007818921359470512,0.19277237715685627,0.7000770237648805,0.0032999093887775225,0.6967771143761029,0.11036162596317099,0.002796437172606869,0.10756518879056412,0.6917771143761029
Venus+Moon,2,Venus:0.996760;Moon:0.080427,0.1575098768904144,0.004807247341973082,0.15270262954844133,0.6268359003364204,0.00941454031627984,0.6174213600201406,0.11476355448298671,0.008041611073768412,0.1067219434092183,0.6074213600201406
Venus+Saturn,2,Venus:0.990118;Saturn:0.140240,0.16252212473726677,0.007036245032853166,0.1554858797044136,0.6330433268739536,0.011516862268010585,0.621526464605943,0.11702669088137461,0.011038215091733972,0.10598847578964064,0.611526464605943
Mercury+Moon,2,Mercury:0.905946;Moon:-0.423394,0.13918163566641878,0.02759793121250299,0.11158370445391579,0.23094053571642864,0.03179928220645928,0.19914125350996936,0.13380346107212923,0.028127701839673003,0.10567575923245623,0.18914125350996935
Venus+Jupiter+Pluto,3,Venus:-0.962971;Jupiter:-0.086782;Pluto:-0.255255,0.1519753209861941,0.010552932414359655,0.14142238857183445,0.6390120476829578,0.014340030929853398,0.6246720167531045,0.119670827200238,0.014921928712481377,0.10474889848775662,0.6180053500864378
Venus+Saturn+Moon,3,Venus:-0.987950;Saturn:-0.138122;Moon:-0.069838,0.15935792837986856,0.006203534842846069,0.15315439353702248,0.6330984680868809,0.010624142386773977,0.6224743257001069,0.11457020768079419,0.01022547589032959,0.1043447317904646,0.6158076590334401
Mars+Saturn+Uranus+Moon,4,Mars:0.242141;Saturn:-0.820544;Uranus:0.470460;Moon:0.216201,0.11687352855682305,0.006738583493702957,0.11013494506312009,0.4807461333297831,0.010266368728205178,0.4704797646015779,0.11419038206912657,0.010009377637300523,0.10418100443182605,0.4654797646015779
Mercury+Venus+Mars+Moon,4,Mercury:0.272171;Venus:-0.871397;Mars:-0.402800;Moon:-0.065896,0.19950522371713217,0.008403449420874915,0.19110177429625724,0.700939428187764,0.003678759463188452,0.6972606687245756,0.10764395784791268,0.0036756112607140177,0.10396834658719867,0.6922606687245756
Mars+Jupiter+Neptune+Moon,4,Mars:-0.061188;Jupiter:0.722895;Neptune:-0.687456;Moon:-0.032912,0.17571320672256005,0.02536397274735288,0.15034923397520716,0.4813444413182961,0.022443636836992468,0.45890080448130366,0.12504429663524516,0.02138680536783146,0.10365749126741369,0.45390080448130365
Mercury+Saturn,2,Mercury:0.419403;Saturn:0.907800,0.02475479125291961,0.00880839216085826,0.01594639909206135,0.4139612953807543,0.012528534880475298,0.40143276050027904,0.10878671176590667,0.005512110206749744,0.10327460155915692,0.39143276050027903
Mercury+Jupiter+Saturn+Pluto,4,Mercury:0.431467;Jupiter:0.316008;Saturn:0.795095;Pluto:0.286005,0.04433510219150734,0.014613515384281102,0.02972158680722624,0.4550468988608832,0.01847575344600801,0.4365711454148752,0.1133198867716907,0.010482529821147259,0.10283735695054344,0.4315711454148752
Venus+Jupiter+Pluto+Moon,4,Venus:0.958989;Jupiter:0.087714;Pluto:0.258311;Moon:0.076946,0.1485440175074776,0.009886200973217341,0.13865781653426024,0.6395353029803341,0.013503283510209416,0.6260320194701247,0.11678842136006497,0.014351636591565348,0.10243678476849961,0.6210320194701247
Saturn+Pluto,2,Saturn:-0.949709;Pluto:-0.313134,0.05718208443171699,0.004427701193911395,0.0527543832378056,0.4032706517310157,0.008564060639793526,0.39470659109122214,0.10629055005696987,0.004061417547363523,0.10222913250960634,0.3847065910912221
Mercury+Saturn+Uranus,3,Mercury:-0.320983;Saturn:-0.877912;Uranus:0.355303,0.0657848003460545,0.014080516884484315,0.05170428346157018,0.47912225643334777,0.018121950975044803,0.46100030545830295,0.11192721058350236,0.010666815880652205,0.10126039470285016,0.4543336387916363
Saturn+Pluto+Moon,3,Saturn:-0.943326;Pluto:-0.321394;Moon:0.082717,0.061206648990341575,0.004418822414337745,0.05678782657600383,0.4038869222807876,0.008593990173846803,0.3952929321069408,0.10480265749222495,0.003688424918804148,0.1011142325734208,0.3886262654402741
Saturn+Uranus,2,Saturn:0.931461;Uranus:-0.363842,0.082995373957291,0.005036405971076281,0.07795896798621471,0.4333220398652144,0.00877980435398425,0.42454223551123016,0.10751873735235286,0.0068006026056619245,0.10071813474669093,0.41454223551123015
Saturn+Uranus+Moon,3,Saturn:0.904327;Uranus:-0.373700;Moon:-0.206252,0.0905209551676726,0.005569407596077326,0.08495154757159527,0.4413358475041713,0.009643427272817862,0.43169242023135346,0.10723835933596595,0.006695114091211606,0.10054324524475435,0.4250257535646868
Mars+Jupiter+Neptune,3,Mars:-0.078531;Jupiter:0.720040;Neptune:-0.689475,0.170485921798183,0.023284004161486307,0.1472019176366967,0.47325388333077506,0.020112989564850223,0.4531408937659248,0.11966261303326256,0.019235947738961125,0.10042666529430144,0.44647422709925816
Mercury+Saturn+Moon,3,Mercury:-0.637756;Saturn:-0.726382;Moon:0.256197,0.07384210503784981,0.01862511869447546,0.05521698634337435,0.4924373730715866,0.022036073697058345,0.47040129937452824,0.11467503330427653,0.014308218168270248,0.10036681513600629,0.4637346327078616
Mercury+Mars+Saturn+Moon,4,Mercury:-0.637972;Mars:0.001280;Saturn:-0.725896;Moon:0.257030,0.07399937606205886,0.018600738422248016,0.055398637639810844,0.49244270670570367,0.022019828620601294,0.47042287808510236,0.11458845279917312,0.014295130098897177,0.10029332270027595,0.46542287808510235
Mars+Jupiter,2,Mars:-0.522039;Jupiter:-0.852922,0.0670037998252733,0.020583037036704808,0.04642076278856849,0.4433628928310618,0.024663239704659654,0.4186996531264021,0.11826982315197682,0.017991086175701654,0.10027873697627517,0.4086996531264021
Jupiter+Saturn+Uranus+Moon,4,Jupiter:0.425358;Saturn:0.705227;Uranus:-0.464144;Moon:-0.326030,0.1206635547801097,0.014095980945240118,0.10656757383486959,0.5029370967517386,0.016975182143824607,0.485961914607914,0.11095956770166583,0.010799639592489542,0.10015992810917629,0.480961914607914
Uranus+Pluto+Moon,3,Uranus:-0.598259;Pluto:-0.792183;Moon:-0.120551,0.12407259224766433,0.03602844567891577,0.08804414656874857,0.3995988400122257,0.03477242533860507,0.3648264146736206,0.13926678166658943,0.039219601187331934,0.1000471804792575,0.35815974800695394
Mercury+Saturn+Pluto+Moon,4,Mercury:-0.572620;Saturn:-0.768192;Pluto:-0.134615;Moon:0.252717,0.04441383870235309,0.016883594792913643,0.027530243909439447,0.5097600310606646,0.02060077643827813,0.48915925462238646,0.11129902561848923,0.01227988748439558,0.09901913813409365,0.48415925462238646
Mercury+Uranus+Neptune,3,Mercury:0.641730;Uranus:-0.526301;Neptune:0.557843,0.13654144200740687,0.020833133791367142,0.11570830821603972,0.3107505539768756,0.024335327475371153,0.28641522650150447,0.11952787893042678,0.020957462880117572,0.09857041605030921,0.2797485598348378
Venus+Pluto,2,Venus:0.980179;Pluto:0.198113,0.15151221232380513,0.008667866751852576,0.14284434557195255,0.6368944547728612,0.012351363778944703,0.6245430909939165,0.11052704026476734,0.013166378667101568,0.09736066159766577,0.6145430909939165
Mars+Jupiter+Moon,3,Mars:-0.522551;Jupiter:-0.848577;Moon:-0.082809,0.07142245184915935,0.02020811318997762,0.051214338659181735,0.44709493639795883,0.02417167600571401,0.4229232603922448,0.11524025268150473,0.01793527661826396,0.09730497606324076,0.41625659372557816
Mercury+Mars+Saturn+Uranus,4,Mercury:0.432461;Mars:-0.084606;Saturn:0.820638;Uranus:-0.363831,0.04126264593595761,0.017167414924761076,0.024095231011196535,0.4867886441914731,0.02093274810671325,0.46585589608475986,0.1086485394112322,0.012930708103156566,0.09571783130807564,0.46085589608475985
Mercury+Mars+Saturn,3,Mercury:0.445149;Mars:-0.196824;Saturn:0.873557,0.02242028168813635,0.00665513142277108,0.01576515026536527,0.4250460423671519,0.010200378942823485,0.4148456634243284,0.09851019158680693,0.0030585786279198573,0.09545161295888707,0.4081789967576617
Mercury+Mars+Pluto,3,Mercury:-0.743216;Mars:0.342943;Pluto:0.574474,0.15385091764692904,0.010600783969901191,0.14325013367702785,0.39046761634007443,0.014360701009758116,0.3761069153303163,0.10808570230222865,0.013171253199395357,0.0949144491028333,0.36944024866364966
Venus+Pluto+Moon,3,Venus:-0.976412;Pluto:-0.199374;Moon:-0.082882,0.14720400232662065,0.007757276149427334,0.1394467261771933,0.637120300292492,0.011274812566215374,0.6258454877262767,0.10720212686579496,0.012355260847026801,0.09484686601876816,0.61917882105961
Jupiter+Pluto+Moon,3,Jupiter:-0.841329;Pluto:-0.494907;Moon:0.217331,0.10374265069918896,0.030137095325530983,0.07360555537365798,0.49304243203463816,0.033947990001225906,0.45909444203341226,0.12109943598288359,0.028583759234061645,0.09251567674882194,0.4524277753667456
Mercury+Mars+Pluto+Moon,4,Mercury:-0.701951;Mars:0.503613;Pluto:0.469397;Moon:0.182499,0.13834841628350086,0.0069940806540061224,0.13135433562949475,0.4025808130086248,0.009091024979732553,0.39348978802889223,0.09872111951527664,0.006362995069611988,0.09235812444566464,0.3884897880288922
Mercury+Jupiter+Saturn+Moon,4,Mercury:0.607324;Jupiter:-0.151818;Saturn:0.746439;Moon:-0.225693,0.08331185048232333,0.01679989716289966,0.06651195331942367,0.49791295547021214,0.01984674620532205,0.4780662092648901,0.10462947098238597,0.012721204974523812,0.09190826600786216,0.47306620926489007
Mercury+Venus+Saturn,3,Mercury:-0.247640;Venus:0.965375;Saturn:0.082014,0.16991328574337525,0.004367793755296278,0.16554549198807897,0.6446817668125961,0.00027508924825276606,0.6444066775643433,0.09668662601412961,0.004910758039418985,0.09177586797471063,0.6377400108976766
Mercury+Uranus,2,Mercury:0.991270;Uranus:-0.131847,0.12714061639139368,0.029246610854614302,0.09789400553677938,0.20345772025024786,0.032440444351384996,0.17101727589886287,0.12115259828588978,0.029427499607206788,0.091725098678683,0.16101727589886286
Mercury+Venus,2,Mercury:-0.258262;Venus:0.966075,0.16805224762847418,0.006113679011206404,0.16193856861726777,0.6427367625060618,0.002150347488172513,0.6405864150178893,0.09478239463277939,0.004155768912711448,0.09062662572006794,0.6305864150178893
Mercury+Jupiter+Saturn,3,Mercury:0.410848;Jupiter:0.271088;Saturn:0.870468,0.01448258167357506,0.011116004608224001,0.0033665770653510587,0.4237775365590768,0.012960040729591784,0.410817495829485,0.10066242266744233,0.010489727394110231,0.09017269527333209,0.40415082916281836
Mars+Jupiter+Pluto,3,Mars:-0.139397;Jupiter:0.791790;Pluto:0.594674,0.11137658311570206,0.03209482611274784,0.07928175700295423,0.48160200120941776,0.03579657491198048,0.4458054262974373,0.12072225246905599,0.03127687591865979,0.0894453765503962,0.43913875963077065
Mercury+Venus+Saturn+Moon,4,Mercury:0.236925;Venus:-0.966197;Saturn:-0.088864;Moon:-0.049323,0.1677877132459738,0.0042069192618491395,0.16358079398412467,0.6450604554646507,0.00014544707140907296,0.6449150083932417,0.09423715088037114,0.004805561870450163,0.08943158900992099,0.6399150083932417
Jupiter+Uranus+Neptune+Moon,4,Jupiter:-0.716898;Uranus:-0.021697;Neptune:0.696765;Moon:0.010299,0.16995328590345068,0.02962823268642502,0.14032505321702565,0.4890251243106522,0.026785763071102885,0.46223936123954934,0.11509437365019709,0.02572523235156704,0.08936914129863005,0.45723936123954934
Mercury+Saturn+Neptune+Pluto,4,Mercury:-0.009720;Saturn:0.726955;Neptune:-0.675157;Pluto:-0.124923,0.1708843867355907,0.010334463695581705,0.16054992304000898,0.6806690084172026,0.013136802040301765,0.6675322063769008,0.10508985639087176,0.0161346692095888,0.08895518718128297,0.6625322063769008
Mercury+Venus+Moon,3,Mercury:-0.257551;Venus:0.965798;Moon:0.030022,0.16714135793575555,0.006364648882874262,0.16077670905288127,0.6432022926917401,0.0024505136747450004,0.6407517790169951,0.09307258642414876,0.004194173893073366,0.0888784125310754,0.6340851123503284
Saturn+Moon,2,Saturn:0.999703;Moon:0.024356,0.03174810388633335,0.002354552639184507,0.02939355124714884,0.37943552762092214,0.0032045228718136217,0.37623100474910853,0.09426356120088218,0.005489235133535334,0.08877432606734685,0.3662310047491085
Mercury+Mars+Neptune,3,Mercury:-0.569383;Mars:-0.779844;Neptune:0.260087,0.12538586913282185,0.007296679309557273,0.11808918982326458,0.33797000238197156,0.008081563206475323,0.32988843917549626,0.09841770430875624,0.009750236376417773,0.08866746793233847,0.3232217725088296
Mercury+Saturn+Uranus+Moon,4,Mercury:0.366347;Saturn:0.807629;Uranus:-0.421276;Moon:-0.189871,0.06760393177021258,0.015979825528160036,0.05162410624205255,0.5371792797905517,0.019157759696157368,0.5180215200943943,0.09958051638677401,0.011483875113481291,0.08809664127329273,0.5130215200943943
Mercury+Mars+Jupiter,3,Mercury:-0.181118;Mars:-0.575385;Jupiter:-0.797576,0.05114109222127031,0.017686364730449947,0.03345472749082036,0.4413600164878049,0.02110399211854253,0.42025602436926235,0.1015115901590108,0.01403112581598031,0.0874804643430305,0.4135893577025957
Saturn+Neptune+Pluto,3,Saturn:0.730916;Neptune:-0.670655;Pluto:-0.126426,0.171454357598571,0.010365350675439545,0.16108900692313147,0.6805936787168964,0.013236941590677585,0.6673567371262188,0.10322460631861727,0.01614364659320495,0.08708095972541231,0.6606900704595521
Venus+Saturn+Pluto+Moon,4,Venus:-0.798600;Saturn:-0.410375;Pluto:-0.439528;Moon:0.025421,0.1900133940670419,0.026122584400735973,0.16389080966630593,0.716602967313856,0.029889688983645406,0.6867132783302106,0.11663631489336634,0.03013415377127308,0.08650216112209326,0.6817132783302106
Uranus+Pluto,2,Uranus:0.580366;Pluto:0.814356,0.11596802046658744,0.03886611276865212,0.07710190769793532,0.39298875064819977,0.037917677406393596,0.3550710732418062,0.12840640158049244,0.04191986139881545,0.08648654018167698,0.3450710732418062
Venus+Saturn+Neptune+Pluto,4,Venus:-0.697557;Saturn:-0.284429;Neptune:-0.284619;Pluto:-0.592880,0.20176308100787152,0.01854360140545561,0.1832194796024159,0.7595144799414081,0.022200673830875883,0.7373138061105322,0.10859443221894842,0.022424276014508394,0.08617015620444002,0.7323138061105322
Jupiter+Neptune+Moon,3,Jupiter:-0.746753;Neptune:0.663692;Moon:0.043279,0.16268488643042534,0.029938081630042756,0.1327468048003826,0.4855169071350309,0.02801792098162952,0.45749898615340134,0.1122404701358054,0.02617760798585245,0.08606286214995296,0.4508323194867347
Mercury+Uranus+Pluto+Moon,4,Mercury:-0.251529;Uranus:0.607588;Pluto:0.748550;Moon:0.085108,0.13322949510233423,0.01800749172069109,0.11522200338164314,0.5090940339619449,0.021503224522636182,0.48759080943930866,0.10574334485638291,0.020368408873255316,0.08537493598312759,0.48259080943930865
Jupiter+Saturn,2,Jupiter:0.433357;Saturn:0.901223,0.05609057719921025,0.005134408729313806,0.050956168469896444,0.4028737186275771,0.0060338868440812325,0.39683983178349586,0.09288938992197514,0.008128870940512064,0.08476051898146307,0.38683983178349585
Venus+Saturn+Pluto,3,Venus:0.808469;Saturn:0.400352;Pluto:0.431389,0.18650861679279782,0.025408184582907674,0.16110043220989015,0.7153224213397366,0.029090266500347618,0.6862321548393889,0.11403714410954013,0.029365519202808728,0.08467162490673141,0.6795654881727222
Mercury+Mars+Neptune+Moon,4,Mercury:0.637554;Mars:0.715017;Neptune:-0.227960;Moon:0.174098,0.11725718940030594,0.0070102962951815884,0.11024689310512435,0.34810741473201756,0.009642853023582152,0.3384645617084354,0.09415583309269981,0.009989449291697674,0.08416638380100214,0.3334645617084354
Mars+Saturn+Uranus+Pluto,4,Mars:0.272578;Saturn:0.043189;Uranus:-0.655536;Pluto:-0.702929,0.11906199560704514,0.031025222985017645,0.0880367726220275,0.6827081795824117,0.03386916008940301,0.6488390194930087,0.1165917442737141,0.03253300148323709,0.08405874279047701,0.6438390194930087
Jupiter+Neptune,2,Jupiter:0.744081;Neptune:-0.668089,0.15775227498201588,0.029528702252663023,0.12822357272935286,0.46452144771720216,0.027746523630366213,0.43677492408683594,0.10943112384327647,0.026023696989494815,0.08340742685378165,0.4267749240868359
Mercury+Mars+Uranus+Pluto,4,Mercury:-0.037834;Mars:0.265711;Uranus:-0.647856;Pluto:-0.712915,0.11431989058323924,0.027802874067049586,0.08651701651618965,0.6981543011915851,0.030613961400901845,0.6675403397906832,0.11222776714388774,0.029170577096145327,0.08305719004774241,0.6625403397906832
Saturn+Neptune+Pluto+Moon,4,Saturn:0.732984;Neptune:-0.668141;Pluto:-0.124386;Moon:-0.029174,0.16987269443097003,0.010836220960945647,0.1590364734700244,0.6839006633290132,0.013549874322755515,0.6703507890062577,0.09967513342861789,0.016643216268981575,0.08303191715963631,0.6653507890062577
Mars+Uranus,2,Mars:-0.959842;Uranus:-0.280541,0.1023543150098148,0.010869415753654932,0.09148489925615987,0.18371002462968936,0.010147394298782952,0.1735626303309064,0.09162752201896601,0.009525879085457701,0.08210164293350831,0.1635626303309064
Saturn+Uranus+Neptune+Pluto,4,Saturn:0.747011;Uranus:-0.065743;Neptune:-0.645711;Pluto:-0.143910,0.17153895081437057,0.007389948002202607,0.16414900281216796,0.6826903018088452,0.009814988225667391,0.6728753135831778,0.0946272279701869,0.013363057619427176,0.08126417035075972,0.6678753135831778
Mercury+Uranus+Pluto,3,Mercury:0.313538;Uranus:-0.527526;Pluto:-0.789564,0.14124640740827593,0.021395532541854553,0.11985087486642138,0.5046176437774782,0.024830757470167306,0.47978688630731087,0.10475861715432415,0.023764458416179836,0.0809941587381443,0.4731202196406442
Jupiter+Pluto,2,Jupiter:0.854587;Pluto:0.519308,0.10187665225103017,0.03579891253130526,0.06607773971972492,0.4778955076840016,0.03907939407371682,0.4388161136102848,0.11415306466855403,0.034144613091273264,0.08000845157728076,0.42881611361028477
Mars+Jupiter+Uranus+Pluto,4,Mars:-0.186863;Jupiter:0.129509;Uranus:0.659057;Pluto:0.716906,0.06142729612362231,0.02911477734434669,0.03231251877927562,0.7184222836652143,0.029123153359962295,0.689299130305252,0.11123958230721048,0.03148170994852989,0.07975787235868059,0.684299130305252
Uranus+Neptune,2,Uranus:-0.512707;Neptune:0.858564,0.05807641983796699,0.0039229763324593525,0.05415344350550764,0.09933171570662527,0.0014047690384682932,0.09792694666815698,0.08445045064176804,0.004734456964798097,0.07971599367696994,0.08792694666815698
Jupiter+Neptune+Pluto,3,Jupiter:-0.828987;Neptune:0.229286;Pluto:-0.510107,0.11719175387220489,0.041037218026000064,0.07615453584620482,0.5137147005448307,0.04411931898543793,0.4695953815593928,0.11838036615343701,0.03880443351181519,0.07957593264162183,0.46292871489272613
Venus+Jupiter,2,Venus:0.980739;Jupiter:-0.195325,0.15035230803046862,0.004796303648875122,0.1455560043815935,0.630446047156071,0.008144429051951748,0.6223016181041192,0.08813917540719103,0.009493968567978472,0.07864520683921256,0.6123016181041192
Mercury+Mars+Moon,3,Mercury:0.709382;Mars:-0.683562;Moon:-0.171814,0.11170542800882695,0.02480302913497562,0.08690239887385133,0.3474609867731435,0.026845382915142706,0.3206156038580008,0.10013867500714427,0.023019517892966905,0.07711915711417736,0.31394893719133415
Mars+Saturn+Neptune+Pluto,4,Mars:0.052107;Saturn:0.752739;Neptune:-0.653423;Pluto:-0.060880,0.15439499961098913,0.002879302488687938,0.15151569712230117,0.6835396000750372,0.005250457173764704,0.6782891429012725,0.08511607566199539,0.008898330019896102,0.0762177456420993,0.6732891429012725
Mercury+Mars+Jupiter+Moon,4,Mercury:0.246713;Mars:0.550422;Jupiter:0.796269;Moon:-0.046084,0.031145080444520242,0.017907407264181118,0.013237673180339124,0.45699278732491244,0.02091330917923502,0.43607947814567743,0.08966008948836851,0.014095452912310522,0.07556463657605798,0.43107947814567743
Venus+Jupiter+Moon,3,Venus:0.975432;Jupiter:-0.200592;Moon:0.091079,0.14575046606262188,0.0036640781194122235,0.14208638794320966,0.6305725284275562,0.006916173521481626,0.6236563549060745,0.0837680643575486,0.00836615013726566,0.07540191422028295,0.6169896882394078
Mercury+Uranus+Moon,3,Mercury:-0.772349;Uranus:0.454391;Moon:-0.443854,0.10108078961794616,0.024241077604828545,0.07683971201311761,0.234240069312365,0.026860113122493198,0.2073799561898718,0.09814324730368375,0.02367572052857462,0.07446752677510912,0.20071328952320514
Mercury+Jupiter+Saturn+Uranus,4,Mercury:0.309710;Jupiter:0.209071;Saturn:0.738877;Uranus:-0.560740,0.10561088594342492,0.02984312992295377,0.07576775602047116,0.5179855124896978,0.031100232438716877,0.4868852800509809,0.09925519547235744,0.025336882539532122,0.07391831293282532,0.4818852800509809
Mercury+Pluto,2,Mercury:0.589047;Pluto:-0.808099,0.08965512064971323,0.02474907410009581,0.06490604654961743,0.2482316723992058,0.0260366862652082,0.2221949861339976,0.10024540042884729,0.026360769795296755,0.07388463063355054,0.2121949861339976
Mercury+Venus+Jupiter,3,Mercury:0.287711;Venus:-0.944642;Jupiter:0.157716,0.16851118870861814,0.006121120454477076,0.16239006825414107,0.6533004415188242,0.003987209333697097,0.649313232185127,0.07959901676889362,0.00740041953367417,0.07219859723521946,0.6426465655184603
Mars+Jupiter+Saturn+Neptune,4,Mars:-0.063574;Jupiter:-0.165301;Saturn:0.784734;Neptune:-0.593992,0.14955619084107266,0.013005703578926987,0.13655048726214566,0.6957602347881003,0.015188546655308928,0.6805716881327915,0.0905080084953932,0.018436492432213535,0.07207151606317966,0.6755716881327914
Mercury+Venus+Jupiter+Moon,4,Mercury:-0.283592;Venus:0.945144;Jupiter:-0.158043;Moon:0.036053,0.16732385165423194,0.006207716957976698,0.16111613469625524,0.6535566257382229,0.003978111721621897,0.649578514016601,0.07766934246396505,0.00725539225912889,0.07041395020483616,0.644578514016601
Mars+Uranus+Pluto,3,Mars:-0.254202;Uranus:0.657330;Pluto:0.709435,0.10934079854774051,0.03223478671450402,0.07710601183323648,0.6817335231768462,0.03476267706242071,0.6469708461144255,0.10305158387694771,0.032681433379474045,0.07037015049747367,0.6403041794477587
Mercury+Saturn+Uranus+Neptune,4,Mercury:0.002242;Saturn:-0.763258;Uranus:-0.023092;Neptune:0.645677,0.15075077937226708,0.005948553825929691,0.1448022255463374,0.6644035328681688,0.006575927236803489,0.6578276056313653,0.08114730926027176,0.011547395147083596,0.06959991411318817,0.6528276056313653
Saturn+Uranus+Neptune,3,Saturn:0.764250;Uranus:0.022123;Neptune:-0.644540,0.15082933964020198,0.005762589780330257,0.14506674985987172,0.6641980742477334,0.0063765881228982895,0.657821486124835,0.08058668630270499,0.011339693962010672,0.06924699234069431,0.6511548194581683
Mars+Uranus+Moon,3,Mars:-0.803958;Uranus:-0.371755;Moon:0.464166,0.09487677449737915,0.010563085438429112,0.08431368905895004,0.20027990073321997,0.009179594786420053,0.19110030594679991,0.07745500228971737,0.009022131477550255,0.06843287081216712,0.18443363928013326
Saturn+Neptune,2,Saturn:0.770085;Neptune:-0.637941,0.15183154185870004,0.004842093298561457,0.1469894485601386,0.6630454094220936,0.006009325368803611,0.65703608405329,0.07828529872332689,0.010535800616876674,0.06774949810645021,0.6470360840532899
Mercury+Mars+Saturn+Neptune,4,Mercury:0.007061;Mars:-0.059314;Saturn:-0.768184;Neptune:0.637437,0.14391796039008348,0.0016037382857683824,0.1423142221043151,0.6761653743737908,0.002163406213576507,0.6740019681602143,0.07430809769879004,0.006786849120304216,0.06752124857848582,0.6690019681602143
Mars+Saturn+Neptune,3,Mars:-0.058993;Saturn:-0.770110;Neptune:0.635177,0.14388417823242458,0.0018837323483598123,0.14200044588406477,0.6756447787002456,0.0017547165968580449,0.6738900621033876,0.07398835749561151,0.006656777264785425,0.06733158023082608,0.6672233954367209
Mercury+Saturn+Neptune,3,Mercury:-0.010017;Saturn:-0.773231;Neptune:0.634046,0.15219960698022025,0.004314505501705945,0.1478851014785143,0.6625439734403926,0.005368539287936806,0.6571754341524558,0.07722881577325957,0.00992290198898152,0.06730591378427805,0.6505087674857891
Mercury+Venus+Pluto,3,Mercury:-0.359870;Venus:0.899763;Pluto:0.246821,0.16965146640756737,0.005385598952524146,0.16426586745504324,0.6734357996854531,0.006412575047079595,0.6670232246383735,0.07737590566355064,0.010415073782915393,0.06696083188063524,0.6603565579717068
Mars+Saturn+Uranus+Neptune,4,Mars:0.067863;Saturn:0.778273;Uranus:-0.038578;Neptune:-0.623054,0.14640501829677452,0.0016788493283790493,0.14472616896839546,0.6779859883893378,0.001540872862055403,0.6764451155272824,0.07158971018733372,0.00515701941593884,0.06643269077139488,0.6714451155272824
Mercury+Jupiter+Pluto+Moon,4,Mercury:0.138958;Jupiter:0.823986;Pluto:0.511313;Moon:-0.200738,0.07597361693596143,0.03589532850213819,0.04007828843382324,0.5073098571230933,0.03856436049573411,0.4687454966273592,0.09963338723694803,0.03322276639267584,0.0664106208442722,0.4637454966273592
Mercury+Venus+Pluto+Moon,4,Mercury:0.357309;Venus:-0.900796;Pluto:-0.246303;Moon:-0.015248,0.1690416616557489,0.0053167422772853155,0.1637249193784636,0.6733656429959889,0.0062806705145690995,0.6670849724814197,0.07637642755959123,0.010296362270222863,0.06608006528936837,0.6620849724814197
Mars+Saturn+Neptune+Moon,4,Mars:-0.056597;Saturn:-0.774325;Neptune:0.629751;Moon:0.025108,0.14479828110683296,0.0019085712064331089,0.14288970990039984,0.6784267000143668,0.002223566991101872,0.676203133023265,0.07306161258333946,0.007115434713674078,0.06594617786966538,0.671203133023265
Mercury+Mars+Jupiter+Pluto,4,Mercury:-0.102767;Mars:0.065079;Jupiter:-0.796292;Pluto:-0.592556,0.09020173819918606,0.04123740677892734,0.048964331420258723,0.49470972538609476,0.04389945488872451,0.45081027049737027,0.10480732725729859,0.039012966651648336,0.06579436060565025,0.44581027049737026
Jupiter+Saturn+Neptune+Pluto,4,Jupiter:-0.098655;Saturn:0.758682;Neptune:-0.636879;Pluto:-0.095158,0.15518284773701246,0.01392458907218711,0.14125825866482536,0.7087753869835693,0.0158064334432163,0.692968953540353,0.085155657727492,0.01973969851213404,0.06541595921535796,0.687968953540353
Mars+Jupiter+Neptune+Pluto,4,Mars:0.199116;Jupiter:0.812700;Neptune:-0.326919;Pluto:0.439314,0.0773775283038211,0.03800668814649427,0.03937084015732682,0.5223944121070567,0.0403585120117684,0.48203590009528835,0.10231208864760945,0.03692872264032188,0.06538336600728756,0.47703590009528835
Saturn+Uranus+Neptune+Moon,4,Saturn:-0.770415;Uranus:-0.018680;Neptune:0.635962;Moon:0.040788,0.1489537355026019,0.005071754544853767,0.14388198095774815,0.667695704738227,0.005698916804060692,0.6619967879341664,0.07474701796386803,0.01067623301575681,0.06407078494811122,0.6569967879341664
Saturn+Neptune+Moon,3,Saturn:-0.775817;Neptune:0.629441;Moon:0.043730,0.15039781665109775,0.004430152061968186,0.14596766458912958,0.6671425953027863,0.005569699754014543,0.6615728955487717,0.07396933153307511,0.010161652075812112,0.063807679457263,0.654906228882105
Mercury+Jupiter+Pluto,3,Mercury:0.130077;Jupiter:0.805842;Pluto:0.577667,0.09205847480543364,0.04514797592515594,0.0469104988802777,0.49709228807438516,0.04769013289637072,0.44940215517801446,0.10620972703836334,0.04267219816323116,0.06353752887513218,0.4427354885113478
Mercury+Saturn+Neptune+Moon,4,Mercury:0.040840;Saturn:0.787642;Neptune:-0.612075;Moon:-0.057598,0.1512886497592366,0.0026477278636345323,0.14864092189560205,0.6661767632077439,0.002959854651692814,0.6632169085560511,0.07086426783256511,0.007683667142413681,0.06318060069015143,0.6582169085560511
Mercury+Mars+Neptune+Pluto,4,Mercury:-0.289481;Mars:0.598941;Neptune:0.569378;Pluto:0.482991,0.10096901459686763,0.007799086277962427,0.0931699283189052,0.4423554502542853,0.006480790301735418,0.43587465995254987,0.0741343805970194,0.011156037449963163,0.06297834314705625,0.43087465995254987
Uranus+Neptune+Moon,3,Uranus:0.483375;Neptune:-0.784176;Moon:0.389124,0.03260465383997514,0.0027865543963960047,0.02981809944357914,0.13897560675806211,0.002586354284208354,0.13638925247385375,0.06609272431257113,0.003762330190359,0.06233039412221213,0.12972258580718707
Mars+Saturn,2,Mars:-0.334479;Saturn:0.942403,0.03910371708095505,0.00410161338964196,0.03500210369131309,0.396427905835967,0.001039017312243104,0.3953888885237239,0.06958511572382481,0.007286718309613508,0.0622983974142113,0.3853888885237239
Mars+Moon,2,Mars:0.913890;Moon:-0.405962,0.08699470316423435,0.009541614557545316,0.07745308860668904,0.17341134540071398,0.006232695591243702,0.16717864980947028,0.06997799096736099,0.008023214772156182,0.06195477619520481,0.15717864980947027
Mars+Uranus+Pluto+Moon,4,Mars:-0.275692;Uranus:0.641843;Pluto:0.713632;Moon:-0.052550,0.10968294531639726,0.03628856336119163,0.07339438195520563,0.7180159015029917,0.03847456247873572,0.679541339024256,0.09718738495518331,0.0362605354479782,0.06092684950720511,0.674541339024256
Mercury+Venus+Jupiter+Pluto,4,Mercury:-0.319566;Venus:0.859984;Jupiter:0.179784;Pluto:0.354941,0.1587630309642404,0.010702066447736988,0.1480609645165034,0.6914114580190347,0.01283903821304788,0.6785724198059868,0.07690537327157286,0.01651784046789971,0.06038753280367315,0.6735724198059868
Jupiter+Neptune+Pluto+Moon,4,Jupiter:0.860227;Neptune:-0.255044;Pluto:0.405412;Moon:-0.174935,0.10228710886173958,0.03540394500415695,0.06688316385758264,0.5180352331159868,0.03761476784341218,0.4804204652725746,0.09268769614891681,0.032855248478969076,0.05983244766994773,0.4754204652725746
Mars+Saturn+Moon,3,Mars:0.414855;Saturn:-0.862181;Moon:0.290755,0.058632336070275806,0.0023306174137974205,0.056301718656478386,0.4107308927791286,0.0010317405463816142,0.409699152232747,0.06491406026738264,0.0057014690811614385,0.0592125911862212,0.40303248556608035
Mercury+Jupiter+Saturn+Neptune,4,Mercury:-0.032535;Jupiter:0.099077;Saturn:-0.793917;Neptune:0.599017,0.14616227690323294,0.004995658072518929,0.14116661883071402,0.6883239003361572,0.0073596256231101935,0.680964274713047,0.06963130314587895,0.010521984810918053,0.0591093183349609,0.675964274713047
Jupiter+Uranus+Neptune+Pluto,4,Jupiter:0.544120;Uranus:0.488975;Neptune:-0.272082;Pluto:0.625147,0.09928912770524886,0.028667342522742927,0.07062178518250593,0.6418925449186411,0.030771292966470336,0.6111212519521708,0.08697958278464889,0.02890161989845036,0.05807796288619853,0.6061212519521708
Neptune+Moon,2,Neptune:-0.783161;Moon:0.621820,0.03275667023705403,0.0050452569857126605,0.02771141325134137,0.11228368307597629,0.00634522204859362,0.10593846102738266,0.062011929296488605,0.004823196300046048,0.05718873299644256,0.09593846102738267
Jupiter+Saturn+Neptune+Moon,4,Jupiter:-0.090779;Saturn:0.786665;Neptune:-0.610385;Moon:-0.018669,0.14612322922434337,0.006894980143145565,0.1392282490811978,0.6891357775006288,0.008931978219097686,0.6802037992815312,0.06967930925758303,0.01257646528808563,0.0571028439694974,0.6752037992815312
Jupiter+Saturn+Neptune,3,Jupiter:0.092982;Saturn:-0.784428;Neptune:0.613211,0.14430034713401355,0.007103054799886084,0.13719729233412747,0.6876592900488592,0.009042010935875438,0.6786172791129838,0.06942198991187641,0.01278776034195234,0.056634229569924074,0.671950612446317
Jupiter+Saturn+Uranus+Neptune,4,Jupiter:0.092369;Saturn:-0.783842;Uranus:-0.002737;Neptune:0.614045,0.14390752795570777,0.007104827067061897,0.13680270088864588,0.6876490820130473,0.009021387004780213,0.6786276950082671,0.06942993305262114,0.01279685962261871,0.05663307343000243,0.6736276950082671
Mercury+Jupiter+Neptune+Pluto,4,Mercury:0.239660;Jupiter:-0.783941;Neptune:0.404853;Pluto:-0.405084,0.11659540056912011,0.019046678830723127,0.09754872173839699,0.515786462204838,0.021435589171505613,0.4943508730333324,0.0761030501244887,0.020036613681086196,0.056066436443402506,0.4893508730333324
Mars+Jupiter+Uranus+Neptune,4,Mars:-0.401858;Jupiter:-0.767869;Uranus:-0.436850;Neptune:0.240935,0.054851250038344034,0.0202368904970143,0.03461435954132973,0.5828435659443428,0.022346395655787128,0.5604971702885557,0.07189935259903472,0.016506061473567705,0.05539329112546702,0.5554971702885557
Mars+Uranus+Neptune+Pluto,4,Mars:0.279267;Uranus:-0.656482;Neptune:0.038503;Pluto:-0.699685,0.11427789461211808,0.03571591597493944,0.07856197863717865,0.6886321606145313,0.03771528106310181,0.6509168795514294,0.08730926006418573,0.03570103072739303,0.051608229336792696,0.6459168795514294
Mercury+Neptune+Pluto,3,Mercury:0.761214;Neptune:0.379792;Pluto:-0.525654,0.12461460708774603,0.03323117954394654,0.0913834275437995,0.3211710054324625,0.03355419687282425,0.2876168085596383,0.08464192967389927,0.03448924658748183,0.050152683086417446,0.2809501418929716
Mercury+Mars+Uranus+Neptune,4,Mercury:0.491084;Mars:0.741209;Uranus:0.256304;Neptune:-0.379148,0.07891753473815936,0.009869765617494003,0.06904776912066536,0.34608002955384487,0.00761809493795254,0.33846193461589236,0.05800593746007755,0.011659614567356634,0.04634632289272092,0.33346193461589235
Jupiter+Saturn+Pluto+Moon,4,Jupiter:0.858473;Saturn:-0.186602;Pluto:0.463218;Moon:-0.116763,0.0642764571070535,0.03085861972153491,0.033417837385518595,0.496267389279986,0.032267666935189246,0.46399972234479675,0.0765356994493039,0.03039968125593876,0.04613601819336514,0.45899972234479675
Jupiter+Saturn+Pluto,3,Jupiter:-0.839932;Saturn:0.267758;Pluto:-0.472038,0.05974216465679086,0.03140870942214063,0.02833345523465023,0.4923562846973149,0.03254060602737753,0.4598156786699374,0.07742786716064155,0.03131739563084921,0.04611047152979234,0.45314901200327073
Jupiter+Saturn+Uranus,3,Jupiter:0.384564;Saturn:0.519050;Uranus:-0.763347,0.13088105609485423,0.022292746713454832,0.1085883093813994,0.4920164746024809,0.02299186247600759,0.4690246121264733,0.06616164154132259,0.02210752845444589,0.044054113086876706,0.46235794545980663
Mars+Jupiter+Saturn+Pluto,4,Mars:-0.068760;Jupiter:-0.846037;Saturn:0.311963;Pluto:-0.426816,0.04722988517163438,0.031005191070827262,0.016224694100807117,0.49404259579322074,0.031631126863969614,0.4624114689292511,0.07140258046402898,0.030696026740261395,0.04070655372376758,0.4574114689292511
Mercury+Venus+Saturn+Pluto,4,Mercury:0.167902;Venus:-0.829195;Saturn:-0.310755;Pluto:-0.433216,0.1653181439153216,0.023822516909849847,0.14149562700547175,0.733836777533037,0.02565061223765383,0.7081861652953831,0.06921210403033791,0.02891775595057174,0.040294348079766173,0.7031861652953831
Mars+Uranus+Neptune,3,Mars:-0.508690;Uranus:-0.424215;Neptune:0.749184,0.026742793380915012,0.012162451872532912,0.0145803415083821,0.2859701425939572,0.010606939298478056,0.27536320329547914,0.05203678419605753,0.014413966557397604,0.03762281763865992,0.2686965366288125
Jupiter+Moon,2,Jupiter:-0.984441;Moon:0.175716,0.02453844819805522,0.01995185836639527,0.004586589831659948,0.3923899482643717,0.02057406056575973,0.37181588769861196,0.053363381992144486,0.01845411697946347,0.03490926501268102,0.36181588769861195
Mars+Jupiter+Saturn+Uranus,4,Mars:0.137706;Jupiter:0.593814;Saturn:0.337615;Uranus:-0.717243,0.11379439315707207,0.013215182403719454,0.10057921075335262,0.4869447403585653,0.014700513766744442,0.47224422659182086,0.049462897820907806,0.015696547069845555,0.033766350751062255,0.46724422659182085
Mercury+Mars+Jupiter+Neptune,4,Mercury:0.465968;Mars:-0.208841;Jupiter:-0.603178;Neptune:0.612728,0.13787940412560348,0.0202555434623988,0.11762386066320468,0.530200493914245,0.02178772845336692,0.508412765460878,0.057825632289178655,0.02468952201953433,0.033136110269644324,0.503412765460878
Jupiter+Uranus+Neptune,3,Jupiter:0.774061;Uranus:-0.595541;Neptune:0.214851,0.09020129782589528,0.005756466708351542,0.08444483111754374,0.44227283705410986,0.004291230210127244,0.43798160684398263,0.029230384269580058,0.004798140407551677,0.024432243862028382,0.431314940177316
Mercury+Jupiter,2,Mercury:0.079495;Jupiter:-0.996835,0.03638565938086915,0.020945715838752328,0.015439943542116821,0.3902745629750039,0.02135607097843219,0.36891849199657173,0.0439415644776248,0.019980677174995354,0.02396088730262945,0.3589184919965717
Mercury+Neptune+Pluto+Moon,4,Mercury:-0.816802;Neptune:-0.232334;Pluto:0.386801;Moon:0.359499,0.10206066172610227,0.031211236919606946,0.07084942480649532,0.38832451032264453,0.03154810025800804,0.3567764100646365,0.051762956693238174,0.03150736441860141,0.02025559227463676,0.3517764100646365
Uranus+Moon,2,Uranus:-0.329219;Moon:0.944254,0.016165473257786046,0.0021423120270404566,0.014023161230745589,0.0831429286469682,0.0017271020743111329,0.08141582657265707,0.021171169042952902,0.0019114351773410676,0.019259733865611833,0.07141582657265708
Mars+Jupiter+Uranus+Moon,4,Mars:0.314329;Jupiter:0.857296;Uranus:-0.379814;Moon:-0.148266,0.08800655368153588,0.016566988346977007,0.07143956533455888,0.4891833266840444,0.01702484243906817,0.47215848424497625,0.028843378167304607,0.01594161605896138,0.012901762108343227,0.46715848424497625
Jupiter+Uranus,2,Jupiter:0.877786;Uranus:-0.479054,0.05816680852948327,0.010436219586708501,0.047730588942774765,0.4377007061135595,0.010589210119325254,0.42711149599423426,0.019591327552518658,0.00870133616862364,0.010889991383895018,0.41711149599423425
Jupiter+Uranus+Moon,3,Jupiter:0.880518;Uranus:-0.445739;Moon:-0.161259,0.06321922954976186,0.010959480415773935,0.052259749133987926,0.44542703061935174,0.010954511258366054,0.4344725193609857,0.015098123688960711,0.009269344562638039,0.005828779126322672,0.42780585269431903
Mercury+Jupiter+Uranus+Moon,4,Mercury:-0.157542;Jupiter:0.849356;Uranus:-0.496560;Moon:-0.084872,0.08503617964584474,0.006308352971613619,0.07872782667423112,0.45212621750627774,0.006618410298786927,0.44550780720749084,0.013850142244189916,0.00917408962648961,0.004676052617700306,0.44050780720749083
Mercury+Pluto+Moon,3,Mercury:0.810195;Pluto:-0.445314;Moon:-0.381155,0.09356418716462112,0.0305959129397892,0.06296827422483192,0.37622864475240725,0.030081577851619266,0.346147066900788,0.03605823318570663,0.03174703950567673,0.004311193680029905,0.33948040023412135
Mercury+Jupiter+Uranus,3,Mercury:-0.166446;Jupiter:0.835824;Uranus:-0.523157,0.08425262975235036,0.005531688202619327,0.07872094154973103,0.4488474294968767,0.005656809561367378,0.44319061993550934,0.009953515031004504,0.0088773023290499,0.0010762127019546038,0.4365239532688427
Mercury+Mars+Jupiter+Uranus,4,Mercury:-0.057694;Mars:0.236497;Jupiter:0.826400;Uranus:-0.507744,0.08471651528031958,0.01144706847519655,0.07326944680512303,0.4730030030975007,0.011080008832504078,0.4619229942649966,0.005574841721684346,0.013234766327536581,-0.007659924605852236,0.4569229942649966
Mercury+Jupiter+Moon,3,Mercury:0.430454;Jupiter:-0.801303;Moon:0.415478,0.07556753537443274,0.023955931640601984,0.05161160373383075,0.4019177479461951,0.023637599249864538,0.3782801486963306,0.016966683930469052,0.026282972629208385,-0.009316288698739333,0.37161348202966393
