signal,global_plv,high_R_plv,non_high_R_plv,high_minus_background,best_lag_days,best_lag_plv,p_circular,fdr_q
Sun,0.01961713209423198,0.4372738816318083,0.006707909766887673,0.4305659718649206,100,0.4417591122568574,0.29685157421289354,0.782848575712144
combo_Neptune_Pluto_Sun,0.05424174129577321,0.43492749479841447,0.0348123989571176,0.4001150958412969,175,0.49541398628924244,0.18490754622688654,0.782848575712144
combo_Jupiter_Sun,0.0624243800978538,0.3851980969703446,0.0779773069700586,0.30722079000028596,142,0.4277285121405244,0.09145427286356822,0.782848575712144
combo_Saturn_Sun,0.03434974546885663,0.37902470698779944,0.020359603416925626,0.35866510357087383,238,0.3837748561407665,0.059470264867566215,0.782848575712144
Mars,0.018239370945355195,0.37795184918870517,0.00449543733635075,0.3734564118523544,227,0.41866134061308014,0.30684657671164417,0.782848575712144
combo_Neptune_Sun,0.023135958144237,0.36883181222336503,0.0185744675863799,0.3502573446369851,130,0.40361913554657947,0.18790604697651175,0.782848575712144
combo_Mercury_Neptune_Sun,0.040325019731548006,0.3610727695328156,0.023470862637269736,0.33760190689554587,35,0.36599777331787187,0.051974012993503245,0.782848575712144
combo_Saturn_Neptune_Sun,0.03714094106825253,0.3606113202770344,0.04468729712518853,0.31592402315184587,132,0.4001647669767769,0.07146426786606697,0.782848575712144
combo_Venus_Saturn_Sun,0.01870616066962774,0.3605441712192755,0.021634804476726832,0.3389093667425487,30,0.4101385062779351,0.08995502248875563,0.782848575712144
combo_Venus_Jupiter_Sun,0.06757388145348817,0.357643824233314,0.07122173847648797,0.28642208575682604,20,0.4142314693042539,0.12393803098450774,0.782848575712144
combo_Saturn_Uranus_Sun,0.011269537216384302,0.35197045648679437,0.00848324238560043,0.3434872141011939,26,0.3908049341999569,0.1089455272363818,0.782848575712144
combo_Mars_Uranus_Sun,0.025520885409846195,0.34785193458064506,0.009353336537930171,0.33849859804271487,0,0.34785193458064506,0.30484757621189407,0.782848575712144
combo_Uranus_Sun,0.020802798446684357,0.3349054528958314,0.02724602075733738,0.307659432138494,54,0.365841178908116,0.2768615692153923,0.782848575712144
combo_Jupiter_Neptune_Sun,0.04757647333998349,0.33279675142161375,0.06616396253184181,0.26663278888977193,169,0.36044781822920474,0.20889555222388806,0.782848575712144
combo_Jupiter_Uranus_Sun,0.0640960076069942,0.3119185659534723,0.07761892132207325,0.23429964463139902,146,0.40842242803656603,0.2848575712143928,0.782848575712144
combo_Mercury_Saturn_Sun,0.025848580763754334,0.309859076013597,0.012860751671777734,0.2969983243418193,25,0.3287635552074272,0.07146426786606697,0.782848575712144
combo_Mars_Neptune,0.002268456285646355,0.30924295011839326,0.014771062775853742,0.29447188734253954,239,0.3861475599671297,0.19090454772613694,0.782848575712144
combo_Jupiter_Saturn_Sun,0.09098592265985132,0.3051996949808452,0.10924606003584203,0.19595363494500317,79,0.42567756848197935,0.26486756621689156,0.782848575712144
combo_Neptune_Sun_Moon,0.010706368280873912,0.30306052030712965,0.0052783579448059045,0.29778216236232374,172,0.3353547240765501,0.14392803598200898,0.782848575712144
combo_Mars_Saturn,0.027370090491632814,0.30157904661602136,0.028158202617942257,0.2734208439980791,175,0.37654445049141655,0.26036981509245377,0.782848575712144
combo_Jupiter_Sun_Moon,0.05716779380249639,0.3007611721473172,0.07220399971412345,0.22855717243319373,167,0.33568896122054676,0.13093453273363317,0.782848575712144
combo_Saturn_Sun_Moon,0.017041139703755218,0.2986657071278099,0.006459663014154953,0.2922060441136549,234,0.33334237734921623,0.09195402298850575,0.782848575712144
combo_Venus_Uranus_Sun,0.012279262673190879,0.2964358263442728,0.008248314113343383,0.2881875122309294,112,0.37280073977173944,0.28835582208895555,0.782848575712144
combo_Venus_Jupiter_Uranus,0.05253005626928277,0.2930909907989866,0.05393548577692929,0.2391555050220573,148,0.36417352775515266,0.050974512743628186,0.782848575712144
combo_Uranus_Sun_Moon,0.006574924453788435,0.28680592859852605,0.008462708139707134,0.27834322045881893,25,0.30305570900312695,0.23338330834582707,0.782848575712144
combo_Jupiter_Saturn_Neptune,0.032376824386300435,0.2785367653733956,0.04861601725534698,0.22992074811804863,0,0.2785367653733956,0.03948025987006497,0.782848575712144
combo_Mercury_Jupiter_Sun,0.06022633995420049,0.2755247574038192,0.07188232798795553,0.2036424294158637,155,0.45231296120986575,0.23788105947026486,0.782848575712144
combo_Mercury_Sun,0.036307629169196526,0.27308790341502315,0.023991900979241434,0.24909600243578173,148,0.3078129541952008,0.2193903048475762,0.782848575712144
combo_Uranus_Neptune_Sun,0.01666227959198431,0.27289326077523113,0.031715038505843125,0.241178222269388,114,0.3300405693782218,0.21489255372313842,0.782848575712144
sun_moon,0.013607637046981135,0.27223980282915444,0.00533121425750916,0.2669085885716453,230,0.3217217985544616,0.312343828085957,0.782848575712144
combo_Sun_Moon,0.013607637046981135,0.27223980282915444,0.00533121425750916,0.2669085885716453,230,0.3217217985544616,0.31984007996002,0.782848575712144
combo_Venus_Jupiter_Moon,0.06441577284279373,0.2603959115832988,0.0669364969143937,0.1934594146689051,0,0.2603959115832988,0.00849575212393803,0.782848575712144
all_major,0.016480493034403475,0.2555516922103466,0.020679195575315223,0.2348724966350314,138,0.2999078879249821,0.2413793103448276,0.782848575712144
combo_Venus_Jupiter_Neptune,0.05083903692393217,0.25482520619757043,0.05929895376095677,0.19552625243661365,84,0.2931257480897063,0.11344327836081959,0.782848575712144
combo_Mars_Saturn_Neptune,0.019074724331958812,0.2527179824205414,0.03330891099053544,0.21940907143000593,138,0.32523734570413854,0.28235882058970513,0.782848575712144
combo_Venus_Jupiter,0.10847761794868137,0.25245134370957467,0.11618729588578908,0.1362640478237856,0,0.25245134370957467,0.11694152923538231,0.782848575712144
jupiter_outer,0.03120745544888001,0.25084645131199546,0.04490244844413002,0.20594400286786543,148,0.26111801104581367,0.09295352323838081,0.782848575712144
combo_Mercury_Jupiter_Pluto,0.04499419546013217,0.244360829134354,0.047828353301691225,0.19653247583266278,215,0.2451640128708889,0.07746126936531735,0.782848575712144
Jupiter,0.12584348452260619,0.243191180221478,0.13349300132919972,0.10969817889227829,189,0.2745453687561114,0.21739130434782608,0.782848575712144
combo_Saturn_Uranus_Neptune,0.02872714492225651,0.23326612493100934,0.02198393067212097,0.2112821942588884,137,0.243396186167533,0.12493753123438281,0.782848575712144
combo_Jupiter_Neptune_Pluto,0.027819058430689155,0.22914825911787678,0.03710314470992193,0.19204511440795485,193,0.2846288842351038,0.2688655672163918,0.782848575712144
combo_Mercury_Venus_Jupiter,0.04941702327545068,0.22402565267124788,0.054045776739836765,0.16997987593141112,4,0.22555547331316494,0.16741629185407297,0.782848575712144
combo_Venus_Uranus,0.010623601725444258,0.22070686333306852,0.005646610651255285,0.21506025268181322,123,0.2736146513730881,0.1724137931034483,0.782848575712144
combo_Venus_Uranus_Pluto,0.01034947913930669,0.21902921471991568,0.017937936481517563,0.20109127823839812,52,0.30013889473478,0.19740129935032483,0.782848575712144
combo_Jupiter_Uranus,0.08978572948950486,0.2183928615431413,0.0987555863789032,0.1196372751642381,159,0.3676799160897373,0.2608695652173913,0.782848575712144
combo_Jupiter_Saturn_Uranus,0.05510610484272968,0.21389215695566946,0.06778889760934359,0.14610325934632587,40,0.23187846139033652,0.19540229885057472,0.782848575712144
combo_Venus_Neptune_Pluto,0.02757804789575793,0.21264210742517495,0.02031759879192681,0.19232450863324813,183,0.26517856109106097,0.2513743128435782,0.782848575712144
combo_Mercury_Venus_Pluto,0.017377804708913376,0.21072192437340445,0.029238089234101962,0.1814838351393025,5,0.21509424318112877,0.0864567716141929,0.782848575712144
combo_Saturn_Neptune,0.030347200559827602,0.21044548704535526,0.0209243031145243,0.18952118393083095,196,0.26283478616431916,0.1634182908545727,0.782848575712144
combo_Jupiter_Uranus_Moon,0.06913441777322585,0.19940323058069562,0.07525031154337918,0.12415291903731644,146,0.27648641055881495,0.15342328835582209,0.782848575712144
combo_Jupiter_Moon,0.08013631145950169,0.19490328364151976,0.08560007717842548,0.10930320646309429,178,0.19564970789685504,0.051974012993503245,0.782848575712144
combo_Venus_Saturn_Uranus,0.014452135639429663,0.19061039396203647,0.014302433822992275,0.1763079601390442,42,0.25716752885666627,0.22338830584707647,0.782848575712144
combo_Venus_Jupiter_Saturn,0.07930473424148059,0.18829024460264407,0.08463455220558368,0.10365569239706039,0,0.18829024460264407,0.32083958020989506,0.782848575712144
combo_Mercury_Venus_Neptune,0.0058782043198581605,0.18562070318167806,0.010240534085828616,0.17538016909584944,106,0.2589333041315645,0.191904047976012,0.782848575712144
combo_Venus_Pluto,0.014996329388867418,0.18540018896504887,0.017343512782645818,0.16805667618240305,49,0.2066534209867739,0.2448775612193903,0.782848575712144
combo_Jupiter_Pluto,0.03614329753236791,0.18493373767315158,0.03598714558145409,0.14894659209169747,179,0.34097819932344214,0.2988505747126437,0.782848575712144
Venus,0.01141724781818485,0.18432191007053603,0.003825682239905457,0.18049622783063057,0,0.18432191007053603,0.24737631184407796,0.782848575712144
combo_Jupiter_Pluto_Moon,0.04860704797034342,0.18278551113440264,0.04983358627436136,0.1329519248600413,204,0.23149690977963114,0.13193403298350825,0.782848575712144
combo_Venus_Saturn,0.017522696730871937,0.17885992321992703,0.00924316208987266,0.16961676113005436,25,0.23691601043605173,0.20889555222388806,0.782848575712144
combo_Venus_Pluto_Moon,0.009665860523294795,0.1783408608343869,0.014413111614683113,0.1639277492197038,110,0.18734727732459366,0.079960019990005,0.782848575712144
combo_Venus_Saturn_Neptune,0.008550414286320395,0.17655370662295652,0.0010370873763410327,0.1755166192466155,147,0.18973200889372138,0.25837081459270367,0.782848575712144
combo_Venus_Jupiter_Pluto,0.0712690310916194,0.1731060166748638,0.07099337523724428,0.10211264143761953,77,0.18690592055064567,0.3168415792103948,0.782848575712144
combo_Mercury_Saturn_Neptune,0.026128119662105456,0.1728482304508481,0.01945078943945754,0.15339744101139055,109,0.18343119039937827,0.191904047976012,0.782848575712144
combo_Mercury_Venus_Saturn,0.01797641041086517,0.1728115439532746,0.027862447166066503,0.1449490967872081,45,0.24841751925283043,0.2768615692153923,0.782848575712144
combo_Mercury_Jupiter_Moon,0.0544633928007274,0.17172152292155832,0.058678961247684396,0.11304256167387391,134,0.1859902326184222,0.239880059970015,0.782848575712144
combo_Mercury_Uranus_Pluto,0.049935194344944964,0.16248886247118755,0.0528399366153814,0.10964892585580614,0,0.16248886247118755,0.26636681659170414,0.782848575712144
combo_Jupiter_Saturn_Moon,0.0589027178063791,0.16106388130921842,0.06634650803020872,0.0947173732790097,0,0.16106388130921842,0.21989005497251374,0.782848575712144
combo_Mercury_Venus_Moon,0.009026475456310686,0.15930440903299828,0.015486038339565389,0.1438183706934329,33,0.1612262830345608,0.18140929535232383,0.782848575712144
combo_Mercury_Pluto,0.0338980641909515,0.1557691202121601,0.04360419306362178,0.11216492714853832,0,0.1557691202121601,0.20739630184907545,0.782848575712144
combo_Mercury_Venus,0.008035807829765028,0.1548119731631287,0.016022156459612455,0.13878981670351626,40,0.21381168095039838,0.30834582708645675,0.782848575712144
combo_Venus_Uranus_Moon,0.0017018992053310388,0.142915068285937,0.005736546618143044,0.13717852166779396,54,0.21489820815725522,0.22538730634682658,0.782848575712144
combo_Mercury_Pluto_Moon,0.032030118631670254,0.13269611413049437,0.03993243484969006,0.09276367928080431,1,0.13295870494750578,0.14342828585707146,0.782848575712144
combo_Venus_Moon,0.006508136839911071,0.13193772180588365,0.002225217224227384,0.12971250458165626,4,0.13447150601722932,0.15542228885557222,0.782848575712144
combo_Uranus_Pluto_Moon,0.02059340021307499,0.13087065231080083,0.02306469764550749,0.10780595466529334,54,0.1561587349203939,0.296351824087956,0.782848575712144
combo_Venus_Saturn_Moon,0.005397390346946216,0.12273162598606886,0.001616329224380555,0.1211152967616883,59,0.17791365308100415,0.2888555722138931,0.782848575712144
combo_Mars_Sun,0.030289204486993175,0.34699995806924144,0.016190424770767424,0.330809533298474,0,0.34699995806924144,0.40429785107446276,0.7878404547726138
combo_Mars_Saturn_Sun,0.022007106054665302,0.3100526792266614,0.018747056163911514,0.2913056230627499,0,0.3100526792266614,0.34632683658170915,0.7878404547726138
combo_Venus_Sun,0.02154361403621313,0.29455665193647834,0.00724328697441697,0.2873133649620614,175,0.38266171344045624,0.3363318340829585,0.7878404547726138
combo_Venus_Pluto_Sun,0.01410160551488377,0.292340011194962,0.009273198408861793,0.2830668127861002,87,0.3859266985853452,0.36231884057971014,0.7878404547726138
combo_Venus_Neptune_Sun,0.04106521724437321,0.28853871869061,0.028330178141367686,0.2602085405492423,166,0.39968208638357017,0.4097951024487756,0.7878404547726138
combo_Mars_Uranus,0.025269873598367,0.2595295668491497,0.012989604431755673,0.246539962417394,207,0.39847027365484405,0.39930034982508744,0.7878404547726138
combo_Mercury_Uranus_Sun,0.023427960381793525,0.24934389731006212,0.022095077773435046,0.22724881953662707,109,0.372992305388969,0.392303848075962,0.7878404547726138
combo_Mercury_Mars,0.017841281658504363,0.2421684106747743,0.010314546626688698,0.23185386404808558,203,0.3344130305522497,0.4062968515742129,0.7878404547726138
combo_Mars_Moon,0.011277004326473567,0.2340602138590986,0.0008363862869340031,0.2332238275721646,240,0.29254335841286205,0.3828085957021489,0.7878404547726138
combo_Venus_Sun_Moon,0.010440553805642017,0.23351796683297918,0.0022231531534518227,0.23129481367952737,80,0.3255841760821716,0.3538230884557721,0.7878404547726138
combo_Uranus_Pluto,0.012867722327394006,0.21621476948590396,0.022725886380950525,0.19348888310495344,136,0.31069481733139837,0.34182908545727136,0.7878404547726138
combo_Mars_Neptune_Moon,0.005799333155480798,0.20274537183262042,0.005012460163273301,0.19773291166934712,240,0.30124399507031213,0.3823088455772114,0.7878404547726138
combo_Mercury_Sun_Moon,0.020989129736288765,0.19627757998631842,0.017161094862834854,0.17911648512348358,85,0.2572092247763533,0.3583208395802099,0.7878404547726138
combo_Jupiter_Uranus_Neptune,0.042844975435406815,0.18410954650310637,0.05366914677431632,0.13044039972879007,219,0.32277947511200233,0.37681159420289856,0.7878404547726138
combo_Saturn_Neptune_Pluto,0.018404551487740957,0.180871166659394,0.01029719884303377,0.17057396781636025,48,0.2784276161156217,0.36931534232883556,0.7878404547726138
gas_giants,0.09405870135832348,0.16159509576175032,0.10282505935677734,0.05877003640497298,11,0.18152997565254989,0.4032983508245877,0.7878404547726138
combo_Jupiter_Saturn,0.09405870135832348,0.16159509576175032,0.10282505935677734,0.05877003640497298,11,0.18152997565254989,0.4112943528235882,0.7878404547726138
combo_Saturn_Uranus_Pluto,0.02842695715929074,0.16151954910160649,0.025116354252655775,0.13640319484895072,240,0.20244726342070424,0.4007996001999001,0.7878404547726138
combo_Mercury_Uranus,0.028462407884749647,0.1330721405337095,0.029865434171204148,0.10320670636250535,121,0.2559174853697185,0.41329335332333833,0.7878404547726138
combo_Saturn_Uranus_Moon,0.011936969953831063,0.12905371186533052,0.009429674356066493,0.11962403750926402,57,0.16990558975968958,0.3598200899550225,0.7878404547726138
combo_Saturn_Neptune_Moon,0.008468397591591348,0.12658963864091538,0.002790045309138592,0.12379959333177679,20,0.14566381135359327,0.351824087956022,0.7878404547726138
combo_Mercury_Venus_Sun,0.01998024229351861,0.2003107011048045,0.02170082035170568,0.17860988075309883,108,0.34440953425305887,0.41829085457271364,0.7891466637815113
combo_Jupiter_Saturn_Pluto,0.07329061943073271,0.16748537493353888,0.08000902644600313,0.08747634848753574,67,0.31228982609579425,0.4302848575712144,0.8034911115870637
combo_Jupiter_Uranus_Pluto,0.0532203729526948,0.2025008091708533,0.05241435429129386,0.15008645487955946,153,0.3472754688309554,0.43728135932033985,0.808307967228507
combo_Saturn_Uranus,0.03359630143106383,0.15485634206310173,0.02776225920097176,0.12709408286212998,92,0.29421802875180486,0.45577211394302847,0.8177087926624923
combo_Mercury_Saturn,0.024003503247752883,0.12008155942375794,0.02386542495743713,0.09621613446632081,63,0.1919306708321846,0.4522738630684658,0.8177087926624923
combo_Venus_Neptune_Moon,0.0036415573883124075,0.1004367706296525,0.0024880325716688588,0.09794873805798365,84,0.207120190715289,0.4542728635682159,0.8177087926624923
combo_Mars_Jupiter_Sun,0.0806961354479196,0.27187523021625154,0.09807741039540833,0.1737978198208432,183,0.32502407375032616,0.4642678660669665,0.8248642668956784
combo_Uranus_Neptune_Pluto,0.017101484149468157,0.17321890836255782,0.014307160897543287,0.15891174746501455,47,0.30743587450368837,0.46926536731634183,0.8257265597970245
combo_Mercury_Jupiter_Uranus,0.06612647559669711,0.16668098572045878,0.0717136709131893,0.09496731480726948,154,0.2739619226717449,0.4782608695652174,0.8274023365675653
Moon,0.0004631577845250766,0.039437775052597705,0.0025589396372606345,0.03687883541533707,41,0.05342210102103403,0.47926036981509246,0.8274023365675653
combo_Mars_Neptune_Sun,0.04371781159979549,0.26715327400938504,0.03739990775870677,0.22975336625067827,176,0.29988623959322586,0.5157421289355323,0.8279018385544071
combo_Mercury_Mars_Neptune,0.01496242331221925,0.20092692645995314,0.006826271578527768,0.19410065488142536,240,0.34462601523320235,0.49525237381309345,0.8279018385544071
Saturn,0.011643026511529828,0.143535538486592,0.004699955972129873,0.13883558251446212,201,0.18614909867556947,0.512743628185907,0.8279018385544071
combo_Uranus_Neptune,0.0054337017736625385,0.14136194818399905,0.002129617363323467,0.1392323308206756,178,0.24711305417194504,0.4987506246876562,0.8279018385544071
Neptune,0.002855380046794661,0.1362224214999942,0.004423875294696488,0.1317985462052977,192,0.2484846793047601,0.5097451274362819,0.8279018385544071
combo_Jupiter_Neptune_Moon,0.06258549582057134,0.1265081685136672,0.07007416205592974,0.056434006457737454,177,0.2545463899638813,0.4892553723138431,0.8279018385544071
combo_Mercury_Uranus_Moon,0.013817474312402527,0.09751853773467888,0.01795129750807885,0.07956724022660003,122,0.20800266366444659,0.5067466266866567,0.8279018385544071
combo_Mercury_Moon,0.016561122904299633,0.07913039424682271,0.021044152839242276,0.05808624140758043,187,0.13176393067673806,0.5152423788105946,0.8279018385544071
combo_Mars_Pluto_Moon,0.011938087408109744,0.17945891483366405,0.016024569498935073,0.16343434533472898,240,0.21809633979234422,0.5322338830584707,0.837940004356796
Uranus,0.003975237352790927,0.13391837299082768,0.008242457160747285,0.1256759158300804,160,0.25338514171179394,0.5282358820589705,0.837940004356796
combo_Mercury_Venus_Uranus,0.016855731304385613,0.12184361183287087,0.013765564205770147,0.10807804762710073,50,0.29651268563011396,0.5357321339330335,0.837940004356796
combo_Mercury_Jupiter_Neptune,0.06676114380055165,0.13137400968875174,0.0734620185439155,0.057911991144836236,49,0.2648131697953531,0.5412293853073463,0.8393642161969863
combo_Mercury_Mars_Moon,0.019492890865370847,0.18287855524087182,0.01779682073405023,0.1650817345068216,187,0.27105177945447007,0.5467266366816592,0.840764491703728
combo_Saturn_Pluto_Sun,0.032528679162942296,0.23705007324404542,0.02364953518270995,0.21340053806133547,238,0.4098954555471342,0.567216391804098,0.8468814373301154
combo_Mars_Saturn_Moon,0.006735656374193826,0.1695970993336262,0.0026475045291113786,0.16694959480451482,155,0.23798375351396547,0.5692153923038481,0.8468814373301154
combo_Mercury_Jupiter,0.06523461579392308,0.14084213331909243,0.07209255071177012,0.06874958260732231,131,0.2219578490260141,0.5647176411794103,0.8468814373301154
combo_Mercury_Saturn_Moon,0.023348092928453437,0.08305451761218545,0.02579220706545165,0.0572623105467338,191,0.19006312201149506,0.5582208895552224,0.8468814373301154
combo_Uranus_Moon,0.002589939468873951,0.08508217565876204,0.005532528309589584,0.07954964734917246,148,0.20323566022947315,0.5777111444277861,0.8525898341152005
combo_Mercury_Pluto_Sun,0.03247094198614281,0.204998155444109,0.025110621343665714,0.17988753410044328,236,0.34918918999712567,0.584207896051974,0.8552803598200899
combo_Uranus_Pluto_Sun,0.0280137922180698,0.28496511064711805,0.044455438975697446,0.2405096716714206,80,0.5403440412577029,0.6376811594202898,0.8577104304990362
combo_Pluto_Sun,0.012339936696089638,0.23438370690722882,0.012160187093416262,0.22222351981381255,60,0.4177935789009192,0.6561719140429785,0.8577104304990362
combo_Jupiter_Pluto_Sun,0.03160830589575454,0.23375445732713843,0.042848162378781245,0.19090629494835717,71,0.4648844431689109,0.6071964017991005,0.8577104304990362
combo_Pluto_Sun_Moon,0.021100253949808103,0.21525973072414037,0.01287925152448362,0.20238047919965674,56,0.36470606345528567,0.6051974012993503,0.8577104304990362
combo_Mars_Pluto,0.009646666439315924,0.2087581670034658,0.018853942800791623,0.1899042242026742,240,0.2624292144073321,0.623688155922039,0.8577104304990362
combo_Mars_Sun_Moon,0.009444011132260854,0.20098157331021152,0.000921293214229003,0.2000602800959825,239,0.27044007733827513,0.6421789105447276,0.8577104304990362
combo_Mars_Neptune_Pluto,0.018179065101059003,0.19620092808363193,0.02946425977358752,0.1667366683100444,220,0.2975997360279656,0.6136931534232883,0.8577104304990362
combo_Mercury_Mars_Sun,0.026113135125512235,0.1876575883036072,0.018420657803749726,0.1692369304998575,240,0.30018427287275845,0.6446776611694153,0.8577104304990362
combo_Mars_Saturn_Uranus,0.004014593089633906,0.18586768176757895,0.013931238531830821,0.17193644323574814,169,0.3766366292293453,0.6146926536731634,0.8577104304990362
combo_Mercury_Jupiter_Saturn,0.04842659525721905,0.11916774229007292,0.054730151070449665,0.06443759121962325,129,0.25840274937445723,0.6421789105447276,0.8577104304990362
combo_Uranus_Neptune_Moon,0.004472042599551172,0.10208531140306591,0.006505834130320582,0.09557947727274534,179,0.2536687629189664,0.6541729135432284,0.8577104304990362
combo_Mercury_Saturn_Pluto,0.03282010472721956,0.09168510224047456,0.03351794118326917,0.05816716105720539,190,0.20240599006757704,0.6046976511744128,0.8577104304990362
combo_Pluto_Moon,0.01723511893772018,0.07524759804993288,0.020224316288680193,0.05502328176125268,135,0.18955905460080522,0.6226886556721639,0.8577104304990362
combo_Neptune_Moon,0.00043887532697181445,0.07136320949017047,0.0033003871589332933,0.06806282233123717,175,0.18811313964794116,0.6506746626686657,0.8577104304990362
combo_Mercury_Neptune_Moon,0.013357025810972973,0.06926418974206626,0.014702257523839671,0.05456193221822659,118,0.18008672788751953,0.6356821589205397,0.8577104304990362
combo_Venus_Mars_Sun,0.028883441985853728,0.18841001163257293,0.031720970982133515,0.15668904065043943,240,0.2765191803881867,0.6831584207896052,0.8787284679338652
combo_Mercury_Mars_Pluto,0.02638520948507673,0.1499441964672563,0.027586857515481913,0.12235733895177438,240,0.2720954621606982,0.6866566716641679,0.8787284679338652
Mercury,0.0258671024023004,0.09664309908748263,0.03196937382495947,0.06467372526252316,184,0.18976285710154536,0.6781609195402298,0.8787284679338652
combo_Mars_Uranus_Pluto,0.030167656718400274,0.19713894986619765,0.02386455124560482,0.17327439862059282,240,0.3953083783296793,0.7011494252873564,0.8848989298454222
combo_Mars_Jupiter,0.0953881849274944,0.18642882012677686,0.09830120358173614,0.08812761654504073,198,0.4038621439588916,0.6966516741629185,0.8848989298454222
combo_Venus_Mars_Moon,0.011171273212994036,0.14438500145622607,0.004381073374553793,0.14000392808167228,213,0.2459061750024892,0.7716141929035483,0.8915388931301221
combo_Venus_Mars_Pluto,0.01897523527635196,0.14297487580107354,0.02646227342403209,0.11651260237704145,240,0.2785898367564865,0.7556221889055472,0.8915388931301221
combo_Mars_Uranus_Moon,0.011795167648235095,0.13155113539450408,0.005574204085196579,0.1259769313093075,212,0.3320593866776973,0.783608195902049,0.8915388931301221
inner_planets,0.026564911124785377,0.13118196369562848,0.02830730584397819,0.10287465785165029,203,0.24192422921312406,0.7931034482758621,0.8915388931301221
combo_Mercury_Venus_Mars,0.026564911124785377,0.13118196369562848,0.02830730584397819,0.10287465785165029,203,0.24192422921312406,0.7941029485257372,0.8915388931301221
all_classical,0.02887796013518117,0.127408224291146,0.03495897215162121,0.09244925213952479,132,0.20696543056189926,0.7336331834082959,0.8915388931301221
combo_Jupiter_Neptune,0.07622516846650712,0.10958343961627143,0.08478743503151998,0.024796004584751452,196,0.29239550699394323,0.7456271864067966,0.8915388931301221
combo_Mars_Uranus_Neptune,0.01910884614087456,0.10436205314165857,0.015823924660859693,0.08853812848079888,216,0.33181999309629323,0.750624687656172,0.8915388931301221
combo_Mercury_Uranus_Neptune,0.017786701891441038,0.09081620276553967,0.016866364743786774,0.0739498380217529,129,0.3201880828149794,0.729135432283858,0.8915388931301221
Pluto,0.027295501851320302,0.08999869269341407,0.031046554079627572,0.058952138613786495,140,0.2442868681994172,0.7831084457771115,0.8915388931301221
combo_Mercury_Neptune_Pluto,0.03658018369543745,0.08622202011172915,0.03401631871376073,0.05220570139796842,74,0.2324488611265089,0.7126436781609196,0.8915388931301221
combo_Mercury_Saturn_Uranus,0.023425743261452258,0.07719992634360236,0.023970565846982973,0.05322936049661939,127,0.24119800253668247,0.792103948025987,0.8915388931301221
combo_Venus_Neptune,0.025876850493700063,0.07443469741858569,0.02617391884815784,0.04826077857042785,155,0.26291496465979275,0.7856071964017991,0.8915388931301221
combo_Venus_Saturn_Pluto,0.01809139208461399,0.0734803033999472,0.015810987460668592,0.057669315939278605,52,0.19647115992398326,0.783608195902049,0.8915388931301221
combo_Saturn_Moon,0.0076872534422589315,0.0732094695297511,0.004315252921417904,0.0688942166083332,194,0.15388259888884415,0.744127936031984,0.8915388931301221
combo_Mercury_Neptune,0.00820818116422625,0.0691696609477219,0.011215165858560465,0.05795449508916143,127,0.21800854902201916,0.7711144427786107,0.8915388931301221
combo_Neptune_Pluto_Moon,0.01758111636165063,0.06727634482712028,0.015415780724292776,0.0518605641028275,169,0.24473553360098793,0.744127936031984,0.8915388931301221
combo_Saturn_Pluto_Moon,0.0139933393957415,0.06586886981978764,0.012315556644689314,0.05355331317509832,233,0.20683853184344445,0.7716141929035483,0.8915388931301221
combo_Mars_Saturn_Pluto,0.006554757069923325,0.11529457440116443,0.0067152183230955,0.10857935607806893,240,0.21066900925007864,0.816591704147926,0.9111968406040882
combo_Venus_Mars_Neptune,0.015402241311691156,0.12134990402337874,0.012265479914803439,0.1090844241085753,200,0.38427648496920036,0.8455772113943029,0.9327233973374759
combo_Mars_Jupiter_Pluto,0.09488987542016651,0.10891551053860028,0.0949390034505954,0.01397650708800488,227,0.35084804696510846,0.8460769615192404,0.9327233973374759
combo_Mars_Jupiter_Neptune,0.06463409092563219,0.11220251159288042,0.07011103682102654,0.042091474771853876,222,0.3753761865850873,0.8685657171414293,0.9346936701140955
venus_mars,0.011860663681326203,0.10854658630732568,0.00678959146523882,0.10175699484208686,224,0.29129803388046366,0.8960519740129935,0.9346936701140955
combo_Venus_Mars,0.011860663681326203,0.10854658630732568,0.00678959146523882,0.10175699484208686,224,0.29129803388046366,0.904047976011994,0.9346936701140955
combo_Venus_Mars_Saturn,0.0674951983622,0.1073288991798962,0.06890989526374423,0.03841900391615197,215,0.18293556818094314,0.8685657171414293,0.9346936701140955
combo_Mercury_Mars_Saturn,0.01968985180082348,0.10518659304926781,0.015211991001414559,0.08997460204785325,178,0.26532427424269867,0.879560219890055,0.9346936701140955
combo_Mercury_Mars_Uranus,0.005190137558309547,0.09577472766628348,0.0006511386407567312,0.09512358902552674,176,0.3499463291827984,0.8915542228885557,0.9346936701140955
combo_Mars_Jupiter_Saturn,0.07439004781969076,0.08974545224731924,0.08268242756890301,0.007063024678416227,205,0.27082860567547323,0.8935532233883059,0.9346936701140955
venus_mars_jupiter,0.051229380346291147,0.0851562081767957,0.05294019297342983,0.03221601520336587,228,0.32429331011019297,0.8920539730134932,0.9346936701140955
combo_Venus_Mars_Jupiter,0.051229380346291147,0.0851562081767957,0.05294019297342983,0.03221601520336587,228,0.32429331011019297,0.9000499750124937,0.9346936701140955
combo_Neptune_Pluto,0.029730252596297357,0.07226119753238534,0.030547887609199034,0.04171330992318631,172,0.2539153273798787,0.8770614692653673,0.9346936701140955
combo_Saturn_Pluto,0.02742721971340037,0.06504743254036868,0.028371574317361748,0.03667585822300694,229,0.21384667001557123,0.863568215892054,0.9346936701140955
combo_Mars_Pluto_Sun,0.014053181331988629,0.0983003967878626,0.016552598945811972,0.08174779784205063,240,0.338234976930632,0.9160419790104948,0.9417734952748344
combo_Mars_Jupiter_Moon,0.06988951357593386,0.07881668202937907,0.06967554149958444,0.00914114052979463,217,0.31505578843738663,0.9310344827586207,0.951632517074796
combo_Mercury_Mars_Jupiter,0.043736613440437694,0.05621839315110585,0.04540527754174453,0.010813115609361316,240,0.38790406863175025,0.936031984007996,0.951632517074796
combo_Venus_Uranus_Neptune,0.0117022304107275,0.03457668532324493,0.01065402979449264,0.023922655528752286,138,0.2808808597499712,0.9420289855072463,0.9524381455680999
combo_Venus_Mars_Uranus,0.017042365474097435,0.05898084677940841,0.01666436781874664,0.04231647896066177,220,0.2784315558980619,0.974512743628186,0.9798672092525166
combo_Mars_Jupiter_Uranus,0.06938606401871975,0.03845760164331489,0.07244375004327452,-0.033986148399959636,172,0.4037946098862047,0.9805097451274363,0.9805097451274363
