signal,raw_high_R_plv,raw_background_plv,raw_delta,raw_p,residual_high_R_plv,residual_background_plv,residual_delta,residual_p,best_residual_lag_days,best_residual_lag_plv,raw_fdr_q,residual_fdr_q
venus_mars_jupiter,0.08515620817679569,0.05294019297342983,0.03221601520336586,0.8963678773742086,0.2888536311762919,0.004597781161725655,0.28425585001456627,0.20226591136287905,8,0.29205834121923885,0.9380858009736103,0.9866711096301233
combo_Venus_Mars_Jupiter,0.08515620817679569,0.05294019297342983,0.03221601520336586,0.8973675441519493,0.2888536311762919,0.004597781161725655,0.28425585001456627,0.2055981339553482,8,0.29205834121923885,0.9380858009736103,0.9866711096301233
venus_mars,0.10854658630732565,0.006789591465238805,0.10175699484208685,0.9013662112629124,0.2521517868788462,0.0068014286769458275,0.24535035820190038,0.5014995001666112,89,0.3082274141081381,0.9380858009736103,0.9866711096301233
combo_Venus_Mars,0.10854658630732565,0.006789591465238805,0.10175699484208685,0.9096967677440853,0.2521517868788462,0.0068014286769458275,0.24535035820190038,0.5018327224258581,89,0.3082274141081381,0.9380858009736103,0.9866711096301233
combo_Venus_Uranus_Pluto,0.21902921471991568,0.01793793648151757,0.20109127823839812,0.19360213262245918,0.24094172310208173,0.013370208222192538,0.2275715148798892,0.12595801399533488,22,0.29346017297869614,0.8945510226749812,0.9866711096301233
combo_Venus_Mars_Pluto,0.14297487580107357,0.02646227342403208,0.11651260237704149,0.7467510829723426,0.22905284410087406,0.024091450109858022,0.20496139399101604,0.3855381539486838,240,0.3497787593799383,0.9262952235294788,0.9866711096301233
combo_Venus_Mars_Saturn,0.1073288991798962,0.06890989526374425,0.03841900391615195,0.874375208263912,0.22823635512431614,0.0033026992189304806,0.22493365590538567,0.3485504831722759,24,0.2952376476297481,0.9380858009736103,0.9866711096301233
inner_planets,0.13118196369562848,0.028307305843978187,0.1028746578516503,0.7890703098967011,0.21878451920817674,0.026480771022534128,0.1923037481856426,0.6544485171609463,237,0.25051455883311896,0.9262952235294788,0.9866711096301233
combo_Mercury_Venus_Mars,0.13118196369562848,0.028307305843978187,0.1028746578516503,0.7857380873042319,0.21878451920817674,0.026480771022534128,0.1923037481856426,0.6444518493835388,237,0.25051455883311896,0.9262952235294788,0.9866711096301233
combo_Venus_Neptune_Pluto,0.21264210742517495,0.020317598791926822,0.19232450863324813,0.2485838053982006,0.21065251930855322,0.00865026345088424,0.20200225585766898,0.1562812395868044,32,0.30471331044777705,0.8945510226749812,0.9866711096301233
combo_Mars_Neptune,0.3092429501183932,0.014771062775853749,0.29447188734253943,0.19860046651116295,0.20927896049840772,0.008057704144556543,0.20122125635385119,0.20793068977007664,8,0.20999605071445757,0.8945510226749812,0.9866711096301233
combo_Mercury_Venus_Uranus,0.12184361183287083,0.013765564205770157,0.10807804762710067,0.5471509496834388,0.20723490546774131,0.03162806546380711,0.1756068400039342,0.24925024991669442,11,0.23468440646547564,0.9254281494645816,0.9866711096301233
combo_Mercury_Venus_Pluto,0.21072192437340445,0.029238089234101965,0.1814838351393025,0.09363545484838387,0.20431553304780453,0.020363296598250796,0.18395223644955375,0.3635454848383872,59,0.40838823686198233,0.8945510226749812,0.9866711096301233
combo_Mercury_Mars,0.24216841067477424,0.010314546626688698,0.23185386404808553,0.40019993335554815,0.19590745895362993,0.019858398199529174,0.17604906075410076,0.5721426191269576,173,0.26299699553259537,0.921438467879128,0.9866711096301233
combo_Venus_Mars_Neptune,0.12134990402337874,0.012265479914803448,0.10908442410857529,0.8440519826724425,0.19200443964388167,0.01974839506508746,0.1722560445787942,0.5114961679440186,87,0.2281395837703762,0.9380858009736103,0.9866711096301233
combo_Mars_Uranus_Pluto,0.19713894986619765,0.023864551245604826,0.17327439862059282,0.6994335221592802,0.18554535686927884,0.018093671730097113,0.16745168513918174,0.3958680439853382,52,0.2642939309123216,0.9262952235294788,0.9866711096301233
combo_Mercury_Venus_Neptune,0.18562070318167806,0.010240534085828626,0.17538016909584944,0.19993335554815062,0.18129270668905398,0.032246277587952815,0.14904642910110116,0.376541152949017,63,0.2890598383109214,0.8945510226749812,0.9866711096301233
combo_Mercury_Venus,0.1548119731631287,0.016022156459612465,0.13878981670351623,0.3138953682105965,0.17664130045883225,0.03150113657023358,0.14514016388859868,0.652115961346218,23,0.27018713048967946,0.8959096967677441,0.9866711096301233
combo_Venus_Saturn,0.17885992321992703,0.009243162089872673,0.16961676113005436,0.21892702432522493,0.17564672203333623,0.009027709954515219,0.16661901207882102,0.263245584805065,0,0.17564672203333623,0.8945510226749812,0.9866711096301233
combo_Venus_Mars_Uranus,0.058980846779408416,0.016664367818746636,0.04231647896066178,0.9766744418527158,0.17501225675802023,0.023204501488303882,0.15180775526971635,0.5641452849050317,0,0.17501225675802023,0.9790069976674441,0.9866711096301233
combo_Mercury_Pluto,0.1557691202121601,0.0436041930636218,0.1121649271485383,0.20826391202932357,0.1745981710072928,0.03206655115064851,0.14253161985664428,0.25658113962012663,19,0.31496366162555905,0.8945510226749812,0.9866711096301233
combo_Mercury_Uranus_Pluto,0.16248886247118755,0.0528399366153814,0.10964892585580614,0.26724425191602796,0.17175533826182837,0.013875417008993285,0.1578799212528351,0.21359546817727423,26,0.2838718305470129,0.8945510226749812,0.9866711096301233
combo_Venus_Uranus,0.2207068633330685,0.005646610651255283,0.2150602526818132,0.16327890703098968,0.1685549857534413,0.008301445667807838,0.16025354008563347,0.25324891702765745,0,0.1685549857534413,0.8945510226749812,0.9866711096301233
combo_Mars_Saturn_Uranus,0.18586768176757892,0.013931238531830814,0.1719364432357481,0.6107964011996001,0.1660714034015042,0.022586008755700673,0.1434853946458035,0.291569476841053,46,0.25236439971477187,0.9262952235294788,0.9866711096301233
all_non_solar,0.16900879056841467,0.012150405010577204,0.15685838555783746,0.510163278907031,0.16458387182881634,0.013085969873850835,0.1514979019549655,0.3578807064311896,59,0.24407330264309648,0.921438467879128,0.9866711096301233
combo_Mercury_Mars_Pluto,0.14994419646725626,0.027586857515481913,0.12235733895177435,0.7180939686771076,0.16234773196878197,0.027595209304399806,0.13475252266438215,0.6097967344218593,238,0.34023140548821296,0.9262952235294788,0.9866711096301233
combo_Mercury_Venus_Moon,0.15930440903299822,0.0154860383395654,0.1438183706934328,0.17760746417860712,0.16116824740726413,0.022531744894778324,0.1386365025124858,0.4665111629456848,30,0.2133748360565562,0.8945510226749812,0.9866711096301233
Venus,0.18432191007053603,0.0038256822399054453,0.18049622783063057,0.24758413862045986,0.16062341543601766,0.005614011322559811,0.15500940411345784,0.7174275241586138,74,0.250055603222686,0.8945510226749812,0.9866711096301233
combo_Mercury_Neptune_Pluto,0.08622202011172915,0.034016318713760735,0.052205701397968415,0.7117627457514162,0.15527836419860996,0.01685959585697141,0.13841876834163855,0.2769076974341886,41,0.3128152955089146,0.9262952235294788,0.9866711096301233
combo_Venus_Saturn_Pluto,0.0734803033999472,0.0158109874606686,0.0576693159392786,0.7837387537487505,0.1541033046134466,0.031104162789698454,0.12299914182374815,0.3678773742085971,30,0.2320961803920472,0.9262952235294788,0.9866711096301233
combo_Jupiter_Pluto,0.18493373767315158,0.0359871455814541,0.14894659209169747,0.3068977007664112,0.15144061273569726,0.034155330058984815,0.11728528267671244,0.30723092302565813,134,0.2399674482726501,0.8945741490425179,0.9866711096301233
combo_Venus_Jupiter_Saturn,0.18829024460264407,0.08463455220558368,0.10365569239706039,0.2902365878040653,0.14569949598475274,0.00941386395070608,0.13628563203404664,0.37887370876374543,66,0.2294924347832689,0.8945741490425179,0.9866711096301233
combo_Mercury_Mars_Neptune,0.20092692645995305,0.006826271578527761,0.1941006548814253,0.5028323892035989,0.14350977059698586,0.037468149677087774,0.10604162091989808,0.6304565144951683,12,0.20104296454568282,0.921438467879128,0.9866711096301233
combo_Venus_Pluto_Moon,0.1783408608343869,0.01441311161468312,0.1639277492197038,0.080973008997001,0.14321766525005475,0.01304647391602158,0.13017119133403318,0.30756414528490506,56,0.28287053178478067,0.8945510226749812,0.9866711096301233
combo_Venus_Neptune,0.0744346974185857,0.02617391884815783,0.048260778570427876,0.7910696434521826,0.13985532056876848,0.010101186931946397,0.1297541336368221,0.41752749083638785,64,0.23583833419484335,0.9262952235294788,0.9866711096301233
combo_Jupiter_Saturn_Pluto,0.16748537493353885,0.08000902644600315,0.0874763484875357,0.42085971342885703,0.13984960144439507,0.04962625170783487,0.0902233497365602,0.38153948683772076,76,0.17371553330844045,0.921438467879128,0.9866711096301233
combo_Mars_Jupiter_Saturn,0.08974545224731924,0.08268242756890301,0.007063024678416227,0.903032322559147,0.13918568074264895,0.014024072263198517,0.12516160847945043,0.49450183272242587,166,0.2089066740437141,0.9380858009736103,0.9866711096301233
combo_Saturn_Uranus_Pluto,0.16151954910160649,0.025116354252655775,0.13640319484895072,0.38920359880039984,0.1364879227582773,0.026652232641053614,0.1098356901172237,0.5381539486837721,185,0.2254250638376892,0.921438467879128,0.9866711096301233
combo_Venus_Neptune_Moon,0.1004367706296525,0.0024880325716688557,0.09794873805798365,0.47184271909363545,0.1362507972536544,0.0020432605958839566,0.13420753665777047,0.1586137954015328,30,0.18009940648996228,0.921438467879128,0.9866711096301233
combo_Venus_Mars_Moon,0.14438500145622607,0.004381073374553783,0.14000392808167228,0.7584138620459847,0.13496388114735136,0.007822299020035707,0.12714158212731566,0.834055314895035,88,0.1826103727143682,0.9262952235294788,0.9866711096301233
mars_jupiter,0.18642882012677686,0.09830120358173612,0.08812761654504074,0.7230923025658114,0.13257366119064518,0.018026511550148398,0.11454714964049678,0.6287904031989336,194,0.18740764848736127,0.9262952235294788,0.9866711096301233
combo_Mars_Jupiter,0.18642882012677686,0.09830120358173612,0.08812761654504074,0.71242919026991,0.13257366119064518,0.018026511550148398,0.11454714964049678,0.6177940686437854,194,0.18740764848736127,0.9262952235294788,0.9866711096301233
combo_Mercury_Venus_Saturn,0.17281154395327458,0.027862447166066503,0.14494909678720808,0.2669110296567811,0.132454873637027,0.025616530259986323,0.10683834337704066,0.6304565144951683,173,0.23983821314189732,0.8945510226749812,0.9866711096301233
combo_Saturn_Uranus,0.1548563420631017,0.027762259200971754,0.12709408286212995,0.4478507164278574,0.13242311488764316,0.013336167345875545,0.11908694754176762,0.40253248917027656,107,0.2134144130647246,0.921438467879128,0.9866711096301233
combo_Mars_Uranus_Neptune,0.10436205314165857,0.015823924660859693,0.08853812848079888,0.7597467510829723,0.13215208636921824,0.01069650193658818,0.12145558443263006,0.3145618127290903,240,0.15278944634107097,0.9262952235294788,0.9866711096301233
combo_Mars_Pluto,0.20875816700346578,0.018853942800791623,0.18990422420267417,0.6381206264578474,0.131637070130532,0.005770312408979556,0.12586675772155245,0.651782739086971,119,0.28416727081762366,0.9262952235294788,0.9866711096301233
combo_Mercury_Saturn_Uranus,0.07719992634360236,0.023970565846982973,0.05322936049661939,0.8030656447850717,0.13101463837400287,0.008266572994793664,0.12274806537920921,0.26457847384205263,174,0.2152712222868739,0.9323728248775833,0.9866711096301233
Pluto,0.0899986926934141,0.031046554079627572,0.05895213861378652,0.7874041986004665,0.12993661515722799,0.027051510595159832,0.10288510456206815,0.4608463845384872,48,0.27770173385588165,0.9262952235294788,0.9866711096301233
combo_Venus_Pluto,0.18540018896504887,0.01734351278264583,0.16805667618240305,0.23258913695434855,0.1261151433278345,0.034980193390899215,0.09113494993693527,0.6211262912362546,49,0.35025237734980924,0.8945510226749812,0.9866711096301233
Mercury,0.09664309908748266,0.03196937382495948,0.06467372526252319,0.6574475174941686,0.12301298460959544,0.030752287288174453,0.09226069732142098,0.6307897367544152,173,0.27281538540595107,0.9262952235294788,0.9866711096301233
combo_Mercury_Neptune,0.06916966094772191,0.011215165858560467,0.057954495089161444,0.7740753082305898,0.11914466578716944,0.024150514281207708,0.09499415150596173,0.3618793735421526,20,0.15931007703627667,0.9262952235294788,0.9866711096301233
combo_Mars_Uranus,0.2595295668491497,0.012989604431755676,0.246539962417394,0.42019326891036324,0.11839503646662641,0.021971586825016796,0.09642344964160962,0.655781406197934,181,0.1605577423687804,0.921438467879128,0.9866711096301233
combo_Mars_Saturn_Pluto,0.11529457440116443,0.006715218323095503,0.10857935607806893,0.8130623125624792,0.1180787618091511,0.009923761426028983,0.10815500038312212,0.5928023992002666,210,0.19026064550874566,0.9360465279080643,0.9866711096301233
combo_Mars_Pluto_Moon,0.17945891483366405,0.016024569498935062,0.163434345334729,0.5111629456847717,0.11361386441135868,0.015139988161181967,0.09847387625017671,0.5258247250916361,55,0.19673119172905099,0.921438467879128,0.9866711096301233
combo_Venus_Uranus_Moon,0.142915068285937,0.005736546618143046,0.13717852166779396,0.214595134955015,0.11327003647885164,0.005697093215417851,0.10757294326343379,0.33188937020993003,29,0.12488243951968894,0.8945510226749812,0.9866711096301233
combo_Mercury_Neptune_Moon,0.06926418974206625,0.014702257523839678,0.05456193221822657,0.6164611796067977,0.1121117863207739,0.020038682541372203,0.0920731037794017,0.20593135621459513,69,0.11470685438310615,0.9262952235294788,0.9866711096301233
combo_Mars_Jupiter_Pluto,0.10891551053860024,0.0949390034505954,0.013976507088004839,0.8580473175608131,0.11125591300216375,0.04942333009971005,0.061832582902453706,0.651782739086971,57,0.3303583585737984,0.9380858009736103,0.9866711096301233
combo_Mercury_Jupiter,0.1408421333190924,0.07209255071177012,0.06874958260732228,0.5734755081639453,0.11033026069637249,0.03225288761230787,0.07807737308406462,0.5858047317560813,62,0.20369217859809552,0.9262952235294788,0.9866711096301233
combo_Uranus_Pluto,0.21621476948590396,0.022725886380950515,0.19348888310495344,0.33055648117294234,0.1064299250535469,0.014080405202194987,0.09234951985135191,0.5581472842385872,240,0.20406959356570098,0.9057247584138621,0.9866711096301233
combo_Mercury_Venus_Jupiter,0.22402565267124783,0.05404577673983675,0.16997987593141106,0.17794068643785405,0.10557779611776057,0.03029079579231403,0.07528700032544654,0.850049983338887,63,0.2730420067980473,0.8945510226749812,0.9866711096301233
combo_Saturn_Pluto,0.06504743254036868,0.028371574317361745,0.03667585822300694,0.8603798733755414,0.10543201630707062,0.01703349331045498,0.08839852299661564,0.6541152949016994,53,0.17722779810013237,0.9380858009736103,0.9866711096301233
combo_Mars_Saturn,0.3015790466160214,0.028158202617942257,0.27342084399807914,0.27224258580473176,0.10492334462380452,0.002176927918667963,0.10274641670513657,0.7424191936021326,181,0.24564189338257775,0.8945510226749812,0.9866711096301233
combo_Mercury_Uranus,0.1330721405337095,0.029865434171204148,0.10320670636250535,0.4301899366877707,0.10490925043231715,0.02716056890555472,0.07774868152676243,0.46217927357547484,178,0.20004975914797324,0.921438467879128,0.9866711096301233
combo_Mars_Saturn_Neptune,0.25271798242054133,0.03330891099053544,0.21940907143000588,0.2562479173608797,0.1046109326819847,0.013961150432719989,0.0906497822492647,0.5778073975341553,41,0.21061824851344735,0.8945510226749812,0.9866711096301233
combo_Mercury_Mars_Uranus,0.09577472766628348,0.0006511386407567315,0.09512358902552674,0.8967010996334556,0.10457247340038346,0.030641290067930323,0.07393118333245313,0.7620793068977008,170,0.26977364462629133,0.9380858009736103,0.9866711096301233
combo_Mercury_Saturn_Neptune,0.17284823045084813,0.019450789439457543,0.15339744101139058,0.2049316894368544,0.10411744128777198,0.014342932406875319,0.08977450888089666,0.4478507164278574,79,0.16562149078030144,0.8945510226749812,0.9866711096301233
combo_Neptune_Pluto,0.07226119753238534,0.030547887609199027,0.041713309923186316,0.8733755414861712,0.10328407728701822,0.01562658847884539,0.08765748880817283,0.5521492835721427,133,0.19654775458330007,0.9380858009736103,0.9866711096301233
combo_Venus_Saturn_Neptune,0.17655370662295655,0.0010370873763410327,0.17551661924661552,0.26057980673108966,0.10272635832665286,0.009764573111049201,0.09296178521560367,0.5111629456847717,75,0.17860478595504345,0.8945510226749812,0.9866711096301233
combo_Neptune_Pluto_Moon,0.06727634482712028,0.015415780724292777,0.0518605641028275,0.7574141952682439,0.10194555357647565,0.011393611895298047,0.09055194168117761,0.4028657114295235,32,0.1566065960605307,0.9262952235294788,0.9866711096301233
combo_Mercury_Saturn_Pluto,0.09168510224047456,0.03351794118326916,0.0581671610572054,0.5964678440519827,0.10185792884887393,0.03601294466201458,0.06584498418685936,0.6164611796067977,174,0.30735897591951483,0.9262952235294788,0.9866711096301233
combo_Venus_Jupiter_Neptune,0.25482520619757043,0.059298953760956744,0.1955262524366137,0.1166277907364212,0.10154346004357447,0.010780163293123318,0.09076329675045115,0.6421192935688104,87,0.17893824346657403,0.8945510226749812,0.9866711096301233
combo_Mars_Neptune_Moon,0.20274537183262042,0.0050124601632733,0.19773291166934712,0.39653448850383205,0.1012817925949163,0.0020934229105568063,0.0991883696843595,0.5124958347217594,7,0.1049043992571323,0.921438467879128,0.9866711096301233
combo_Saturn_Uranus_Neptune,0.2332661249310094,0.021983930672120983,0.21128219425888842,0.12295901366211263,0.09989297055578883,0.020830292026924407,0.07906267852886442,0.5514828390536488,124,0.21254438297975312,0.8945510226749812,0.9866711096301233
combo_Pluto_Moon,0.07524759804993288,0.020224316288680193,0.05502328176125268,0.5994668443852049,0.09951337378230372,0.01763864453926142,0.0818747292430423,0.35888037320893035,57,0.20754276975441005,0.9262952235294788,0.9866711096301233
combo_Mercury_Saturn,0.12008155942375794,0.02386542495743714,0.0962161344663208,0.4675108297234255,0.09726446325318674,0.020840892667972625,0.07642357058521412,0.5621459513495501,175,0.2511027549743546,0.921438467879128,0.9866711096301233
combo_Mars_Jupiter_Uranus,0.03845760164331488,0.07244375004327454,-0.033986148399959656,0.9790069976674441,0.09456594609413874,0.015375766057367157,0.07919018003677158,0.7410863045651449,109,0.1725763129304475,0.9790069976674441,0.9866711096301233
combo_Mercury_Mars_Saturn,0.10518659304926781,0.015211991001414564,0.08997460204785324,0.8757080973008997,0.09421774780592088,0.013486579815454085,0.08073116799046678,0.8453848717094302,171,0.3043616930058333,0.9380858009736103,0.9866711096301233
combo_Venus_Saturn_Moon,0.12273162598606885,0.0016163292243805505,0.12111529676168829,0.29890036654448515,0.09416356985081713,0.002164834689775866,0.09199873516104126,0.4855048317227591,30,0.13598981173707061,0.8945741490425179,0.9866711096301233
combo_Mercury_Jupiter_Pluto,0.24436082913435395,0.047828353301691225,0.19653247583266273,0.06997667444185271,0.09348124299454129,0.06658480044707507,0.026896442547466218,0.6581139620126625,63,0.30001976035229627,0.8945510226749812,0.9866711096301233
combo_Mercury_Uranus_Moon,0.09751853773467888,0.017951297508078855,0.07956724022660003,0.5111629456847717,0.09319731566534364,0.017585479837058708,0.07561183582828493,0.3668777074308564,174,0.1723910048122575,0.921438467879128,0.9866711096301233
combo_Venus_Jupiter_Pluto,0.17310601667486375,0.07099337523724429,0.10211264143761946,0.32855714761746085,0.0930154351539552,0.03222753967940834,0.06078789547454686,0.7554148617127624,62,0.26589931714256365,0.9057247584138621,0.9866711096301233
combo_Mars_Neptune_Pluto,0.19620092808363193,0.029464259773587517,0.1667366683100444,0.6094635121626124,0.09220026759769952,0.009642667532259376,0.08255760006544013,0.7094301899366877,49,0.22369983645245717,0.9262952235294788,0.9866711096301233
combo_Saturn_Neptune_Pluto,0.180871166659394,0.010297198843033758,0.17057396781636025,0.3558813728757081,0.09068067742742689,0.02315135273520346,0.06752932469222342,0.7120959680106631,37,0.21746383583931364,0.921438467879128,0.9866711096301233
combo_Uranus_Pluto_Moon,0.1308706523108008,0.02306469764550749,0.10780595466529332,0.28857047650783074,0.08964550227328807,0.01081702983822458,0.0788284724350635,0.4218593802065978,33,0.1432351681819525,0.8945741490425179,0.9866711096301233
Mars,0.37795184918870506,0.004495437336350749,0.3734564118523543,0.3042319226924359,0.08860027736758169,0.009561102525502276,0.07903917484207942,0.931022992335888,232,0.12559285682811794,0.8945741490425179,0.9866711096301233
combo_Venus_Uranus_Neptune,0.034576685323244934,0.010654029794492639,0.023922655528752293,0.9580139953348884,0.08853080876104072,0.004980378534157449,0.08355043022688327,0.6047984005331556,29,0.18314784558398778,0.9722067952657757,0.9866711096301233
combo_Uranus_Neptune_Pluto,0.17321890836255782,0.014307160897543292,0.15891174746501452,0.4685104965011663,0.08622765093977854,0.018506724144144348,0.06772092679563418,0.71242919026991,52,0.23074705384820163,0.921438467879128,0.9866711096301233
combo_Venus_Moon,0.13193772180588365,0.002225217224227381,0.12971250458165626,0.1409530156614462,0.0857510134377461,0.002462123109372046,0.08328889032837405,0.7810729756747751,81,0.16793446517547733,0.8945510226749812,0.9866711096301233
venus_jupiter,0.25245134370957467,0.1161872958857891,0.13626404782378557,0.13295568143952016,0.0857190438623302,0.013800515922078956,0.07191852794025125,0.8180606464511829,91,0.226803547258881,0.8945510226749812,0.9866711096301233
combo_Venus_Jupiter,0.25245134370957467,0.1161872958857891,0.13626404782378557,0.11596134621792736,0.0857190438623302,0.013800515922078956,0.07191852794025125,0.8040653115628124,91,0.226803547258881,0.8945510226749812,0.9866711096301233
combo_Jupiter_Saturn_Neptune,0.27853676537339567,0.04861601725534696,0.2299207481180487,0.04165278240586471,0.08273376043751185,0.008638100662272127,0.07409565977523973,0.6917694101966011,81,0.22727927539827464,0.8945510226749812,0.9866711096301233
combo_Mercury_Jupiter_Neptune,0.13137400968875176,0.0734620185439155,0.057911991144836264,0.542485838053982,0.08170465995202596,0.01307718711211707,0.06862747283990889,0.659780073308897,76,0.2211491090502385,0.9254281494645816,0.9866711096301233
combo_Mercury_Saturn_Moon,0.08305451761218545,0.02579220706545165,0.0572623105467338,0.5614795068310563,0.08099541283887889,0.016468274783799593,0.06452713805507929,0.5298233922025991,175,0.2506749913715015,0.9262952235294788,0.9866711096301233
combo_Venus_Jupiter_Uranus,0.2930909907989866,0.05393548577692928,0.23915550502205732,0.0469843385538154,0.0803744934893856,0.00924175459479904,0.07113273889458657,0.7737420859713429,156,0.1725054269671816,0.8945510226749812,0.9866711096301233
combo_Mercury_Jupiter_Uranus,0.1666809857204588,0.0717136709131893,0.09496731480726951,0.46984338553815397,0.07946446846601103,0.01857733905018178,0.06088712941582925,0.6847717427524158,62,0.19751176391394348,0.921438467879128,0.9866711096301233
combo_Venus_Jupiter_Moon,0.2603959115832987,0.06693649691439368,0.19345941466890504,0.012662445851382872,0.07814397714695873,0.007161570334958848,0.07098240681199988,0.7717427524158614,90,0.20083170034332806,0.8945510226749812,0.9866711096301233
combo_Jupiter_Neptune_Pluto,0.2291482591178768,0.03710314470992195,0.19204511440795485,0.27424191936021325,0.07807830034877945,0.009934997644794996,0.06814330270398446,0.7827390869710097,53,0.23310730796664897,0.8945510226749812,0.9866711096301233
combo_Mercury_Pluto_Moon,0.13269611413049434,0.03993243484969006,0.09276367928080428,0.13828723758747083,0.07410551114596114,0.03254071738386654,0.041564793762094605,0.6164611796067977,54,0.24676342978281054,0.8945510226749812,0.9866711096301233
combo_Saturn_Pluto_Moon,0.06586886981978766,0.012315556644689312,0.05355331317509835,0.7650783072309231,0.0727318253473635,0.012626289141964037,0.06010553620539946,0.7300899700099966,174,0.17517437488738843,0.9262952235294788,0.9866711096301233
Neptune,0.1362224214999942,0.004423875294696485,0.1317985462052977,0.5041652782405864,0.07245022284667813,0.005031153716338658,0.06741906913033947,0.7107630789736754,113,0.1706489281532507,0.921438467879128,0.9866711096301233
combo_Jupiter_Uranus_Neptune,0.18410954650310643,0.053669146774316334,0.1304403997287901,0.3665444851716095,0.07020452553213205,0.008526570055845747,0.0616779554762863,0.7474175274908363,99,0.22644494063690412,0.921438467879128,0.9866711096301233
combo_Mercury_Mars_Jupiter,0.056218393151105855,0.045405277541744525,0.01081311560936133,0.931356214595135,0.06880148708054243,0.02262228473399061,0.04617920234655182,0.9233588803732089,175,0.2552155413978286,0.9522074731308469,0.9866711096301233
combo_Mercury_Mars_Moon,0.18287855524087182,0.017796820734050228,0.1650817345068216,0.5454848383872043,0.06795790890129377,0.015275105458616378,0.052682803442677395,0.9253582139286904,172,0.153857516827859,0.9254281494645816,0.9866711096301233
combo_Saturn_Neptune_Moon,0.12658963864091538,0.0027900453091385933,0.12379959333177679,0.34755081639453517,0.06661823526667784,0.002564013318547104,0.06405422194813074,0.6824391869376875,99,0.15719724301722568,0.921438467879128,0.9866711096301233
combo_Neptune_Moon,0.07136320949017047,0.0033003871589332946,0.06806282233123717,0.6571142952349217,0.06445146769484492,0.0020361308690297905,0.062415336825815126,0.5121626124625125,122,0.1271076111827469,0.9262952235294788,0.9866711096301233
jupiter_neptune,0.10958343961627143,0.08478743503151998,0.024796004584751452,0.7397534155281573,0.06373511359094522,0.006918425039843755,0.05681668855110147,0.7904031989336888,111,0.2865314260663593,0.9262952235294788,0.9866711096301233
combo_Jupiter_Neptune,0.10958343961627143,0.08478743503151998,0.024796004584751452,0.7297567477507497,0.06373511359094522,0.006918425039843755,0.05681668855110147,0.785404865044985,111,0.2865314260663593,0.9262952235294788,0.9866711096301233
combo_Uranus_Neptune,0.14136194818399905,0.002129617363323474,0.13923233082067557,0.5194935021659447,0.06319556888251171,0.002414291088847658,0.06078127779366405,0.8367210929690103,129,0.17058318895184152,0.9242936337238237,0.9866711096301233
combo_Saturn_Neptune,0.21044548704535523,0.020924303114524295,0.18952118393083095,0.15594801732755748,0.06219954035724298,0.012045025418582683,0.0501545149386603,0.7990669776741086,240,0.239045783856185,0.8945510226749812,0.9866711096301233
combo_Mars_Uranus_Moon,0.13155113539450408,0.005574204085196584,0.1259769313093075,0.7807397534155281,0.06044135683957166,0.007535671537144477,0.05290568530242718,0.8387204265244919,46,0.10805827629451746,0.9262952235294788,0.9866711096301233
combo_Mercury_Moon,0.0791303942468227,0.021044152839242273,0.058086241407580425,0.5344885038320559,0.058534359364528485,0.019974940731319252,0.03855941863320923,0.7590803065644786,173,0.19320294270383095,0.9254281494645816,0.9866711096301233
combo_Jupiter_Saturn,0.16159509576175032,0.10282505935677734,0.05877003640497298,0.4145284905031656,0.057785085559359003,0.007671813001971144,0.05011327255738786,0.8387204265244919,207,0.2053987434553943,0.921438467879128,0.9866711096301233
combo_Mercury_Jupiter_Saturn,0.1191677422900729,0.054730151070449665,0.06443759121962324,0.6311229590136621,0.05710121094126043,0.018165455792402686,0.03893575514885775,0.8243918693768744,81,0.17992416370608852,0.9262952235294788,0.9866711096301233
combo_Mars_Jupiter_Neptune,0.11220251159288042,0.07011103682102654,0.042091474771853876,0.862379206931023,0.05415684142167828,0.013213505079271291,0.04094333634240699,0.8893702099300234,49,0.17112731739534878,0.9380858009736103,0.9866711096301233
combo_Mercury_Uranus_Neptune,0.09081620276553967,0.016866364743786767,0.07394983802175291,0.7404198600466512,0.052458199082567596,0.014661780399490254,0.03779641868307734,0.8567144285238254,86,0.17378896082076725,0.9262952235294788,0.9866711096301233
combo_Mars_Moon,0.2340602138590986,0.000836386286934007,0.2332238275721646,0.38153948683772076,0.05224512082986092,0.0033028613554091945,0.04894225947445173,0.9316894368543819,140,0.0911049994705304,0.921438467879128,0.9866711096301233
combo_Jupiter_Pluto_Moon,0.18278551113440267,0.04983358627436137,0.1329519248600413,0.13262245918027324,0.05165837521338838,0.029519737270338593,0.02213863794304979,0.785071642785738,55,0.19439976586687868,0.8945510226749812,0.9866711096301233
combo_Jupiter_Saturn_Uranus,0.21389215695566943,0.0677888976093436,0.14610325934632584,0.20293235588137287,0.0494468352265022,0.015379383090297589,0.034067452136204615,0.8710429856714429,107,0.3170121671918497,0.8945510226749812,0.9866711096301233
combo_Mars_Saturn_Moon,0.1695970993336262,0.0026475045291113755,0.16694959480451482,0.5921359546817727,0.04804639425719205,0.007610087371206804,0.04043630688598525,0.8837054315228258,173,0.15078839318380297,0.9262952235294788,0.9866711096301233
combo_Venus_Saturn_Uranus,0.1906103939620364,0.014302433822992277,0.17630796013904412,0.21992669110296567,0.047283290826659365,0.0034732195416729444,0.04381007128498642,0.8833722092635788,194,0.14592364297112356,0.8945510226749812,0.9866711096301233
combo_Mercury_Jupiter_Moon,0.1717215229215583,0.058678961247684396,0.11304256167387389,0.22725758080639788,0.047215841268768356,0.023015305440206028,0.02420053582856233,0.8727090969676774,62,0.17969297413242588,0.8945510226749812,0.9866711096301233
combo_Jupiter_Uranus_Pluto,0.2025008091708533,0.05241435429129387,0.15008645487955943,0.4148617127624125,0.04082467431667938,0.023401588209118578,0.017423086107560805,0.9496834388537154,54,0.25329952402844347,0.921438467879128,0.9866711096301233
Uranus,0.13391837299082768,0.008242457160747299,0.12567591583008036,0.5584805064978341,0.03989239098117618,0.008623432306877503,0.03126895867429868,0.9173608797067644,142,0.17425038741999374,0.9262952235294788,0.9866711096301233
combo_Uranus_Neptune_Moon,0.10208531140306593,0.006505834130320589,0.09557947727274534,0.6271242919026991,0.034563686075812464,0.0028481576167609375,0.031715528459051526,0.9286904365211596,120,0.17828370144154057,0.9262952235294788,0.9866711096301233
combo_Jupiter_Saturn_Moon,0.16106388130921842,0.06634650803020875,0.09471737327900967,0.24191936021326224,0.03332823357381279,0.011906154530827955,0.021422079042984835,0.9123625458180606,96,0.18912933347783556,0.8945510226749812,0.9866711096301233
Saturn,0.143535538486592,0.004699955972129869,0.13883558251446212,0.5088303898700434,0.032521662531969885,0.0023377733701652674,0.030183889161804617,0.9340219926691103,229,0.21742175750162238,0.921438467879128,0.9866711096301233
combo_Jupiter_Neptune_Moon,0.1265081685136672,0.07007416205592974,0.056434006457737454,0.49050316561146284,0.029704540775902236,0.0074647672011076,0.022239773574794636,0.9220259913362212,120,0.21383225819852586,0.921438467879128,0.9866711096301233
combo_Jupiter_Uranus,0.2183928615431413,0.0987555863789032,0.1196372751642381,0.2585804731756081,0.027611126604675996,0.011128293242246535,0.016482833362429464,0.967677440853049,124,0.19601017375976718,0.8945510226749812,0.9866711096301233
Jupiter,0.24319118022147798,0.13349300132919972,0.10969817889227826,0.20626457847384205,0.026376568136463326,0.020342714381469684,0.006033853754993643,0.9510163278907031,104,0.2206503979226005,0.8945510226749812,0.9866711096301233
combo_Mars_Jupiter_Moon,0.07881668202937905,0.06967554149958444,0.009141140529794617,0.910696434521826,0.021661642342725426,0.01079026229529962,0.010871380047425806,0.9750083305564812,68,0.13913234648586933,0.9380858009736103,0.9866711096301233
combo_Saturn_Uranus_Moon,0.1290537118653305,0.009429674356066496,0.119624037509264,0.3762079306897701,0.01656528957095642,0.005906005062482606,0.010659284508473817,0.9750083305564812,234,0.1964592429440254,0.921438467879128,0.9866711096301233
combo_Saturn_Moon,0.0732094695297511,0.004315252921417902,0.0688942166083332,0.7317560813062313,0.01651108625659264,0.0021188995293543113,0.01439218672723833,0.9606797734088637,238,0.16955400281281763,0.9262952235294788,0.9866711096301233
combo_Jupiter_Uranus_Moon,0.1994032305806956,0.07525031154337918,0.12415291903731641,0.1616127957347551,0.015441564776034908,0.009833089660959759,0.005608475115075149,0.9820059980006665,154,0.2081725528303794,0.8945510226749812,0.9866711096301233
jupiter_moon,0.19490328364151976,0.08560007717842547,0.1093032064630943,0.05064978340553149,0.015105727052528696,0.01288948497031927,0.0022162420822094252,0.9703432189270244,97,0.16215453787963355,0.8945510226749812,0.9866711096301233
combo_Jupiter_Moon,0.19490328364151976,0.08560007717842547,0.1093032064630943,0.056981006331222925,0.015105727052528696,0.01288948497031927,0.0022162420822094252,0.9706764411862713,97,0.16215453787963355,0.8945510226749812,0.9866711096301233
Moon,0.039437775052597684,0.002558939637260639,0.03687883541533705,0.4865044985004998,0.01397154910788542,0.001151321889121195,0.012820227218764225,0.8077307564145285,17,0.03344002165318463,0.921438467879128,0.9866711096301233
combo_Uranus_Moon,0.08508217565876204,0.0055325283095895884,0.07954964734917246,0.5804731756081306,0.00869782530324027,0.0035266618233968,0.005171163479843471,0.9866711096301233,132,0.13162868594313226,0.9262952235294788,0.9866711096301233
