window_start,window_end,n_high_R,n_background,high_R_plv,background_plv,contrast,name
1991-01-01,1999-01-01,15,2907,0.9877358454135117,0.015331470105242218,0.9724043753082694,Venus_Mars
1992-01-01,2000-01-01,15,2907,0.9877358454135117,0.015331470105242218,0.9724043753082694,Venus_Mars
1993-01-01,2001-01-01,15,2907,0.9877358454135117,0.015331470105242218,0.9724043753082694,Venus_Mars
1994-01-01,2002-01-01,15,2907,0.9877358454135117,0.015331470105242218,0.9724043753082694,Venus_Mars
1995-01-01,2003-01-01,15,2907,0.9877358454135117,0.015331470105242218,0.9724043753082694,Venus_Mars
1996-01-01,2004-01-01,40,2882,0.828199579751823,0.014328780593239526,0.8138707991585835,Venus_Mars
1997-01-01,2005-01-01,40,2882,0.828199579751823,0.014328780593239526,0.8138707991585835,Venus_Mars
1998-01-01,2006-01-01,40,2882,0.828199579751823,0.014328780593239526,0.8138707991585835,Venus_Mars
1999-01-01,2007-01-01,25,2897,0.7345230937911951,0.015173507601453962,0.7193495861897411,Venus_Mars
2000-01-01,2008-01-01,25,2897,0.7345230937911951,0.015173507601453962,0.7193495861897411,Venus_Mars
2001-01-01,2009-01-01,61,2861,0.40084190219637034,0.01606132315387373,0.38478057904249663,Venus_Mars
2002-01-01,2010-01-01,97,2825,0.5721481013885906,0.014999243190229014,0.5571488581983616,Venus_Mars
2003-01-01,2011-01-01,123,2799,0.5620107384909979,0.01349820480033498,0.5485125336906629,Venus_Mars
2004-01-01,2012-01-01,193,2729,0.2886627618211849,0.013056867460216266,0.2756058943609686,Venus_Mars
2005-01-01,2013-01-01,193,2729,0.2886627618211849,0.013056867460216266,0.2756058943609686,Venus_Mars
2006-01-01,2014-01-01,193,2729,0.2886627618211849,0.013056867460216266,0.2756058943609686,Venus_Mars
2007-01-01,2015-01-01,241,2681,0.07192537090767892,0.015382744806345454,0.05654262610133347,Venus_Mars
2008-01-01,2016-01-01,298,2624,0.1701475612648337,0.01337191103528144,0.15677565022955228,Venus_Mars
2009-01-01,2017-01-01,358,2564,0.33907019266419147,0.009303734092866042,0.3297664585713254,Venus_Mars
2010-01-01,2018-01-01,377,2545,0.39424851177809933,0.009329305494435879,0.38491920628366344,Venus_Mars
2011-01-01,2019-01-01,422,2500,0.15487811874381413,0.013586646775503928,0.1412914719683102,Venus_Mars
2012-01-01,2020-01-01,349,2573,0.1574730598826706,0.013386139710770352,0.14408692017190025,Venus_Mars
2013-01-01,2021-01-01,402,2520,0.20246698831797127,0.012572085499262918,0.18989490281870836,Venus_Mars
2014-01-01,2022-01-01,411,2511,0.21616108195947972,0.012474412620129506,0.20368666933935023,Venus_Mars
2015-01-01,2023-01-01,441,2481,0.3405738466384146,0.009918915914102731,0.3306549307243119,Venus_Mars
2016-01-01,2024-01-01,423,2499,0.30222196054817535,0.01315500619336705,0.2890669543548083,Venus_Mars
2017-01-01,2025-01-01,372,2550,0.31738752627384803,0.01402715696233832,0.3033603693115097,Venus_Mars
2018-01-01,2026-01-01,340,2582,0.2953365641753246,0.016174564491412864,0.27916199968391175,Venus_Mars
2019-01-01,2027-01-01,269,2408,0.40022249003232746,0.012400236167492707,0.38782225386483477,Venus_Mars
2020-01-01,2028-01-01,247,2065,0.3987961911706454,0.013674346118803667,0.3851218450518417,Venus_Mars
2021-01-01,2029-01-01,194,1752,0.3532624957019822,0.014224585030146304,0.3390379106718359,Venus_Mars
2022-01-01,2030-01-01,185,1396,0.3240198816119433,0.014327488942763792,0.3096923926691795,Venus_Mars
2023-01-01,2031-01-01,107,1109,0.22119311777597425,0.015068817493419193,0.20612430028255507,Venus_Mars
2024-01-01,2032-01-01,68,783,0.5515303632514517,0.014171531642762388,0.5373588316086892,Venus_Mars
2025-01-01,2033-01-01,23,462,0.9463826793110928,0.01649724378107697,0.9298854355300158,Venus_Mars
1991-01-01,1999-01-01,15,2907,0.9452382962043956,0.03322077973896953,0.9120175164654261,Mercury_Venus_Mars
1992-01-01,2000-01-01,15,2907,0.9452382962043956,0.03322077973896953,0.9120175164654261,Mercury_Venus_Mars
1993-01-01,2001-01-01,15,2907,0.9452382962043956,0.03322077973896953,0.9120175164654261,Mercury_Venus_Mars
1994-01-01,2002-01-01,15,2907,0.9452382962043956,0.03322077973896953,0.9120175164654261,Mercury_Venus_Mars
1995-01-01,2003-01-01,15,2907,0.9452382962043956,0.03322077973896953,0.9120175164654261,Mercury_Venus_Mars
1996-01-01,2004-01-01,40,2882,0.7257206020674919,0.03219913931910046,0.6935214627483914,Mercury_Venus_Mars
1997-01-01,2005-01-01,40,2882,0.7257206020674919,0.03219913931910046,0.6935214627483914,Mercury_Venus_Mars
1998-01-01,2006-01-01,40,2882,0.7257206020674919,0.03219913931910046,0.6935214627483914,Mercury_Venus_Mars
1999-01-01,2007-01-01,25,2897,0.7186196456445004,0.03280055370691595,0.6858190919375845,Mercury_Venus_Mars
2000-01-01,2008-01-01,25,2897,0.7186196456445004,0.03280055370691595,0.6858190919375845,Mercury_Venus_Mars
2001-01-01,2009-01-01,61,2861,0.28075977011650444,0.03468878627789539,0.24607098383860904,Mercury_Venus_Mars
2002-01-01,2010-01-01,97,2825,0.3765368862933624,0.03338188158835014,0.34315500470501226,Mercury_Venus_Mars
2003-01-01,2011-01-01,123,2799,0.32166955861825625,0.032113098026765874,0.28955646059149037,Mercury_Venus_Mars
2004-01-01,2012-01-01,193,2729,0.3194081313063358,0.030556901830513752,0.28885122947582204,Mercury_Venus_Mars
2005-01-01,2013-01-01,193,2729,0.3194081313063358,0.030556901830513752,0.28885122947582204,Mercury_Venus_Mars
2006-01-01,2014-01-01,193,2729,0.3194081313063358,0.030556901830513752,0.28885122947582204,Mercury_Venus_Mars
2007-01-01,2015-01-01,241,2681,0.14057590293298589,0.03270407930042375,0.10787182363256213,Mercury_Venus_Mars
2008-01-01,2016-01-01,298,2624,0.24005516538707733,0.03006557159540626,0.20998959379167106,Mercury_Venus_Mars
2009-01-01,2017-01-01,358,2564,0.33381789981387394,0.027306022656349703,0.30651187715752426,Mercury_Venus_Mars
2010-01-01,2018-01-01,377,2545,0.3257601419491867,0.027145771765083763,0.2986143701841029,Mercury_Venus_Mars
2011-01-01,2019-01-01,422,2500,0.11014236508382216,0.03221481643935637,0.0779275486444658,Mercury_Venus_Mars
2012-01-01,2020-01-01,349,2573,0.19504840259528866,0.033792073009772106,0.16125632958551656,Mercury_Venus_Mars
2013-01-01,2021-01-01,402,2520,0.19287781153112402,0.032006838004923155,0.16087097352620086,Mercury_Venus_Mars
2014-01-01,2022-01-01,411,2511,0.20780170438879506,0.032012693298167125,0.17578901109062794,Mercury_Venus_Mars
2015-01-01,2023-01-01,441,2481,0.31048722639359266,0.030740392387131648,0.279746834006461,Mercury_Venus_Mars
2016-01-01,2024-01-01,423,2499,0.2548080346566424,0.03384045854756013,0.2209675761090823,Mercury_Venus_Mars
2017-01-01,2025-01-01,372,2550,0.24687675651524313,0.03206179595368866,0.21481496056155447,Mercury_Venus_Mars
2018-01-01,2026-01-01,340,2582,0.21087579941570533,0.03393999473228733,0.17693580468341802,Mercury_Venus_Mars
2019-01-01,2027-01-01,269,2408,0.3165983406047068,0.029988729448003126,0.2866096111567037,Mercury_Venus_Mars
2020-01-01,2028-01-01,247,2065,0.2611650820912636,0.031181921792256206,0.2299831602990074,Mercury_Venus_Mars
2021-01-01,2029-01-01,194,1752,0.24153442687494972,0.03294955627244472,0.208584870602505,Mercury_Venus_Mars
2022-01-01,2030-01-01,185,1396,0.20905245622502416,0.032975442969204696,0.17607701325581948,Mercury_Venus_Mars
2023-01-01,2031-01-01,107,1109,0.23326210825382723,0.0325302844911528,0.20073182376267443,Mercury_Venus_Mars
2024-01-01,2032-01-01,68,783,0.5751453051581049,0.03193152735544013,0.5432137778026648,Mercury_Venus_Mars
2025-01-01,2033-01-01,23,462,0.9011536278648783,0.034254578530122225,0.866899049334756,Mercury_Venus_Mars
1991-01-01,1999-01-01,15,2907,0.9841580053763995,0.01718906300542491,0.9669689423709746,Venus_Mars_Jupiter
1992-01-01,2000-01-01,15,2907,0.9841580053763995,0.01718906300542491,0.9669689423709746,Venus_Mars_Jupiter
1993-01-01,2001-01-01,15,2907,0.9841580053763995,0.01718906300542491,0.9669689423709746,Venus_Mars_Jupiter
1994-01-01,2002-01-01,15,2907,0.9841580053763995,0.01718906300542491,0.9669689423709746,Venus_Mars_Jupiter
1995-01-01,2003-01-01,15,2907,0.9841580053763995,0.01718906300542491,0.9669689423709746,Venus_Mars_Jupiter
1996-01-01,2004-01-01,40,2882,0.9106168147491032,0.0161570589408379,0.8944597558082653,Venus_Mars_Jupiter
1997-01-01,2005-01-01,40,2882,0.9106168147491032,0.0161570589408379,0.8944597558082653,Venus_Mars_Jupiter
1998-01-01,2006-01-01,40,2882,0.9106168147491032,0.0161570589408379,0.8944597558082653,Venus_Mars_Jupiter
1999-01-01,2007-01-01,25,2897,0.9920743228950268,0.017031304822660152,0.9750430180723667,Venus_Mars_Jupiter
2000-01-01,2008-01-01,25,2897,0.9920743228950268,0.017031304822660152,0.9750430180723667,Venus_Mars_Jupiter
2001-01-01,2009-01-01,61,2861,0.9678695774160345,0.016626613813794502,0.95124296360224,Venus_Mars_Jupiter
2002-01-01,2010-01-01,97,2825,0.9403746769180752,0.01501967720455708,0.9253549997135181,Venus_Mars_Jupiter
2003-01-01,2011-01-01,123,2799,0.824719192157683,0.013499223121870053,0.811219969035813,Venus_Mars_Jupiter
2004-01-01,2012-01-01,193,2729,0.2590066150305613,0.01523298547523549,0.24377362955532583,Venus_Mars_Jupiter
2005-01-01,2013-01-01,193,2729,0.2590066150305613,0.01523298547523549,0.24377362955532583,Venus_Mars_Jupiter
2006-01-01,2014-01-01,193,2729,0.2590066150305613,0.01523298547523549,0.24377362955532583,Venus_Mars_Jupiter
2007-01-01,2015-01-01,241,2681,0.14661115074150702,0.017017817349677177,0.12959333339182985,Venus_Mars_Jupiter
2008-01-01,2016-01-01,298,2624,0.24460454166723214,0.014005668789439957,0.23059887287779218,Venus_Mars_Jupiter
2009-01-01,2017-01-01,358,2564,0.4084355701864332,0.010911721822746629,0.39752384836368654,Venus_Mars_Jupiter
2010-01-01,2018-01-01,377,2545,0.3725381800519204,0.013886649711730554,0.3586515303401899,Venus_Mars_Jupiter
2011-01-01,2019-01-01,422,2500,0.18875330357878395,0.01522162113138664,0.1735316824473973,Venus_Mars_Jupiter
2012-01-01,2020-01-01,349,2573,0.2451088326482748,0.01373761789919976,0.23137121474907504,Venus_Mars_Jupiter
2013-01-01,2021-01-01,402,2520,0.24590816423592912,0.01351689796696431,0.2323912662689648,Venus_Mars_Jupiter
2014-01-01,2022-01-01,411,2511,0.26179543293798735,0.013093200761416127,0.24870223217657123,Venus_Mars_Jupiter
2015-01-01,2023-01-01,441,2481,0.354350537395555,0.011226238967740382,0.3431242984278146,Venus_Mars_Jupiter
2016-01-01,2024-01-01,423,2499,0.26964738092017515,0.012148899441287423,0.2574984814788877,Venus_Mars_Jupiter
2017-01-01,2025-01-01,372,2550,0.20329123382621841,0.013873165116971587,0.18941806870924682,Venus_Mars_Jupiter
2018-01-01,2026-01-01,340,2582,0.19427277904859022,0.014390102955287632,0.17988267609330258,Venus_Mars_Jupiter
2019-01-01,2027-01-01,269,2408,0.33679647902374504,0.013594280397119877,0.3232021986266252,Venus_Mars_Jupiter
2020-01-01,2028-01-01,247,2065,0.3268555228245654,0.013592803912440141,0.31326271891212526,Venus_Mars_Jupiter
2021-01-01,2029-01-01,194,1752,0.36738951576104745,0.013942941341524307,0.35344657441952315,Venus_Mars_Jupiter
2022-01-01,2030-01-01,185,1396,0.3413638120260783,0.014421994568579437,0.32694181745749884,Venus_Mars_Jupiter
2023-01-01,2031-01-01,107,1109,0.45824173186546924,0.015218020744562247,0.443023711120907,Venus_Mars_Jupiter
2024-01-01,2032-01-01,68,783,0.5757832161384453,0.01650669147787694,0.5592765246605683,Venus_Mars_Jupiter
2025-01-01,2033-01-01,23,462,0.9467491452213428,0.018860263347842472,0.9278888818735003,Venus_Mars_Jupiter
1991-01-01,1999-01-01,15,2907,0.9828306108164845,0.009302573877026215,0.9735280369394582,Jupiter_Saturn
1992-01-01,2000-01-01,15,2907,0.9828306108164845,0.009302573877026215,0.9735280369394582,Jupiter_Saturn
1993-01-01,2001-01-01,15,2907,0.9828306108164845,0.009302573877026215,0.9735280369394582,Jupiter_Saturn
1994-01-01,2002-01-01,15,2907,0.9828306108164845,0.009302573877026215,0.9735280369394582,Jupiter_Saturn
1995-01-01,2003-01-01,15,2907,0.9828306108164845,0.009302573877026215,0.9735280369394582,Jupiter_Saturn
1996-01-01,2004-01-01,40,2882,0.9686152073566481,0.007959240600866262,0.9606559667557818,Jupiter_Saturn
1997-01-01,2005-01-01,40,2882,0.9686152073566481,0.007959240600866262,0.9606559667557818,Jupiter_Saturn
1998-01-01,2006-01-01,40,2882,0.9686152073566481,0.007959240600866262,0.9606559667557818,Jupiter_Saturn
1999-01-01,2007-01-01,25,2897,0.9602763622270907,0.008771342103582321,0.9515050201235083,Jupiter_Saturn
2000-01-01,2008-01-01,25,2897,0.9602763622270907,0.008771342103582321,0.9515050201235083,Jupiter_Saturn
2001-01-01,2009-01-01,61,2861,0.14791281153759586,0.010465242370685319,0.13744756916691053,Jupiter_Saturn
2002-01-01,2010-01-01,97,2825,0.38321438745207237,0.010614936902540612,0.37259945054953175,Jupiter_Saturn
2003-01-01,2011-01-01,123,2799,0.39798148264274574,0.009418091859227496,0.38856339078351826,Jupiter_Saturn
2004-01-01,2012-01-01,193,2729,0.25510073373079073,0.007319085330256818,0.2477816484005339,Jupiter_Saturn
2005-01-01,2013-01-01,193,2729,0.25510073373079073,0.007319085330256818,0.2477816484005339,Jupiter_Saturn
2006-01-01,2014-01-01,193,2729,0.25510073373079073,0.007319085330256818,0.2477816484005339,Jupiter_Saturn
2007-01-01,2015-01-01,241,2681,0.3336965462546776,0.005438757738503176,0.32825778851617443,Jupiter_Saturn
2008-01-01,2016-01-01,298,2624,0.34239726067921833,0.004351586988189747,0.33804567369102856,Jupiter_Saturn
2009-01-01,2017-01-01,358,2564,0.34427382904457804,0.00326945604925456,0.3410043729953235,Jupiter_Saturn
2010-01-01,2018-01-01,377,2545,0.33450861651336256,0.006219873759611119,0.3282887427537514,Jupiter_Saturn
2011-01-01,2019-01-01,422,2500,0.2658831211020442,0.0077095039665285355,0.2581736171355157,Jupiter_Saturn
2012-01-01,2020-01-01,349,2573,0.09618024836095757,0.010306114507111283,0.08587413385384628,Jupiter_Saturn
2013-01-01,2021-01-01,402,2520,0.08373429445635026,0.011691759730644916,0.07204253472570535,Jupiter_Saturn
2014-01-01,2022-01-01,411,2511,0.10359736766885679,0.012083240996712832,0.09151412667214395,Jupiter_Saturn
2015-01-01,2023-01-01,441,2481,0.26280600035328255,0.016558805066080665,0.2462471952872019,Jupiter_Saturn
2016-01-01,2024-01-01,423,2499,0.26751109596301337,0.016644026299357573,0.2508670696636558,Jupiter_Saturn
2017-01-01,2025-01-01,372,2550,0.15975651170132482,0.014015621354154463,0.14574089034717036,Jupiter_Saturn
2018-01-01,2026-01-01,340,2582,0.19985775678608467,0.014249022122224104,0.18560873466386058,Jupiter_Saturn
2019-01-01,2027-01-01,269,2408,0.24199065581093618,0.013995843431804253,0.22799481237913194,Jupiter_Saturn
2020-01-01,2028-01-01,247,2065,0.18791862657445688,0.012776336340788013,0.17514229023366887,Jupiter_Saturn
2021-01-01,2029-01-01,194,1752,0.12761798062379653,0.011290046017401183,0.11632793460639534,Jupiter_Saturn
2022-01-01,2030-01-01,185,1396,0.15288555279633947,0.011028350083158079,0.1418572027131814,Jupiter_Saturn
2023-01-01,2031-01-01,107,1109,0.48495469104672284,0.009281021193836326,0.4756736698528865,Jupiter_Saturn
2024-01-01,2032-01-01,68,783,0.3978313114764544,0.009895962988898018,0.3879353484875564,Jupiter_Saturn
2025-01-01,2033-01-01,23,462,0.9259300890458463,0.01139431742530307,0.9145357716205432,Jupiter_Saturn
1991-01-01,1999-01-01,15,2907,0.9764207763296803,0.012799205159152085,0.9636215711705282,Jupiter_Saturn_Uranus_Neptune
1992-01-01,2000-01-01,15,2907,0.9764207763296803,0.012799205159152085,0.9636215711705282,Jupiter_Saturn_Uranus_Neptune
1993-01-01,2001-01-01,15,2907,0.9764207763296803,0.012799205159152085,0.9636215711705282,Jupiter_Saturn_Uranus_Neptune
1994-01-01,2002-01-01,15,2907,0.9764207763296803,0.012799205159152085,0.9636215711705282,Jupiter_Saturn_Uranus_Neptune
1995-01-01,2003-01-01,15,2907,0.9764207763296803,0.012799205159152085,0.9636215711705282,Jupiter_Saturn_Uranus_Neptune
1996-01-01,2004-01-01,40,2882,0.6122675098425806,0.012334841023743175,0.5999326688188374,Jupiter_Saturn_Uranus_Neptune
1997-01-01,2005-01-01,40,2882,0.6122675098425806,0.012334841023743175,0.5999326688188374,Jupiter_Saturn_Uranus_Neptune
1998-01-01,2006-01-01,40,2882,0.6122675098425806,0.012334841023743175,0.5999326688188374,Jupiter_Saturn_Uranus_Neptune
1999-01-01,2007-01-01,25,2897,0.9031064359904628,0.013103848963156622,0.8900025870273062,Jupiter_Saturn_Uranus_Neptune
2000-01-01,2008-01-01,25,2897,0.9031064359904628,0.013103848963156622,0.8900025870273062,Jupiter_Saturn_Uranus_Neptune
2001-01-01,2009-01-01,61,2861,0.1275113548251149,0.014029663625463842,0.11348169119965104,Jupiter_Saturn_Uranus_Neptune
2002-01-01,2010-01-01,97,2825,0.32290075753626213,0.01492937379787775,0.3079713837383844,Jupiter_Saturn_Uranus_Neptune
2003-01-01,2011-01-01,123,2799,0.25574937252721797,0.013666482642724987,0.24208288988449297,Jupiter_Saturn_Uranus_Neptune
2004-01-01,2012-01-01,193,2729,0.2639937284527775,0.01236422956722778,0.25162949888554975,Jupiter_Saturn_Uranus_Neptune
2005-01-01,2013-01-01,193,2729,0.2639937284527775,0.01236422956722778,0.25162949888554975,Jupiter_Saturn_Uranus_Neptune
2006-01-01,2014-01-01,193,2729,0.2639937284527775,0.01236422956722778,0.25162949888554975,Jupiter_Saturn_Uranus_Neptune
2007-01-01,2015-01-01,241,2681,0.28860511263822874,0.010490965250783751,0.278114147387445,Jupiter_Saturn_Uranus_Neptune
2008-01-01,2016-01-01,298,2624,0.16076057831275653,0.012292899175214485,0.14846767913754205,Jupiter_Saturn_Uranus_Neptune
2009-01-01,2017-01-01,358,2564,0.14113070492351687,0.012359365061166916,0.12877133986234995,Jupiter_Saturn_Uranus_Neptune
2010-01-01,2018-01-01,377,2545,0.13921606191396094,0.012572385855566486,0.12664367605839444,Jupiter_Saturn_Uranus_Neptune
2011-01-01,2019-01-01,422,2500,0.15920165195131664,0.01565395574787281,0.14354769620344382,Jupiter_Saturn_Uranus_Neptune
2012-01-01,2020-01-01,349,2573,0.18913565302791735,0.017519546496042038,0.1716161065318753,Jupiter_Saturn_Uranus_Neptune
2013-01-01,2021-01-01,402,2520,0.1997767678209938,0.018723530368654977,0.1810532374523388,Jupiter_Saturn_Uranus_Neptune
2014-01-01,2022-01-01,411,2511,0.19773183788470747,0.018684663809060354,0.1790471740756471,Jupiter_Saturn_Uranus_Neptune
2015-01-01,2023-01-01,441,2481,0.3097397776068435,0.02160373727772027,0.28813604032912327,Jupiter_Saturn_Uranus_Neptune
2016-01-01,2024-01-01,423,2499,0.32830483872450356,0.02122545998255069,0.30707937874195285,Jupiter_Saturn_Uranus_Neptune
2017-01-01,2025-01-01,372,2550,0.23145498917231497,0.018896902174114938,0.21255808699820003,Jupiter_Saturn_Uranus_Neptune
2018-01-01,2026-01-01,340,2582,0.2998532121424197,0.019374556620495725,0.28047865552192397,Jupiter_Saturn_Uranus_Neptune
2019-01-01,2027-01-01,269,2408,0.28379703748242374,0.01773830843184046,0.26605872905058325,Jupiter_Saturn_Uranus_Neptune
2020-01-01,2028-01-01,247,2065,0.25118009498618016,0.017268027376028217,0.23391206761015193,Jupiter_Saturn_Uranus_Neptune
2021-01-01,2029-01-01,194,1752,0.2731299168101584,0.016111293422010294,0.2570186233881481,Jupiter_Saturn_Uranus_Neptune
2022-01-01,2030-01-01,185,1396,0.26083944374955476,0.016120900808928727,0.24471854294062603,Jupiter_Saturn_Uranus_Neptune
2023-01-01,2031-01-01,107,1109,0.28357381927682324,0.015361610080721212,0.268212209196102,Jupiter_Saturn_Uranus_Neptune
2024-01-01,2032-01-01,68,783,0.4381842791298178,0.014251896187647687,0.4239323829421701,Jupiter_Saturn_Uranus_Neptune
2025-01-01,2033-01-01,23,462,0.9191565382600495,0.014790584919253787,0.9043659533407957,Jupiter_Saturn_Uranus_Neptune
1991-01-01,1999-01-01,15,2907,0.9664611147347321,0.008833305781853578,0.9576278089528785,Jupiter_Uranus_Neptune
1992-01-01,2000-01-01,15,2907,0.9664611147347321,0.008833305781853578,0.9576278089528785,Jupiter_Uranus_Neptune
1993-01-01,2001-01-01,15,2907,0.9664611147347321,0.008833305781853578,0.9576278089528785,Jupiter_Uranus_Neptune
1994-01-01,2002-01-01,15,2907,0.9664611147347321,0.008833305781853578,0.9576278089528785,Jupiter_Uranus_Neptune
1995-01-01,2003-01-01,15,2907,0.9664611147347321,0.008833305781853578,0.9576278089528785,Jupiter_Uranus_Neptune
1996-01-01,2004-01-01,40,2882,0.36771752830006105,0.009176622697973027,0.358540905602088,Jupiter_Uranus_Neptune
1997-01-01,2005-01-01,40,2882,0.36771752830006105,0.009176622697973027,0.358540905602088,Jupiter_Uranus_Neptune
1998-01-01,2006-01-01,40,2882,0.36771752830006105,0.009176622697973027,0.358540905602088,Jupiter_Uranus_Neptune
1999-01-01,2007-01-01,25,2897,0.8779357183177293,0.009934826226093565,0.8680008920916358,Jupiter_Uranus_Neptune
2000-01-01,2008-01-01,25,2897,0.8779357183177293,0.009934826226093565,0.8680008920916358,Jupiter_Uranus_Neptune
2001-01-01,2009-01-01,61,2861,0.08577142281761113,0.009396146209267096,0.07637527660834403,Jupiter_Uranus_Neptune
2002-01-01,2010-01-01,97,2825,0.23609743687371795,0.010926183943582125,0.22517125293013582,Jupiter_Uranus_Neptune
2003-01-01,2011-01-01,123,2799,0.22411114375871097,0.010263230556757354,0.21384791320195362,Jupiter_Uranus_Neptune
2004-01-01,2012-01-01,193,2729,0.26305148556213875,0.006963123101526097,0.2560883624606127,Jupiter_Uranus_Neptune
2005-01-01,2013-01-01,193,2729,0.26305148556213875,0.006963123101526097,0.2560883624606127,Jupiter_Uranus_Neptune
2006-01-01,2014-01-01,193,2729,0.26305148556213875,0.006963123101526097,0.2560883624606127,Jupiter_Uranus_Neptune
2007-01-01,2015-01-01,241,2681,0.29897384937540483,0.0052844727200671415,0.2936893766553377,Jupiter_Uranus_Neptune
2008-01-01,2016-01-01,298,2624,0.16121492087146597,0.007505070235946737,0.15370985063551923,Jupiter_Uranus_Neptune
2009-01-01,2017-01-01,358,2564,0.14625919631928083,0.007381322136308702,0.13887787418297212,Jupiter_Uranus_Neptune
2010-01-01,2018-01-01,377,2545,0.13261438519162222,0.007696282061439929,0.12491810313018228,Jupiter_Uranus_Neptune
2011-01-01,2019-01-01,422,2500,0.1516746124750147,0.009953577332792249,0.14172103514222245,Jupiter_Uranus_Neptune
2012-01-01,2020-01-01,349,2573,0.09434118755915669,0.0112373429393928,0.08310384461976389,Jupiter_Uranus_Neptune
2013-01-01,2021-01-01,402,2520,0.10444131513877665,0.012349430908363972,0.09209188423041267,Jupiter_Uranus_Neptune
2014-01-01,2022-01-01,411,2511,0.08292926174548867,0.011854455743315886,0.0710748060021728,Jupiter_Uranus_Neptune
2015-01-01,2023-01-01,441,2481,0.1323870201642301,0.012214299099463689,0.12017272106476641,Jupiter_Uranus_Neptune
2016-01-01,2024-01-01,423,2499,0.108476374357011,0.00940863582744677,0.09906773852956424,Jupiter_Uranus_Neptune
2017-01-01,2025-01-01,372,2550,0.05563151938656559,0.010597781852933818,0.04503373753363177,Jupiter_Uranus_Neptune
2018-01-01,2026-01-01,340,2582,0.033489398347495744,0.009448801062580411,0.02404059728491533,Jupiter_Uranus_Neptune
2019-01-01,2027-01-01,269,2408,0.07224160573926593,0.00849611974633392,0.063745485992932,Jupiter_Uranus_Neptune
2020-01-01,2028-01-01,247,2065,0.055520529972817576,0.009546912656324742,0.04597361731649283,Jupiter_Uranus_Neptune
2021-01-01,2029-01-01,194,1752,0.216531770342334,0.008610312571353371,0.20792145777098064,Jupiter_Uranus_Neptune
2022-01-01,2030-01-01,185,1396,0.19002859452937787,0.009038685465586093,0.18098990906379178,Jupiter_Uranus_Neptune
2023-01-01,2031-01-01,107,1109,0.13481558245357736,0.010375855955588048,0.12443972649798932,Jupiter_Uranus_Neptune
2024-01-01,2032-01-01,68,783,0.4308954445502672,0.01116302940531382,0.41973241514495335,Jupiter_Uranus_Neptune
2025-01-01,2033-01-01,23,462,0.9276695132230753,0.010293212234996957,0.9173763009880784,Jupiter_Uranus_Neptune
1991-01-01,1999-01-01,15,2907,0.97964839666233,0.03711319325510419,0.9425352034072257,Jupiter_Saturn_Uranus_Pluto
1992-01-01,2000-01-01,15,2907,0.97964839666233,0.03711319325510419,0.9425352034072257,Jupiter_Saturn_Uranus_Pluto
1993-01-01,2001-01-01,15,2907,0.97964839666233,0.03711319325510419,0.9425352034072257,Jupiter_Saturn_Uranus_Pluto
1994-01-01,2002-01-01,15,2907,0.97964839666233,0.03711319325510419,0.9425352034072257,Jupiter_Saturn_Uranus_Pluto
1995-01-01,2003-01-01,15,2907,0.97964839666233,0.03711319325510419,0.9425352034072257,Jupiter_Saturn_Uranus_Pluto
1996-01-01,2004-01-01,40,2882,0.9575798618361815,0.036680043615493194,0.9208998182206883,Jupiter_Saturn_Uranus_Pluto
1997-01-01,2005-01-01,40,2882,0.9575798618361815,0.036680043615493194,0.9208998182206883,Jupiter_Saturn_Uranus_Pluto
1998-01-01,2006-01-01,40,2882,0.9575798618361815,0.036680043615493194,0.9208998182206883,Jupiter_Saturn_Uranus_Pluto
1999-01-01,2007-01-01,25,2897,0.9446255320895497,0.03691204541349609,0.9077134866760536,Jupiter_Saturn_Uranus_Pluto
2000-01-01,2008-01-01,25,2897,0.9446255320895497,0.03691204541349609,0.9077134866760536,Jupiter_Saturn_Uranus_Pluto
2001-01-01,2009-01-01,61,2861,0.24285743298406579,0.03836360359715539,0.2044938293869104,Jupiter_Saturn_Uranus_Pluto
2002-01-01,2010-01-01,97,2825,0.4447886697939259,0.03980799893525843,0.40498067085866746,Jupiter_Saturn_Uranus_Pluto
2003-01-01,2011-01-01,123,2799,0.36904792826932553,0.038929457745104264,0.3301184705242213,Jupiter_Saturn_Uranus_Pluto
2004-01-01,2012-01-01,193,2729,0.22037862156202478,0.03538128145091157,0.1849973401111132,Jupiter_Saturn_Uranus_Pluto
2005-01-01,2013-01-01,193,2729,0.22037862156202478,0.03538128145091157,0.1849973401111132,Jupiter_Saturn_Uranus_Pluto
2006-01-01,2014-01-01,193,2729,0.22037862156202478,0.03538128145091157,0.1849973401111132,Jupiter_Saturn_Uranus_Pluto
2007-01-01,2015-01-01,241,2681,0.27239163052433707,0.03530907844793666,0.23708255207640042,Jupiter_Saturn_Uranus_Pluto
2008-01-01,2016-01-01,298,2624,0.26650810551512,0.035549819238756136,0.23095828627636386,Jupiter_Saturn_Uranus_Pluto
2009-01-01,2017-01-01,358,2564,0.28795367222463875,0.03347148166447293,0.2544821905601658,Jupiter_Saturn_Uranus_Pluto
2010-01-01,2018-01-01,377,2545,0.33098566788548966,0.03074668583597415,0.3002389820495155,Jupiter_Saturn_Uranus_Pluto
2011-01-01,2019-01-01,422,2500,0.24993159232328468,0.03184305314684052,0.21808853917644416,Jupiter_Saturn_Uranus_Pluto
2012-01-01,2020-01-01,349,2573,0.0629501775885654,0.03686417483558409,0.026086002752981313,Jupiter_Saturn_Uranus_Pluto
2013-01-01,2021-01-01,402,2520,0.040869093599120714,0.038575301083092484,0.00229379251602823,Jupiter_Saturn_Uranus_Pluto
2014-01-01,2022-01-01,411,2511,0.05746722964251739,0.03833564141314982,0.01913158822936757,Jupiter_Saturn_Uranus_Pluto
2015-01-01,2023-01-01,441,2481,0.23288769692786845,0.03773539922353268,0.1951522977043358,Jupiter_Saturn_Uranus_Pluto
2016-01-01,2024-01-01,423,2499,0.3478250229782744,0.03662826539892694,0.31119675757934745,Jupiter_Saturn_Uranus_Pluto
2017-01-01,2025-01-01,372,2550,0.2545455194584991,0.03731249125678463,0.2172330282017145,Jupiter_Saturn_Uranus_Pluto
2018-01-01,2026-01-01,340,2582,0.26450832761554455,0.03903575092565918,0.22547257668988535,Jupiter_Saturn_Uranus_Pluto
2019-01-01,2027-01-01,269,2408,0.31783798319213113,0.0387961301306426,0.27904185306148854,Jupiter_Saturn_Uranus_Pluto
2020-01-01,2028-01-01,247,2065,0.2959030452031318,0.03773135286553205,0.2581716923375998,Jupiter_Saturn_Uranus_Pluto
2021-01-01,2029-01-01,194,1752,0.36230112544293175,0.03598668766134919,0.32631443778158253,Jupiter_Saturn_Uranus_Pluto
2022-01-01,2030-01-01,185,1396,0.33155305412783137,0.03619213539621237,0.295360918731619,Jupiter_Saturn_Uranus_Pluto
2023-01-01,2031-01-01,107,1109,0.11192872191894981,0.03730060197331447,0.07462811994563534,Jupiter_Saturn_Uranus_Pluto
2024-01-01,2032-01-01,68,783,0.33627102922781765,0.03875061994045605,0.2975204092873616,Jupiter_Saturn_Uranus_Pluto
2025-01-01,2033-01-01,23,462,0.9214209679112663,0.038065149128249015,0.8833558187830173,Jupiter_Saturn_Uranus_Pluto
1991-01-01,1999-01-01,15,2907,0.9841002431623619,0.016820578293027806,0.967279664869334,Venus_Jupiter
1992-01-01,2000-01-01,15,2907,0.9841002431623619,0.016820578293027806,0.967279664869334,Venus_Jupiter
1993-01-01,2001-01-01,15,2907,0.9841002431623619,0.016820578293027806,0.967279664869334,Venus_Jupiter
1994-01-01,2002-01-01,15,2907,0.9841002431623619,0.016820578293027806,0.967279664869334,Venus_Jupiter
1995-01-01,2003-01-01,15,2907,0.9841002431623619,0.016820578293027806,0.967279664869334,Venus_Jupiter
1996-01-01,2004-01-01,40,2882,0.9723832775086705,0.01580435073660454,0.9565789267720659,Venus_Jupiter
1997-01-01,2005-01-01,40,2882,0.9723832775086705,0.01580435073660454,0.9565789267720659,Venus_Jupiter
1998-01-01,2006-01-01,40,2882,0.9723832775086705,0.01580435073660454,0.9565789267720659,Venus_Jupiter
1999-01-01,2007-01-01,25,2897,0.9701994447806759,0.01630746304426278,0.9538919817364131,Venus_Jupiter
2000-01-01,2008-01-01,25,2897,0.9701994447806759,0.01630746304426278,0.9538919817364131,Venus_Jupiter
2001-01-01,2009-01-01,61,2861,0.7377096024321811,0.014738294423723897,0.7229713080084572,Venus_Jupiter
2002-01-01,2010-01-01,97,2825,0.48224832309556415,0.015629963386325083,0.46661835970923904,Venus_Jupiter
2003-01-01,2011-01-01,123,2799,0.21636386812709074,0.01700306329956963,0.1993608048275211,Venus_Jupiter
2004-01-01,2012-01-01,193,2729,0.056389603039154454,0.017287055177764465,0.03910254786138999,Venus_Jupiter
2005-01-01,2013-01-01,193,2729,0.056389603039154454,0.017287055177764465,0.03910254786138999,Venus_Jupiter
2006-01-01,2014-01-01,193,2729,0.056389603039154454,0.017287055177764465,0.03910254786138999,Venus_Jupiter
2007-01-01,2015-01-01,241,2681,0.20226578117734326,0.01882106329982795,0.18344471787751532,Venus_Jupiter
2008-01-01,2016-01-01,298,2624,0.11673204028665461,0.018666570927091834,0.09806546935956278,Venus_Jupiter
2009-01-01,2017-01-01,358,2564,0.07056199821950714,0.016431479659876524,0.05413051855963061,Venus_Jupiter
2010-01-01,2018-01-01,377,2545,0.10654346802090174,0.01698851421135961,0.08955495380954213,Venus_Jupiter
2011-01-01,2019-01-01,422,2500,0.0548103449179406,0.01658878957851913,0.03822155533942147,Venus_Jupiter
2012-01-01,2020-01-01,349,2573,0.0929648781603237,0.017560753555410948,0.07540412460491275,Venus_Jupiter
2013-01-01,2021-01-01,402,2520,0.1639356209324824,0.017432313358452446,0.14650330757402996,Venus_Jupiter
2014-01-01,2022-01-01,411,2511,0.17853935292694548,0.017153424330577503,0.16138592859636797,Venus_Jupiter
2015-01-01,2023-01-01,441,2481,0.24465811081114516,0.01639692347313366,0.2282611873380115,Venus_Jupiter
2016-01-01,2024-01-01,423,2499,0.18453308736206242,0.01552975507608368,0.16900333228597875,Venus_Jupiter
2017-01-01,2025-01-01,372,2550,0.00796902009324199,0.017646228108209507,-0.009677208014967516,Venus_Jupiter
2018-01-01,2026-01-01,340,2582,0.04793634043422256,0.016730813123308003,0.031205527310914558,Venus_Jupiter
2019-01-01,2027-01-01,269,2408,0.14612304971966159,0.015576858441063888,0.1305461912785977,Venus_Jupiter
2020-01-01,2028-01-01,247,2065,0.1460886450482839,0.015426569700673845,0.13066207534761004,Venus_Jupiter
2021-01-01,2029-01-01,194,1752,0.22498206858773964,0.01603757921248703,0.20894448937525262,Venus_Jupiter
2022-01-01,2030-01-01,185,1396,0.24494535805791312,0.01646304389044173,0.2284823141674714,Venus_Jupiter
2023-01-01,2031-01-01,107,1109,0.3522164119050674,0.01643113364338713,0.3357852782616803,Venus_Jupiter
2024-01-01,2032-01-01,68,783,0.27165723906252326,0.01656163420891944,0.25509560485360383,Venus_Jupiter
2025-01-01,2033-01-01,23,462,0.9441829351073716,0.017693000089002795,0.9264899350183688,Venus_Jupiter
1991-01-01,1999-01-01,15,2907,0.9866493600224467,0.024666018662095283,0.9619833413603515,Mars_Jupiter
1992-01-01,2000-01-01,15,2907,0.9866493600224467,0.024666018662095283,0.9619833413603515,Mars_Jupiter
1993-01-01,2001-01-01,15,2907,0.9866493600224467,0.024666018662095283,0.9619833413603515,Mars_Jupiter
1994-01-01,2002-01-01,15,2907,0.9866493600224467,0.024666018662095283,0.9619833413603515,Mars_Jupiter
1995-01-01,2003-01-01,15,2907,0.9866493600224467,0.024666018662095283,0.9619833413603515,Mars_Jupiter
1996-01-01,2004-01-01,40,2882,0.8988423091030748,0.02576360517693604,0.8730787039261388,Mars_Jupiter
1997-01-01,2005-01-01,40,2882,0.8988423091030748,0.02576360517693604,0.8730787039261388,Mars_Jupiter
1998-01-01,2006-01-01,40,2882,0.8988423091030748,0.02576360517693604,0.8730787039261388,Mars_Jupiter
1999-01-01,2007-01-01,25,2897,0.9210448159436094,0.02484974632441464,0.8961950696191948,Mars_Jupiter
2000-01-01,2008-01-01,25,2897,0.9210448159436094,0.02484974632441464,0.8961950696191948,Mars_Jupiter
2001-01-01,2009-01-01,61,2861,0.7823622680377416,0.026438283782347333,0.7559239842553942,Mars_Jupiter
2002-01-01,2010-01-01,97,2825,0.43540536310946104,0.026446571189556383,0.40895879191990464,Mars_Jupiter
2003-01-01,2011-01-01,123,2799,0.3052516818189672,0.02586446078976344,0.27938722102920377,Mars_Jupiter
2004-01-01,2012-01-01,193,2729,0.09885084244249813,0.023968482542294132,0.074882359900204,Mars_Jupiter
2005-01-01,2013-01-01,193,2729,0.09885084244249813,0.023968482542294132,0.074882359900204,Mars_Jupiter
2006-01-01,2014-01-01,193,2729,0.09885084244249813,0.023968482542294132,0.074882359900204,Mars_Jupiter
2007-01-01,2015-01-01,241,2681,0.20266115459470838,0.026254042145578287,0.1764071124491301,Mars_Jupiter
2008-01-01,2016-01-01,298,2624,0.08158428652700328,0.02406021680000721,0.05752406972699607,Mars_Jupiter
2009-01-01,2017-01-01,358,2564,0.22162078163222243,0.019424914961792362,0.20219586667043007,Mars_Jupiter
2010-01-01,2018-01-01,377,2545,0.244489039507845,0.018637490283936395,0.2258515492239086,Mars_Jupiter
2011-01-01,2019-01-01,422,2500,0.18585826909434058,0.019558284659414792,0.1662999844349258,Mars_Jupiter
2012-01-01,2020-01-01,349,2573,0.19201935559203412,0.020570670895439055,0.17144868469659508,Mars_Jupiter
2013-01-01,2021-01-01,402,2520,0.10678005617845367,0.021929508334274768,0.08485054784417889,Mars_Jupiter
2014-01-01,2022-01-01,411,2511,0.11988868783038663,0.021436970292617905,0.09845171753776873,Mars_Jupiter
2015-01-01,2023-01-01,441,2481,0.3289635186957368,0.0163017111949613,0.3126618075007755,Mars_Jupiter
2016-01-01,2024-01-01,423,2499,0.30971819087222746,0.016568801871035647,0.2931493890011918,Mars_Jupiter
2017-01-01,2025-01-01,372,2550,0.2807742262071189,0.017916600412602186,0.2628576257945167,Mars_Jupiter
2018-01-01,2026-01-01,340,2582,0.22946210328734606,0.019464510425822187,0.20999759286152386,Mars_Jupiter
2019-01-01,2027-01-01,269,2408,0.3180187574434888,0.019252396797668183,0.29876636064582063,Mars_Jupiter
2020-01-01,2028-01-01,247,2065,0.3348977035267288,0.019086150564105054,0.31581155296262375,Mars_Jupiter
2021-01-01,2029-01-01,194,1752,0.5440110073541212,0.017732245999293666,0.5262787613548275,Mars_Jupiter
2022-01-01,2030-01-01,185,1396,0.5318291970435948,0.018225210555782807,0.5136039864878119,Mars_Jupiter
2023-01-01,2031-01-01,107,1109,0.4019940653203243,0.021307290264520995,0.3806867750558033,Mars_Jupiter
2024-01-01,2032-01-01,68,783,0.26638669272681015,0.02299300479515962,0.24339368793165053,Mars_Jupiter
2025-01-01,2033-01-01,23,462,0.9514684552870312,0.02457039020314705,0.9268980650838842,Mars_Jupiter
1991-01-01,1999-01-01,15,2907,0.977456578294893,0.014751319865264642,0.9627052584296283,Venus_Jupiter_Neptune
1992-01-01,2000-01-01,15,2907,0.977456578294893,0.014751319865264642,0.9627052584296283,Venus_Jupiter_Neptune
1993-01-01,2001-01-01,15,2907,0.977456578294893,0.014751319865264642,0.9627052584296283,Venus_Jupiter_Neptune
1994-01-01,2002-01-01,15,2907,0.977456578294893,0.014751319865264642,0.9627052584296283,Venus_Jupiter_Neptune
1995-01-01,2003-01-01,15,2907,0.977456578294893,0.014751319865264642,0.9627052584296283,Venus_Jupiter_Neptune
1996-01-01,2004-01-01,40,2882,0.8487591880176253,0.015534224490004777,0.8332249635276205,Venus_Jupiter_Neptune
1997-01-01,2005-01-01,40,2882,0.8487591880176253,0.015534224490004777,0.8332249635276205,Venus_Jupiter_Neptune
1998-01-01,2006-01-01,40,2882,0.8487591880176253,0.015534224490004777,0.8332249635276205,Venus_Jupiter_Neptune
1999-01-01,2007-01-01,25,2897,0.9661665095286767,0.01592931013113486,0.9502371993975418,Venus_Jupiter_Neptune
2000-01-01,2008-01-01,25,2897,0.9661665095286767,0.01592931013113486,0.9502371993975418,Venus_Jupiter_Neptune
2001-01-01,2009-01-01,61,2861,0.5227595329491851,0.014347239503579214,0.5084122934456059,Venus_Jupiter_Neptune
2002-01-01,2010-01-01,97,2825,0.256803019488186,0.015931157256601224,0.2408718622315848,Venus_Jupiter_Neptune
2003-01-01,2011-01-01,123,2799,0.37441052371088457,0.01721518674584346,0.35719533696504113,Venus_Jupiter_Neptune
2004-01-01,2012-01-01,193,2729,0.14662992284658188,0.0137233504264982,0.1329065724200837,Venus_Jupiter_Neptune
2005-01-01,2013-01-01,193,2729,0.14662992284658188,0.0137233504264982,0.1329065724200837,Venus_Jupiter_Neptune
2006-01-01,2014-01-01,193,2729,0.14662992284658188,0.0137233504264982,0.1329065724200837,Venus_Jupiter_Neptune
2007-01-01,2015-01-01,241,2681,0.15756001642021136,0.01582437144674736,0.141735644973464,Venus_Jupiter_Neptune
2008-01-01,2016-01-01,298,2624,0.028267111973510797,0.015918446611898666,0.01234866536161213,Venus_Jupiter_Neptune
2009-01-01,2017-01-01,358,2564,0.11897681123904254,0.012959112308596473,0.10601769893044606,Venus_Jupiter_Neptune
2010-01-01,2018-01-01,377,2545,0.15311510008273643,0.012264467317921286,0.14085063276481516,Venus_Jupiter_Neptune
2011-01-01,2019-01-01,422,2500,0.16862711793069027,0.012699550058574509,0.15592756787211576,Venus_Jupiter_Neptune
2012-01-01,2020-01-01,349,2573,0.15118131566057036,0.01413683911963962,0.13704447654093074,Venus_Jupiter_Neptune
2013-01-01,2021-01-01,402,2520,0.1842394787587815,0.011630076916301425,0.17260940184248008,Venus_Jupiter_Neptune
2014-01-01,2022-01-01,411,2511,0.1962288439977176,0.01109818071270436,0.18513066328501324,Venus_Jupiter_Neptune
2015-01-01,2023-01-01,441,2481,0.31496551755290575,0.008437121047214379,0.30652839650569136,Venus_Jupiter_Neptune
2016-01-01,2024-01-01,423,2499,0.2689809417450399,0.008852539990905225,0.26012840175413465,Venus_Jupiter_Neptune
2017-01-01,2025-01-01,372,2550,0.041171671784754095,0.015171371443020883,0.02600030034173321,Venus_Jupiter_Neptune
2018-01-01,2026-01-01,340,2582,0.08499788267479659,0.013776137922328102,0.0712217447524685,Venus_Jupiter_Neptune
2019-01-01,2027-01-01,269,2408,0.19039560268364583,0.012431401420550738,0.1779642012630951,Venus_Jupiter_Neptune
2020-01-01,2028-01-01,247,2065,0.13685115209455792,0.013668458662337355,0.12318269343222056,Venus_Jupiter_Neptune
2021-01-01,2029-01-01,194,1752,0.053985064139483493,0.016001297130664022,0.037983767008819475,Venus_Jupiter_Neptune
2022-01-01,2030-01-01,185,1396,0.09964584944564521,0.016501032006844333,0.08314481743880088,Venus_Jupiter_Neptune
2023-01-01,2031-01-01,107,1109,0.3749202579628826,0.017717230644202615,0.35720302731868,Venus_Jupiter_Neptune
2024-01-01,2032-01-01,68,783,0.29910543860914246,0.016483433105403053,0.2826220055037394,Venus_Jupiter_Neptune
2025-01-01,2033-01-01,23,462,0.9303235315940693,0.014794163048787192,0.9155293685452821,Venus_Jupiter_Neptune
1991-01-01,1999-01-01,15,2907,0.9641333419956726,0.013528136561304504,0.9506052054343681,Mars_Jupiter_Neptune
1992-01-01,2000-01-01,15,2907,0.9641333419956726,0.013528136561304504,0.9506052054343681,Mars_Jupiter_Neptune
1993-01-01,2001-01-01,15,2907,0.9641333419956726,0.013528136561304504,0.9506052054343681,Mars_Jupiter_Neptune
1994-01-01,2002-01-01,15,2907,0.9641333419956726,0.013528136561304504,0.9506052054343681,Mars_Jupiter_Neptune
1995-01-01,2003-01-01,15,2907,0.9641333419956726,0.013528136561304504,0.9506052054343681,Mars_Jupiter_Neptune
1996-01-01,2004-01-01,40,2882,0.2468937119361029,0.014758791502804068,0.23213492043329884,Mars_Jupiter_Neptune
1997-01-01,2005-01-01,40,2882,0.2468937119361029,0.014758791502804068,0.23213492043329884,Mars_Jupiter_Neptune
1998-01-01,2006-01-01,40,2882,0.2468937119361029,0.014758791502804068,0.23213492043329884,Mars_Jupiter_Neptune
1999-01-01,2007-01-01,25,2897,0.8720108263941003,0.015390364411409473,0.8566204619826908,Mars_Jupiter_Neptune
2000-01-01,2008-01-01,25,2897,0.8720108263941003,0.015390364411409473,0.8566204619826908,Mars_Jupiter_Neptune
2001-01-01,2009-01-01,61,2861,0.17525184397476248,0.014784708777547636,0.16046713519721484,Mars_Jupiter_Neptune
2002-01-01,2010-01-01,97,2825,0.3356519578239205,0.016063738446735715,0.3195882193771848,Mars_Jupiter_Neptune
2003-01-01,2011-01-01,123,2799,0.2067277728118944,0.015643763286822522,0.19108400952507187,Mars_Jupiter_Neptune
2004-01-01,2012-01-01,193,2729,0.14932385463585027,0.014358749574604625,0.13496510506124565,Mars_Jupiter_Neptune
2005-01-01,2013-01-01,193,2729,0.14932385463585027,0.014358749574604625,0.13496510506124565,Mars_Jupiter_Neptune
2006-01-01,2014-01-01,193,2729,0.14932385463585027,0.014358749574604625,0.13496510506124565,Mars_Jupiter_Neptune
2007-01-01,2015-01-01,241,2681,0.1823662412743565,0.016916587988531028,0.16544965328582548,Mars_Jupiter_Neptune
2008-01-01,2016-01-01,298,2624,0.20490130184051775,0.01702926966053507,0.18787203217998266,Mars_Jupiter_Neptune
2009-01-01,2017-01-01,358,2564,0.12727627420100554,0.016532942840589565,0.11074333136041598,Mars_Jupiter_Neptune
2010-01-01,2018-01-01,377,2545,0.1064001525132832,0.015385970185263874,0.09101418232801933,Mars_Jupiter_Neptune
2011-01-01,2019-01-01,422,2500,0.09688468107655579,0.015558957151243273,0.08132572392531251,Mars_Jupiter_Neptune
2012-01-01,2020-01-01,349,2573,0.05829325753984374,0.014611522903280598,0.04368173463656314,Mars_Jupiter_Neptune
2013-01-01,2021-01-01,402,2520,0.04780643959520274,0.01563734650976653,0.03216909308543621,Mars_Jupiter_Neptune
2014-01-01,2022-01-01,411,2511,0.03566527945328952,0.015189800281936216,0.020475479171353304,Mars_Jupiter_Neptune
2015-01-01,2023-01-01,441,2481,0.19154105607970429,0.009668593990079142,0.18187246208962515,Mars_Jupiter_Neptune
2016-01-01,2024-01-01,423,2499,0.2584893846588257,0.00785839297016402,0.2506309916886617,Mars_Jupiter_Neptune
2017-01-01,2025-01-01,372,2550,0.2136693500012111,0.010245491639550033,0.20342385836166105,Mars_Jupiter_Neptune
2018-01-01,2026-01-01,340,2582,0.20301003633761022,0.010703546632718434,0.19230648970489178,Mars_Jupiter_Neptune
2019-01-01,2027-01-01,269,2408,0.21587124941987987,0.010839047631780964,0.20503220178809892,Mars_Jupiter_Neptune
2020-01-01,2028-01-01,247,2065,0.18671397819083774,0.011831627016704992,0.17488235117413276,Mars_Jupiter_Neptune
2021-01-01,2029-01-01,194,1752,0.30549624786471363,0.010731307464231546,0.29476494040048207,Mars_Jupiter_Neptune
2022-01-01,2030-01-01,185,1396,0.2842612047948144,0.011197615063060077,0.2730635897317544,Mars_Jupiter_Neptune
2023-01-01,2031-01-01,107,1109,0.0805781888967946,0.014099185676972853,0.06647900321982175,Mars_Jupiter_Neptune
2024-01-01,2032-01-01,68,783,0.41872577332703464,0.01590795786410144,0.4028178154629332,Mars_Jupiter_Neptune
2025-01-01,2033-01-01,23,462,0.93360914825844,0.014770562602114507,0.9188385856563255,Mars_Jupiter_Neptune
1991-01-01,1999-01-01,15,2907,0.4766620304328565,0.0004867705007138133,0.47617525993214266,Sun_removed_Moon
1992-01-01,2000-01-01,15,2907,0.4766620304328565,0.0004867705007138133,0.47617525993214266,Sun_removed_Moon
1993-01-01,2001-01-01,15,2907,0.4766620304328565,0.0004867705007138133,0.47617525993214266,Sun_removed_Moon
1994-01-01,2002-01-01,15,2907,0.4766620304328565,0.0004867705007138133,0.47617525993214266,Sun_removed_Moon
1995-01-01,2003-01-01,15,2907,0.4766620304328565,0.0004867705007138133,0.47617525993214266,Sun_removed_Moon
1996-01-01,2004-01-01,40,2882,0.20462159751033046,0.0005293895249181758,0.20409220798541228,Sun_removed_Moon
1997-01-01,2005-01-01,40,2882,0.20462159751033046,0.0005293895249181758,0.20409220798541228,Sun_removed_Moon
1998-01-01,2006-01-01,40,2882,0.20462159751033046,0.0005293895249181758,0.20409220798541228,Sun_removed_Moon
1999-01-01,2007-01-01,25,2897,0.04322632337394278,0.0005231945528799081,0.04270312882106287,Sun_removed_Moon
2000-01-01,2008-01-01,25,2897,0.04322632337394278,0.0005231945528799081,0.04270312882106287,Sun_removed_Moon
2001-01-01,2009-01-01,61,2861,0.09311476252434761,0.0008433761660361882,0.09227138635831142,Sun_removed_Moon
2002-01-01,2010-01-01,97,2825,0.1237746487822424,0.001231711009120246,0.12254293777312215,Sun_removed_Moon
2003-01-01,2011-01-01,123,2799,0.10256893798067702,0.0012772229959484589,0.10129171498472857,Sun_removed_Moon
2004-01-01,2012-01-01,193,2729,0.06505288031261579,0.0012352745182935526,0.06381760579432223,Sun_removed_Moon
2005-01-01,2013-01-01,193,2729,0.06505288031261579,0.0012352745182935526,0.06381760579432223,Sun_removed_Moon
2006-01-01,2014-01-01,193,2729,0.06505288031261579,0.0012352745182935526,0.06381760579432223,Sun_removed_Moon
2007-01-01,2015-01-01,241,2681,0.04803697430899151,0.0011977970832371464,0.04683917722575436,Sun_removed_Moon
2008-01-01,2016-01-01,298,2624,0.06144485240139234,0.0016553735520683371,0.059789478849324,Sun_removed_Moon
2009-01-01,2017-01-01,358,2564,0.035454684888010374,0.0013223184184565843,0.03413236646955379,Sun_removed_Moon
2010-01-01,2018-01-01,377,2545,0.014450616479532845,0.0006642892062432872,0.013786327273289559,Sun_removed_Moon
2011-01-01,2019-01-01,422,2500,0.02067729055580221,0.0008326367912387058,0.019844653764563507,Sun_removed_Moon
2012-01-01,2020-01-01,349,2573,0.03045663320240503,0.0009437906860783671,0.029512842516326663,Sun_removed_Moon
2013-01-01,2021-01-01,402,2520,0.020178049998423472,0.0008992697174047277,0.019278780281018745,Sun_removed_Moon
2014-01-01,2022-01-01,411,2511,0.029709463862851112,0.0012638940858985914,0.02844556977695252,Sun_removed_Moon
2015-01-01,2023-01-01,441,2481,0.03434656733628782,0.0013556479124156781,0.03299091942387214,Sun_removed_Moon
2016-01-01,2024-01-01,423,2499,0.020390458778166632,0.000380641904526184,0.020009816873640448,Sun_removed_Moon
2017-01-01,2025-01-01,372,2550,0.034896419341565975,0.00037265133914549716,0.03452376800242048,Sun_removed_Moon
2018-01-01,2026-01-01,340,2582,0.015839506369384092,0.00037487524694837927,0.015464631122435714,Sun_removed_Moon
2019-01-01,2027-01-01,269,2408,0.02184393564917695,0.00018243323118581641,0.021661502417991134,Sun_removed_Moon
2020-01-01,2028-01-01,247,2065,0.019757430346456335,0.0002433961162766821,0.019514034230179653,Sun_removed_Moon
2021-01-01,2029-01-01,194,1752,0.03661852930309596,0.00026179757627914195,0.03635673172681682,Sun_removed_Moon
2022-01-01,2030-01-01,185,1396,0.07643490926145592,0.0004033464088000921,0.07603156285265583,Sun_removed_Moon
2023-01-01,2031-01-01,107,1109,0.1142646783036347,0.00023982287222517015,0.11402485543140953,Sun_removed_Moon
2024-01-01,2032-01-01,68,783,0.05821782918598744,0.000308880874600156,0.057908948311387286,Sun_removed_Moon
2025-01-01,2033-01-01,23,462,0.08150463367731198,0.0006445702921417388,0.08086006338517024,Sun_removed_Moon
1991-01-01,1999-01-01,15,2907,0.6945673333819121,0.012824853030220103,0.681742480351692,Jupiter_Moon
1992-01-01,2000-01-01,15,2907,0.6945673333819121,0.012824853030220103,0.681742480351692,Jupiter_Moon
1993-01-01,2001-01-01,15,2907,0.6945673333819121,0.012824853030220103,0.681742480351692,Jupiter_Moon
1994-01-01,2002-01-01,15,2907,0.6945673333819121,0.012824853030220103,0.681742480351692,Jupiter_Moon
1995-01-01,2003-01-01,15,2907,0.6945673333819121,0.012824853030220103,0.681742480351692,Jupiter_Moon
1996-01-01,2004-01-01,40,2882,0.5367957116584073,0.012236773491127619,0.5245589381672797,Jupiter_Moon
1997-01-01,2005-01-01,40,2882,0.5367957116584073,0.012236773491127619,0.5245589381672797,Jupiter_Moon
1998-01-01,2006-01-01,40,2882,0.5367957116584073,0.012236773491127619,0.5245589381672797,Jupiter_Moon
1999-01-01,2007-01-01,25,2897,0.5853255915533204,0.012015557817840805,0.5733100337354796,Jupiter_Moon
2000-01-01,2008-01-01,25,2897,0.5853255915533204,0.012015557817840805,0.5733100337354796,Jupiter_Moon
2001-01-01,2009-01-01,61,2861,0.041678298529166824,0.012608579494634347,0.029069719034532475,Jupiter_Moon
2002-01-01,2010-01-01,97,2825,0.05233166304805088,0.013004894640366695,0.03932676840768419,Jupiter_Moon
2003-01-01,2011-01-01,123,2799,0.12954798202011908,0.013100483547904898,0.11644749847221418,Jupiter_Moon
2004-01-01,2012-01-01,193,2729,0.19074457469324346,0.012196529299091872,0.1785480453941516,Jupiter_Moon
2005-01-01,2013-01-01,193,2729,0.19074457469324346,0.012196529299091872,0.1785480453941516,Jupiter_Moon
2006-01-01,2014-01-01,193,2729,0.19074457469324346,0.012196529299091872,0.1785480453941516,Jupiter_Moon
2007-01-01,2015-01-01,241,2681,0.23699145228256166,0.01331616665465769,0.22367528562790398,Jupiter_Moon
2008-01-01,2016-01-01,298,2624,0.19746786230541016,0.013847626368065807,0.18362023593734436,Jupiter_Moon
2009-01-01,2017-01-01,358,2564,0.1388620029928504,0.010759784580512197,0.1281022184123382,Jupiter_Moon
2010-01-01,2018-01-01,377,2545,0.10483007375545933,0.011054370566711014,0.09377570318874831,Jupiter_Moon
2011-01-01,2019-01-01,422,2500,0.0704829273961137,0.011127770272929815,0.059355157123183885,Jupiter_Moon
2012-01-01,2020-01-01,349,2573,0.08597325316215397,0.013651637552088612,0.07232161561006537,Jupiter_Moon
2013-01-01,2021-01-01,402,2520,0.10346775474847089,0.014515704225772915,0.08895205052269797,Jupiter_Moon
2014-01-01,2022-01-01,411,2511,0.11216265574461003,0.014355988897104167,0.09780666684750586,Jupiter_Moon
2015-01-01,2023-01-01,441,2481,0.16646366933646847,0.014197162795929556,0.15226650654053892,Jupiter_Moon
2016-01-01,2024-01-01,423,2499,0.18429642332090965,0.012871790995784596,0.17142463232512506,Jupiter_Moon
2017-01-01,2025-01-01,372,2550,0.0831318472557072,0.01466015718961599,0.06847169006609122,Jupiter_Moon
2018-01-01,2026-01-01,340,2582,0.07924332771130424,0.013984527224459828,0.06525880048684442,Jupiter_Moon
2019-01-01,2027-01-01,269,2408,0.06819295764114217,0.01370450250321057,0.054488455137931595,Jupiter_Moon
2020-01-01,2028-01-01,247,2065,0.053233219327177006,0.013016522389487676,0.04021669693768933,Jupiter_Moon
2021-01-01,2029-01-01,194,1752,0.05977107625684279,0.012195484436351836,0.04757559182049095,Jupiter_Moon
2022-01-01,2030-01-01,185,1396,0.031698398140683606,0.012424590715420297,0.019273807425263308,Jupiter_Moon
2023-01-01,2031-01-01,107,1109,0.11494321139084343,0.012252446569057449,0.10269076482178598,Jupiter_Moon
2024-01-01,2032-01-01,68,783,0.2080210568267366,0.013188180795537715,0.1948328760311989,Jupiter_Moon
2025-01-01,2033-01-01,23,462,0.5679499703020029,0.012735146926009775,0.5552148233759931,Jupiter_Moon
1991-01-01,1999-01-01,15,2907,0.9148777095265834,0.0033863904070901008,0.9114913191194933,Venus_Mars_Moon
1992-01-01,2000-01-01,15,2907,0.9148777095265834,0.0033863904070901008,0.9114913191194933,Venus_Mars_Moon
1993-01-01,2001-01-01,15,2907,0.9148777095265834,0.0033863904070901008,0.9114913191194933,Venus_Mars_Moon
1994-01-01,2002-01-01,15,2907,0.9148777095265834,0.0033863904070901008,0.9114913191194933,Venus_Mars_Moon
1995-01-01,2003-01-01,15,2907,0.9148777095265834,0.0033863904070901008,0.9114913191194933,Venus_Mars_Moon
1996-01-01,2004-01-01,40,2882,0.5107984312928852,0.003047916469204738,0.5077505148236804,Venus_Mars_Moon
1997-01-01,2005-01-01,40,2882,0.5107984312928852,0.003047916469204738,0.5077505148236804,Venus_Mars_Moon
1998-01-01,2006-01-01,40,2882,0.5107984312928852,0.003047916469204738,0.5077505148236804,Venus_Mars_Moon
1999-01-01,2007-01-01,25,2897,0.27429069191765487,0.0038270586599924595,0.27046363325766243,Venus_Mars_Moon
2000-01-01,2008-01-01,25,2897,0.27429069191765487,0.0038270586599924595,0.27046363325766243,Venus_Mars_Moon
2001-01-01,2009-01-01,61,2861,0.43060272186709286,0.005670774798557165,0.4249319470685357,Venus_Mars_Moon
2002-01-01,2010-01-01,97,2825,0.5334136662028717,0.006557730022591067,0.5268559361802806,Venus_Mars_Moon
2003-01-01,2011-01-01,123,2799,0.5062297172699859,0.0063614622314956785,0.4998682550384902,Venus_Mars_Moon
2004-01-01,2012-01-01,193,2729,0.27722380730220275,0.003104504415145023,0.2741193028870577,Venus_Mars_Moon
2005-01-01,2013-01-01,193,2729,0.27722380730220275,0.003104504415145023,0.2741193028870577,Venus_Mars_Moon
2006-01-01,2014-01-01,193,2729,0.27722380730220275,0.003104504415145023,0.2741193028870577,Venus_Mars_Moon
2007-01-01,2015-01-01,241,2681,0.08699947902158774,0.00353527235016628,0.08346420667142146,Venus_Mars_Moon
2008-01-01,2016-01-01,298,2624,0.20174358224941677,0.0039946332727400745,0.1977489489766767,Venus_Mars_Moon
2009-01-01,2017-01-01,358,2564,0.21438110468804022,0.0031695495406633915,0.21121155514737683,Venus_Mars_Moon
2010-01-01,2018-01-01,377,2545,0.214881155484804,0.00134470287513607,0.21353645260966791,Venus_Mars_Moon
2011-01-01,2019-01-01,422,2500,0.07285673536352766,0.0035577309632748885,0.06929900440025277,Venus_Mars_Moon
2012-01-01,2020-01-01,349,2573,0.07179358608046409,0.005783841476595978,0.0660097446038681,Venus_Mars_Moon
2013-01-01,2021-01-01,402,2520,0.09152138851861313,0.006255559309306925,0.08526582920930621,Venus_Mars_Moon
2014-01-01,2022-01-01,411,2511,0.09998860468075323,0.006323824590971719,0.0936647800897815,Venus_Mars_Moon
2015-01-01,2023-01-01,441,2481,0.14229387398385215,0.006584146072609638,0.13570972791124253,Venus_Mars_Moon
2016-01-01,2024-01-01,423,2499,0.16422707404703488,0.008372874106306563,0.1558541999407283,Venus_Mars_Moon
2017-01-01,2025-01-01,372,2550,0.19834746539781029,0.007931013883670516,0.19041645151413977,Venus_Mars_Moon
2018-01-01,2026-01-01,340,2582,0.1836358063920649,0.007437420230942368,0.17619838616112252,Venus_Mars_Moon
2019-01-01,2027-01-01,269,2408,0.26918864741225224,0.00595344500856105,0.2632352024036912,Venus_Mars_Moon
2020-01-01,2028-01-01,247,2065,0.24749780028441792,0.006215387080135068,0.24128241320428284,Venus_Mars_Moon
2021-01-01,2029-01-01,194,1752,0.22549120481591164,0.005384891421341087,0.22010631339457057,Venus_Mars_Moon
2022-01-01,2030-01-01,185,1396,0.19748296561550424,0.005222203764772233,0.19226076185073201,Venus_Mars_Moon
2023-01-01,2031-01-01,107,1109,0.26515206528438456,0.004312174661998277,0.2608398906223863,Venus_Mars_Moon
2024-01-01,2032-01-01,68,783,0.5761624233509084,0.0026431051146891984,0.5735193182362192,Venus_Mars_Moon
2025-01-01,2033-01-01,23,462,0.8981165757409993,0.0032645847597825343,0.8948519909812168,Venus_Mars_Moon
1991-01-01,1999-01-01,15,2907,0.9955332095682858,0.010119353871033073,0.9854138556972528,All_NonSolar_Major
1992-01-01,2000-01-01,15,2907,0.9955332095682858,0.010119353871033073,0.9854138556972528,All_NonSolar_Major
1993-01-01,2001-01-01,15,2907,0.9955332095682858,0.010119353871033073,0.9854138556972528,All_NonSolar_Major
1994-01-01,2002-01-01,15,2907,0.9955332095682858,0.010119353871033073,0.9854138556972528,All_NonSolar_Major
1995-01-01,2003-01-01,15,2907,0.9955332095682858,0.010119353871033073,0.9854138556972528,All_NonSolar_Major
1996-01-01,2004-01-01,40,2882,0.37281473274165766,0.011287941243981277,0.36152679149767636,All_NonSolar_Major
1997-01-01,2005-01-01,40,2882,0.37281473274165766,0.011287941243981277,0.36152679149767636,All_NonSolar_Major
1998-01-01,2006-01-01,40,2882,0.37281473274165766,0.011287941243981277,0.36152679149767636,All_NonSolar_Major
1999-01-01,2007-01-01,25,2897,0.7828481673554016,0.012003431527423215,0.7708447358279784,All_NonSolar_Major
2000-01-01,2008-01-01,25,2897,0.7828481673554016,0.012003431527423215,0.7708447358279784,All_NonSolar_Major
2001-01-01,2009-01-01,61,2861,0.2484920504611881,0.011042539395775194,0.2374495110654129,All_NonSolar_Major
2002-01-01,2010-01-01,97,2825,0.10884601871833693,0.01140080426219076,0.09744521445614618,All_NonSolar_Major
2003-01-01,2011-01-01,123,2799,0.21891403470168688,0.01191235259927638,0.2070016821024105,All_NonSolar_Major
2004-01-01,2012-01-01,193,2729,0.21504486239009282,0.008474103123092488,0.20657075926700033,All_NonSolar_Major
2005-01-01,2013-01-01,193,2729,0.21504486239009282,0.008474103123092488,0.20657075926700033,All_NonSolar_Major
2006-01-01,2014-01-01,193,2729,0.21504486239009282,0.008474103123092488,0.20657075926700033,All_NonSolar_Major
2007-01-01,2015-01-01,241,2681,0.1445735306697637,0.010136554199408468,0.13443697647035524,All_NonSolar_Major
2008-01-01,2016-01-01,298,2624,0.18730273654535431,0.0076284899920149585,0.17967424655333936,All_NonSolar_Major
2009-01-01,2017-01-01,358,2564,0.21149316024495388,0.0065249249133210495,0.20496823533163283,All_NonSolar_Major
2010-01-01,2018-01-01,377,2545,0.22766354515506582,0.006290032190184845,0.22137351296488098,All_NonSolar_Major
2011-01-01,2019-01-01,422,2500,0.20749876527914465,0.006740611314956337,0.2007581539641883,All_NonSolar_Major
2012-01-01,2020-01-01,349,2573,0.200046108225414,0.007538248982896213,0.1925078592425178,All_NonSolar_Major
2013-01-01,2021-01-01,402,2520,0.1979920146062651,0.008071024380612638,0.18992099022565245,All_NonSolar_Major
2014-01-01,2022-01-01,411,2511,0.20427796601840242,0.007542418882417941,0.19673554713598448,All_NonSolar_Major
2015-01-01,2023-01-01,441,2481,0.3331594966393233,0.005421028683585904,0.3277384679557374,All_NonSolar_Major
2016-01-01,2024-01-01,423,2499,0.22182493766394923,0.0062435652346695455,0.2155813724292797,All_NonSolar_Major
2017-01-01,2025-01-01,372,2550,0.1312300500997303,0.009959047764069341,0.12127100233566096,All_NonSolar_Major
2018-01-01,2026-01-01,340,2582,0.13198366968107514,0.010111839087382293,0.12187183059369285,All_NonSolar_Major
2019-01-01,2027-01-01,269,2408,0.19591379359122102,0.009505930934211586,0.18640786265700943,All_NonSolar_Major
2020-01-01,2028-01-01,247,2065,0.1569432587328815,0.010652310750004555,0.14629094798287695,All_NonSolar_Major
2021-01-01,2029-01-01,194,1752,0.10886220910721424,0.010319481796612122,0.09854272731060212,All_NonSolar_Major
2022-01-01,2030-01-01,185,1396,0.11390496755328629,0.010821540059322078,0.10308342749396421,All_NonSolar_Major
2023-01-01,2031-01-01,107,1109,0.3792699321123881,0.012975315773248031,0.36629461633914007,All_NonSolar_Major
2024-01-01,2032-01-01,68,783,0.5879286174253701,0.012747876879316488,0.5751807405460536,All_NonSolar_Major
2025-01-01,2033-01-01,23,462,0.9027807321902478,0.011099408111793633,0.8916813240784541,All_NonSolar_Major
