phi_rad,phi_deg,escape_probability,composite
-3.141592653589793,-180.0,0.13088700142660314,Venus_Mars
-3.12413936106985,-179.0,0.1307734880498482,Venus_Mars
-3.1066860685499065,-178.0,0.1306685700874199,Venus_Mars
-3.0892327760299634,-177.0,0.13057226201938527,Venus_Mars
-3.07177948351002,-176.0,0.13048457707963593,Venus_Mars
-3.0543261909900767,-175.0,0.13040552726891155,Venus_Mars
-3.036872898470133,-174.0,0.13033512336670464,Venus_Mars
-3.01941960595019,-173.0,0.1302733749420315,Venus_Mars
-3.0019663134302466,-172.0,0.13022029036305627,Venus_Mars
-2.9845130209103035,-171.0,0.13017587680555534,Venus_Mars
-2.9670597283903604,-170.0,0.13014014026021212,Venus_Mars
-2.949606435870417,-169.0,0.13011308553873288,Venus_Mars
-2.9321531433504737,-168.0,0.13009471627877603,Venus_Mars
-2.91469985083053,-167.0,0.13008503494768883,Venus_Mars
-2.897246558310587,-166.0,0.13008404284504696,Venus_Mars
-2.8797932657906435,-165.0,0.13009174010399377,Venus_Mars
-2.8623399732707004,-164.0,0.1301081256913776,Venus_Mars
-2.844886680750757,-163.0,0.13013319740668683,Venus_Mars
-2.827433388230814,-162.0,0.13016695187978417,Venus_Mars
-2.8099800957108707,-161.0,0.13020938456744302,Venus_Mars
-2.792526803190927,-160.0,0.13026048974869003,Venus_Mars
-2.775073510670984,-159.0,0.1303202605189595,Venus_Mars
-2.7576202181510405,-158.0,0.13038868878306717,Venus_Mars
-2.7401669256310974,-157.0,0.13046576524701184,Venus_Mars
-2.722713633111154,-156.0,0.1305514794086154,Venus_Mars
-2.705260340591211,-155.0,0.13064581954701243,Venus_Mars
-2.6878070480712672,-154.0,0.13074877271100305,Venus_Mars
-2.670353755551324,-153.0,0.13086032470628348,Venus_Mars
-2.652900463031381,-152.0,0.130980460081571,Venus_Mars
-2.6354471705114375,-151.0,0.13110916211364,Venus_Mars
-2.6179938779914944,-150.0,0.13124641279128968,Venus_Mars
-2.600540585471551,-149.0,0.1313921927982634,Venus_Mars
-2.5830872929516078,-148.0,0.13154648149514173,Venus_Mars
-2.5656340004316642,-147.0,0.13170925690023433,Venus_Mars
-2.548180707911721,-146.0,0.13188049566949422,Venus_Mars
-2.5307274153917776,-145.0,0.13206017307548318,Venus_Mars
-2.5132741228718345,-144.0,0.1322482629854155,Venus_Mars
-2.4958208303518914,-143.0,0.13244473783831048,Venus_Mars
-2.478367537831948,-142.0,0.13264956862128582,Venus_Mars
-2.4609142453120048,-141.0,0.1328627248450239,Venus_Mars
-2.443460952792061,-140.0,0.13308417451844715,Venus_Mars
-2.426007660272118,-139.0,0.1333138841226371,Venus_Mars
-2.4085543677521746,-138.0,0.13355181858403645,Venus_Mars
-2.3911010752322315,-137.0,0.13379794124697256,Venus_Mars
-2.373647782712288,-136.0,0.13405221384554383,Venus_Mars
-2.356194490192345,-135.0,0.13431459647491067,Venus_Mars
-2.3387411976724017,-134.0,0.13458504756203626,Venus_Mars
-2.321287905152458,-133.0,0.13486352383592162,Venus_Mars
-2.3038346126325147,-131.99999999999997,0.13514998029738212,Venus_Mars
-2.2863813201125716,-131.0,0.13544437018841451,Venus_Mars
-2.2689280275926285,-130.0,0.13574664496120412,Venus_Mars
-2.251474735072685,-129.0,0.13605675424682337,Venus_Mars
-2.234021442552742,-128.0,0.13637464582367523,Venus_Mars
-2.2165681500327983,-126.99999999999999,0.13670026558573503,Venus_Mars
-2.199114857512855,-126.0,0.13703355751064727,Venus_Mars
-2.181661564992912,-125.00000000000001,0.13737446362773376,Venus_Mars
-2.1642082724729685,-124.0,0.13772292398597138,Venus_Mars
-2.146754979953025,-122.99999999999999,0.13807887662199977,Venus_Mars
-2.129301687433082,-122.0,0.13844225752821906,Venus_Mars
-2.111848394913139,-121.0,0.13881300062104016,Venus_Mars
-2.0943951023931957,-120.00000000000001,0.13919103770935035,Venus_Mars
-2.076941809873252,-119.0,0.13957629846325906,Venus_Mars
-2.0594885173533086,-117.99999999999999,0.1399687103831883,Venus_Mars
-2.0420352248333655,-117.0,0.14036819876937465,Venus_Mars
-2.0245819323134224,-116.00000000000001,0.1407746866918497,Venus_Mars
-2.007128639793479,-115.0,0.141188094960967,Venus_Mars
-1.9896753472735356,-114.0,0.14160834209854392,Venus_Mars
-1.9722220547535922,-113.0,0.14203534430968848,Venus_Mars
-1.954768762233649,-111.99999999999999,0.1424690154553806,Venus_Mars
-1.9373154697137058,-111.0,0.14290926702587847,Venus_Mars
-1.9198621771937625,-110.0,0.14335600811502114,Venus_Mars
-1.9024088846738192,-109.0,0.14380914539549852,Venus_Mars
-1.8849555921538759,-108.0,0.14426858309516025,Venus_Mars
-1.8675022996339325,-107.0,0.14473422297443517,Venus_Mars
-1.8500490071139892,-106.0,0.14520596430493338,Venus_Mars
-1.832595714594046,-105.0,0.1456837038493016,Venus_Mars
-1.8151424220741026,-104.0,0.1461673358424049,Venus_Mars
-1.7976891295541593,-102.99999999999999,0.1466567519739039,Venus_Mars
-1.7802358370342162,-102.0,0.14715184137230006,Venus_Mars
-1.7627825445142729,-101.0,0.14765249059051785,Venus_Mars
-1.7453292519943295,-100.0,0.14815858359309433,Venus_Mars
-1.7278759594743862,-99.0,0.1486700017450442,Venus_Mars
-1.710422666954443,-98.0,0.14918662380246833,Venus_Mars
-1.6929693744344996,-97.0,0.1497083259049731,Venus_Mars
-1.6755160819145563,-96.0,0.15023498156996495,Venus_Mars
-1.658062789394613,-95.0,0.15076646168888622,Venus_Mars
-1.6406094968746696,-93.99999999999999,0.1513026345254533,Venus_Mars
-1.6231562043547265,-93.0,0.1518433657159598,Venus_Mars
-1.6057029118347832,-92.0,0.15238851827170374,Venus_Mars
-1.5882496193148399,-91.0,0.1529379525835964,Venus_Mars
-1.5707963267948966,-90.0,0.15349152642900932,Venus_Mars
-1.5533430342749532,-89.0,0.15404909498091235,Venus_Mars
-1.53588974175501,-88.0,0.15461051081935465,Venus_Mars
-1.5184364492350666,-87.0,0.15517562394533765,Venus_Mars
-1.5009831567151233,-86.0,0.1557442817971267,Venus_Mars
-1.48352986419518,-84.99999999999999,0.15631632926904496,Venus_Mars
-1.4660765716752366,-83.99999999999999,0.15689160873279145,Venus_Mars
-1.4486232791552935,-83.0,0.15746996006132075,Venus_Mars
-1.4311699866353502,-82.0,0.15805122065532062,Venus_Mars
-1.413716694115407,-81.0,0.1586352254723191,Venus_Mars
-1.3962634015954636,-80.0,0.15922180705845054,Venus_Mars
-1.3788101090755203,-79.0,0.15981079558290623,Venus_Mars
-1.361356816555577,-78.0,0.1604020188750918,Venus_Mars
-1.3439035240356336,-77.0,0.16099530246451066,Venus_Mars
-1.3264502315156903,-75.99999999999999,0.16159046962338794,Venus_Mars
-1.308996938995747,-74.99999999999999,0.16218734141204744,Venus_Mars
-1.2915436464758039,-74.0,0.1627857367270484,Venus_Mars
-1.2740903539558606,-73.0,0.16338547235208706,Venus_Mars
-1.2566370614359172,-72.0,0.16398636301166172,Venus_Mars
-1.239183768915974,-71.0,0.16458822142749924,Venus_Mars
-1.2217304763960306,-70.0,0.16519085837773317,Venus_Mars
-1.2042771838760873,-69.0,0.1657940827588231,Venus_Mars
-1.186823891356144,-68.0,0.1663977016501982,Venus_Mars
-1.1693705988362006,-66.99999999999999,0.16700152038160593,Venus_Mars
-1.1519173063162573,-65.99999999999999,0.16760534260314014,Venus_Mars
-1.1344640137963142,-65.0,0.1682089703579221,Venus_Mars
-1.1170107212763707,-63.999999999999986,0.16881220415740067,Venus_Mars
-1.0995574287564276,-63.0,0.1694148430592355,Venus_Mars
-1.082104136236484,-61.999999999999986,0.17001668474772275,Venus_Mars
-1.064650843716541,-61.0,0.17061752561671836,Venus_Mars
-1.0471975511965979,-60.00000000000001,0.17121716085501026,Venus_Mars
-1.0297442586766543,-58.99999999999999,0.17181538453408687,Venus_Mars
-1.0122909661567112,-58.00000000000001,0.17241198969824498,Venus_Mars
-0.9948376736367677,-56.99999999999999,0.17300676845697666,Venus_Mars
-0.9773843811168246,-56.0,0.17359951207957075,Venus_Mars
-0.959931088596881,-54.999999999999986,0.17419001109186102,Venus_Mars
-0.9424777960769379,-54.0,0.17477805537504898,Venus_Mars
-0.9250245035569944,-52.999999999999986,0.1753634342665262,Venus_Mars
-0.9075712110370513,-52.0,0.17594593666261749,Venus_Mars
-0.8901179185171082,-51.00000000000001,0.17652535112316278,Venus_Mars
-0.8726646259971647,-49.99999999999999,0.17710146597785262,Venus_Mars
-0.8552113334772216,-49.00000000000001,0.17767406943422803,Venus_Mars
-0.837758040957278,-47.99999999999999,0.17824294968725488,Venus_Mars
-0.8203047484373349,-47.0,0.17880789503037675,Venus_Mars
-0.8028514559173914,-45.999999999999986,0.179368693967951,Venus_Mars
-0.7853981633974483,-45.0,0.1799251353289671,Venus_Mars
-0.7679448708775047,-43.999999999999986,0.18047700838194627,Venus_Mars
-0.7504915783575616,-43.0,0.18102410295091823,Venus_Mars
-0.7330382858376185,-42.00000000000001,0.18156620953236782,Venus_Mars
-0.715584993317675,-40.99999999999999,0.1821031194130445,Venus_Mars
-0.6981317007977319,-40.00000000000001,0.18263462478852413,Venus_Mars
-0.6806784082777884,-38.99999999999999,0.18316051888241106,Venus_Mars
-0.6632251157578453,-38.0,0.18368059606606843,Venus_Mars
-0.6457718232379017,-36.999999999999986,0.18419465197876173,Venus_Mars
-0.6283185307179586,-36.0,0.1847024836480998,Venus_Mars
-0.6108652381980151,-34.999999999999986,0.1852038896106583,Venus_Mars
-0.593411945678072,-34.0,0.18569867003266713,Venus_Mars
-0.5759586531581289,-33.00000000000001,0.18618662683064485,Venus_Mars
-0.5585053606381853,-31.999999999999993,0.18666756379186208,Venus_Mars
-0.5410520681182422,-31.000000000000007,0.18714128669451507,Venus_Mars
-0.5235987755982987,-29.999999999999993,0.18760760342749178,Venus_Mars
-0.5061454830783556,-29.000000000000004,0.18806632410961138,Venus_Mars
-0.48869219055841207,-27.99999999999999,0.18851726120822024,Venus_Mars
-0.47123889803846897,-27.0,0.18896022965702536,Venus_Mars
-0.4537856055185254,-25.999999999999986,0.18939504697304962,Venus_Mars
-0.43633231299858233,-24.999999999999996,0.1898215333725922,Venus_Mars
-0.41887902047863923,-24.000000000000007,0.19023951188607857,Venus_Mars
-0.4014257279586957,-22.999999999999993,0.19064880847168583,Venus_Mars
-0.3839724354387526,-22.000000000000007,0.19104925212763071,Venus_Mars
-0.36651914291880905,-20.999999999999993,0.19144067500300846,Venus_Mars
-0.34906585039886595,-20.000000000000004,0.19182291250707165,Venus_Mars
-0.3316125578789224,-18.99999999999999,0.1921958034168416,Venus_Mars
-0.3141592653589793,-18.0,0.19255918998294388,Venus_Mars
-0.29670597283903577,-16.999999999999986,0.19291291803356517,Venus_Mars
-0.27925268031909267,-15.999999999999996,0.19325683707642535,Venus_Mars
-0.2617993877991496,-15.000000000000009,0.19359080039866738,Venus_Mars
-0.24434609527920603,-13.999999999999995,0.19391466516456335,Venus_Mars
-0.22689280275926293,-13.000000000000005,0.19422829251094212,Venus_Mars
-0.2094395102393194,-11.999999999999991,0.19453154764024363,Venus_Mars
-0.1919862177193763,-11.000000000000004,0.1948242999111093,Venus_Mars
-0.17453292519943275,-9.99999999999999,0.19510642292641847,Venus_Mars
-0.15707963267948966,-9.0,0.19537779461868557,Venus_Mars
-0.13962634015954611,-7.999999999999986,0.1956382973327348,Venus_Mars
-0.12217304763960302,-6.999999999999997,0.1958878179055704,Venus_Mars
-0.10471975511965992,-6.000000000000009,0.1961262477433665,Venus_Mars
-0.08726646259971638,-4.999999999999995,0.19635348289550092,Venus_Mars
-0.06981317007977328,-4.000000000000005,0.19656942412556036,Venus_Mars
-0.05235987755982974,-2.9999999999999916,0.19677397697925106,Venus_Mars
-0.03490658503988664,-2.0000000000000027,0.19696705184914579,Venus_Mars
-0.017453292519943098,-0.9999999999999887,0.19714856403620842,Venus_Mars
0.0,0.0,0.19731843380803432,Venus_Mars
0.017453292519943542,1.0000000000000142,0.19747658645375213,Venus_Mars
0.03490658503988664,2.0000000000000027,0.19762295233553445,Venus_Mars
0.05235987755982974,2.9999999999999916,0.1977574669366671,Venus_Mars
0.06981317007977328,4.000000000000005,0.19788007090613308,Venus_Mars
0.08726646259971638,4.999999999999995,0.1979907100996668,Venus_Mars
0.10471975511965992,6.000000000000009,0.19808933561724074,Venus_Mars
0.12217304763960302,6.999999999999997,0.19817590383694952,Venus_Mars
0.13962634015954656,8.00000000000001,0.19825037644525728,Venus_Mars
0.15707963267948966,9.0,0.19831272046358223,Venus_Mars
0.1745329251994332,10.000000000000014,0.1983629082711914,Venus_Mars
0.1919862177193763,11.000000000000004,0.1984009176243851,Venus_Mars
0.20943951023931984,12.000000000000018,0.1984267316719521,Venus_Mars
0.22689280275926293,13.000000000000005,0.19844033896688196,Venus_Mars
0.24434609527920603,13.999999999999995,0.1984417334743227,Venus_Mars
0.2617993877991496,15.000000000000009,0.1984309145757768,Venus_Mars
0.27925268031909267,15.999999999999996,0.1984078870695308,Venus_Mars
0.2967059728390362,17.00000000000001,0.19837266116731975,Venus_Mars
0.3141592653589793,18.0,0.1983252524872275,Venus_Mars
0.33161255787892285,19.000000000000014,0.19826568204283118,Venus_Mars
0.34906585039886595,20.000000000000004,0.19819397622859933,Venus_Mars
0.3665191429188095,21.000000000000018,0.19811016680155766,Venus_Mars
0.3839724354387526,22.000000000000007,0.1980142908592396,Venus_Mars
0.4014257279586957,22.999999999999993,0.19790639081394265,Venus_Mars
0.41887902047863923,24.000000000000007,0.19778651436331435,Venus_Mars
0.43633231299858233,24.999999999999996,0.1976547144572962,Venus_Mars
0.45378560551852587,26.00000000000001,0.1975110492614571,Venus_Mars
0.47123889803846897,27.0,0.19735558211674953,Venus_Mars
0.4886921905584125,28.000000000000014,0.1971883814957288,Venus_Mars
0.5061454830783556,29.000000000000004,0.19700952095527519,Venus_Mars
0.5235987755982991,30.000000000000018,0.19681907908586532,Venus_Mars
0.5410520681182422,31.000000000000007,0.1966171394574399,Venus_Mars
0.5585053606381853,31.999999999999993,0.1964037905619207,Venus_Mars
0.5759586531581289,33.00000000000001,0.1961791257524316,Venus_Mars
0.593411945678072,34.0,0.19594324317928113,Venus_Mars
0.6108652381980155,35.000000000000014,0.19569624572276917,Venus_Mars
0.6283185307179586,36.0,0.1954382409228822,Venus_Mars
0.6457718232379022,37.000000000000014,0.19516934090594498,Venus_Mars
0.6632251157578453,38.0,0.19488966230829904,Venus_Mars
0.6806784082777888,39.000000000000014,0.19459932619708367,Venus_Mars
0.6981317007977319,40.00000000000001,0.19429845798819442,Venus_Mars
0.715584993317675,40.99999999999999,0.19398718736150036,Venus_Mars
0.7330382858376185,42.00000000000001,0.19366564817340298,Venus_Mars
0.7504915783575616,43.0,0.19333397836682095,Venus_Mars
0.7679448708775052,44.000000000000014,0.19299231987869064,Venus_Mars
0.7853981633974483,45.0,0.1926408185450724,Venus_Mars
0.8028514559173918,46.000000000000014,0.19227962400395598,Venus_Mars
0.8203047484373349,47.0,0.1919088895958611,Venus_Mars
0.8377580409572785,48.000000000000014,0.1915287722623316,Venus_Mars
0.8552113334772216,49.00000000000001,0.1911394324424232,Venus_Mars
0.8726646259971647,49.99999999999999,0.19074103396728745,Venus_Mars
0.8901179185171078,50.999999999999986,0.19033374395295682,Venus_Mars
0.9075712110370517,52.00000000000002,0.1899177326914368,Venus_Mars
0.9250245035569948,53.000000000000014,0.18949317354021378,Venus_Mars
0.9424777960769379,54.0,0.18906024281028813,Venus_Mars
0.959931088596881,54.999999999999986,0.18861911965284428,Venus_Mars
0.977384381116825,56.00000000000003,0.18816998594467024,Venus_Mars
0.9948376736367681,57.000000000000014,0.187713026172441,Venus_Mars
1.0122909661567112,58.00000000000001,0.18724842731597988,Venus_Mars
1.0297442586766543,58.99999999999999,0.18677637873061542,Venus_Mars
1.0471975511965974,59.999999999999986,0.18629707202874926,Venus_Mars
1.0646508437165414,61.00000000000002,0.18581070096075297,Venus_Mars
1.0821041362364845,62.000000000000014,0.1853174612953122,Venus_Mars
1.0995574287564276,63.0,0.1848175506993354,Venus_Mars
1.1170107212763707,63.999999999999986,0.18431116861754634,Venus_Mars
1.1344640137963147,65.00000000000003,0.18379851615187817,Venus_Mars
1.1519173063162578,66.00000000000001,0.18327979594078792,Venus_Mars
1.1693705988362009,67.0,0.18275521203860795,Venus_Mars
1.186823891356144,68.0,0.182224969795053,Venus_Mars
1.204277183876087,68.99999999999999,0.1816892757349986,Venus_Mars
1.221730476396031,70.00000000000003,0.1811483374386461,Venus_Mars
1.2391837689159741,71.00000000000001,0.18060236342219047,Venus_Mars
1.2566370614359172,72.0,0.18005156301910147,Venus_Mars
1.2740903539558603,72.99999999999999,0.17949614626213375,Venus_Mars
1.2915436464758043,74.00000000000003,0.17893632376617263,Venus_Mars
1.3089969389957474,75.00000000000001,0.1783723066120271,Venus_Mars
1.3264502315156905,76.0,0.17780430623127463,Venus_Mars
1.3439035240356336,77.0,0.17723253429226415,Venus_Mars
1.3613568165555767,77.99999999999999,0.17665720258737838,Venus_Mars
1.3788101090755207,79.00000000000003,0.17607852292165616,Venus_Mars
1.3962634015954638,80.00000000000001,0.17549670700287265,Venus_Mars
1.413716694115407,81.0,0.17491196633317124,Venus_Mars
1.43116998663535,81.99999999999999,0.17432451210234032,Venus_Mars
1.448623279155294,83.00000000000003,0.1737345550828233,Venus_Mars
1.466076571675237,84.00000000000001,0.1731423055265485,Venus_Mars
1.4835298641951802,85.0,0.17254797306366068,Venus_Mars
1.5009831567151233,86.0,0.1719517666032352,Venus_Mars
1.5184364492350664,86.99999999999999,0.17135389423604946,Venus_Mars
1.5358897417550104,88.00000000000003,0.17075456313948537,Venus_Mars
1.5533430342749535,89.00000000000001,0.17015397948463087,Venus_Mars
1.5707963267948966,90.0,0.16955234834564595,Venus_Mars
1.5882496193148397,90.99999999999999,0.16894987361145508,Venus_Mars
1.6057029118347836,92.00000000000003,0.16834675789982292,Venus_Mars
1.6231562043547267,93.00000000000001,0.16774320247386743,Venus_Mars
1.6406094968746698,94.0,0.16713940716105974,Venus_Mars
1.658062789394613,95.0,0.1665355702747567,Venus_Mars
1.675516081914556,95.99999999999999,0.16593188853830734,Venus_Mars
1.6929693744345,97.00000000000003,0.1653285570117711,Venus_Mars
1.7104226669544431,98.00000000000001,0.16472576902128108,Venus_Mars
1.7278759594743862,99.0,0.16412371609108115,Venus_Mars
1.7453292519943293,99.99999999999999,0.1635225878782629,Venus_Mars
1.7627825445142733,101.00000000000003,0.16292257211022285,Venus_Mars
1.7802358370342164,102.00000000000001,0.16232385452485665,Venus_Mars
1.7976891295541595,103.0,0.16172661881350414,Venus_Mars
1.8151424220741026,104.0,0.16113104656665253,Venus_Mars
1.8325957145940457,104.99999999999999,0.16053731722240425,Venus_Mars
1.8500490071139897,106.00000000000003,0.15994560801770855,Venus_Mars
1.8675022996339328,107.00000000000001,0.1593560939423555,Venus_Mars
1.8849555921538759,108.0,0.1587689476957237,Venus_Mars
1.902408884673819,108.99999999999999,0.15818433964627265,Venus_Mars
1.919862177193763,110.00000000000003,0.15760243779376432,Venus_Mars
1.937315469713706,111.00000000000001,0.15702340773419612,Venus_Mars
1.9547687622336491,112.0,0.15644741262742431,Venus_Mars
1.9722220547535922,113.0,0.15587461316745185,Venus_Mars
1.9896753472735353,113.99999999999999,0.15530516755535334,Venus_Mars
2.0071286397934793,115.00000000000003,0.15473923147480495,Venus_Mars
2.0245819323134224,116.00000000000001,0.15417695807018483,Venus_Mars
2.0420352248333655,117.0,0.15361849792720628,Venus_Mars
2.0594885173533086,117.99999999999999,0.15306399905604295,Venus_Mars
2.0769418098732526,119.00000000000003,0.15251360687690335,Venus_Mars
2.0943951023931957,120.00000000000001,0.1519674642080077,Venus_Mars
2.111848394913139,121.0,0.1514257112559192,Venus_Mars
2.129301687433082,122.0,0.15088848560817875,Venus_Mars
2.146754979953025,122.99999999999999,0.15035592222818991,Venus_Mars
2.164208272472969,124.00000000000003,0.14982815345229816,Venus_Mars
2.181661564992912,125.00000000000001,0.14930530898900857,Venus_Mars
2.199114857512855,126.0,0.14878751592028075,Venus_Mars
2.2165681500327983,126.99999999999999,0.14827489870484173,Venus_Mars
2.2340214425527423,128.00000000000003,0.14776757918345357,Venus_Mars
2.2514747350726854,129.00000000000003,0.14726567658607181,Venus_Mars
2.2689280275926285,130.0,0.14676930754082884,Venus_Mars
2.2863813201125716,131.0,0.14627858608477706,Venus_Mars
2.3038346126325147,131.99999999999997,0.1457936236763225,Venus_Mars
2.3212879051524586,133.00000000000003,0.14531452920928198,Venus_Mars
2.3387411976724017,134.0,0.14484140902849274,Venus_Mars
2.356194490192345,135.0,0.14437436694690642,Venus_Mars
2.373647782712288,136.0,0.14391350426409488,Venus_Mars
2.391101075232232,137.00000000000003,0.1434589197860982,Venus_Mars
2.408554367752175,138.00000000000003,0.14301070984654285,Venus_Mars
2.426007660272118,139.0,0.14256896832895846,Venus_Mars
2.443460952792061,140.0,0.14213378669022153,Venus_Mars
2.4609142453120043,140.99999999999997,0.14170525398505465,Venus_Mars
2.4783675378319483,142.00000000000003,0.14128345689150945,Venus_Mars
2.4958208303518914,143.0,0.14086847973736155,Venus_Mars
2.5132741228718345,144.0,0.14046040452734715,Venus_Mars
2.5307274153917776,145.0,0.14005931097117047,Venus_Mars
2.5481807079117216,146.00000000000003,0.13966527651221117,Venus_Mars
2.5656340004316647,147.00000000000003,0.13927837635686335,Venus_Mars
2.5830872929516078,148.0,0.13889868350443632,Venus_Mars
2.600540585471551,149.0,0.13852626877754914,Venus_Mars
2.617993877991494,149.99999999999997,0.13816120085295233,Venus_Mars
2.635447170511438,151.00000000000003,0.13780354629270883,Venus_Mars
2.652900463031381,152.0,0.1374533695756705,Venus_Mars
2.670353755551324,153.0,0.13711073312918406,Venus_Mars
2.6878070480712672,154.0,0.13677569736096404,Venus_Mars
2.7052603405912112,155.00000000000003,0.13644832069107005,Venus_Mars
2.7227136331111543,156.00000000000003,0.1361286595839274,Venus_Mars
2.7401669256310974,157.0,0.13581676858033095,Venus_Mars
2.7576202181510405,158.0,0.13551270032937393,Venus_Mars
2.7750735106709836,158.99999999999997,0.13521650562024393,Venus_Mars
2.7925268031909276,160.00000000000003,0.13492823341383045,Venus_Mars
2.8099800957108707,161.0,0.13464793087408927,Venus_Mars
2.827433388230814,162.0,0.13437564339911037,Venus_Mars
2.844886680750757,163.0,0.13411141465183754,Venus_Mars
2.862339973270701,164.00000000000003,0.13385528659038967,Venus_Mars
2.879793265790644,165.00000000000003,0.13360729949793454,Venus_Mars
2.897246558310587,166.0,0.13336749201206766,Venus_Mars
2.91469985083053,167.0,0.13313590115365093,Venus_Mars
2.9321531433504733,167.99999999999997,0.13291256235506588,Venus_Mars
2.9496064358704173,169.00000000000003,0.1326975094878393,Venus_Mars
2.9670597283903604,170.0,0.1324907748895999,Venus_Mars
2.9845130209103035,171.0,0.1322923893903261,Venus_Mars
3.0019663134302466,172.0,0.13210238233784666,Venus_Mars
3.0194196059501905,173.00000000000003,0.13192078162255824,Venus_Mars
3.0368728984701336,174.00000000000003,0.13174761370132382,Venus_Mars
3.0543261909900767,175.0,0.13158290362051908,Venus_Mars
3.07177948351002,176.0,0.131426675038195,Venus_Mars
3.089232776029963,176.99999999999997,0.13127895024532535,Venus_Mars
3.106686068549907,178.00000000000003,0.1311397501861117,Venus_Mars
3.12413936106985,179.0,0.13100909447731698,Venus_Mars
3.141592653589793,180.0,0.13088700142660314,Venus_Mars
-3.141592653589793,-180.0,0.1413973793261252,Venus_Mars_Jupiter
-3.12413936106985,-179.0,0.14120417394637208,Venus_Mars_Jupiter
-3.1066860685499065,-178.0,0.14101714248075653,Venus_Mars_Jupiter
-3.0892327760299634,-177.0,0.14083632189258127,Venus_Mars_Jupiter
-3.07177948351002,-176.0,0.1406617477347765,Venus_Mars_Jupiter
-3.0543261909900767,-175.0,0.14049345416125214,Venus_Mars_Jupiter
-3.036872898470133,-174.0,0.14033147393806647,Venus_Mars_Jupiter
-3.01941960595019,-173.0,0.14017583845438714,Venus_Mars_Jupiter
-3.0019663134302466,-172.0,0.14002657773322016,Venus_Mars_Jupiter
-2.9845130209103035,-171.0,0.13988372044188438,Venus_Mars_Jupiter
-2.9670597283903604,-170.0,0.13974729390220886,Venus_Mars_Jupiter
-2.949606435870417,-169.0,0.13961732410043218,Venus_Mars_Jupiter
-2.9321531433504737,-168.0,0.13949383569678275,Venus_Mars_Jupiter
-2.91469985083053,-167.0,0.13937685203472125,Venus_Mars_Jupiter
-2.897246558310587,-166.0,0.1392663951498257,Venus_Mars_Jupiter
-2.8797932657906435,-165.0,0.13916248577830204,Venus_Mars_Jupiter
-2.8623399732707004,-164.0,0.13906514336510303,Venus_Mars_Jupiter
-2.844886680750757,-163.0,0.13897438607163928,Venus_Mars_Jupiter
-2.827433388230814,-162.0,0.13889023078306797,Venus_Mars_Jupiter
-2.8099800957108707,-161.0,0.1388126931151447,Venus_Mars_Jupiter
-2.792526803190927,-160.0,0.1387417874206252,Venus_Mars_Jupiter
-2.775073510670984,-159.0,0.13867752679520526,Venus_Mars_Jupiter
-2.7576202181510405,-158.0,0.13861992308298685,Venus_Mars_Jupiter
-2.7401669256310974,-157.0,0.13856898688146066,Venus_Mars_Jupiter
-2.722713633111154,-156.0,0.13852472754599562,Venus_Mars_Jupiter
-2.705260340591211,-155.0,0.13848715319382673,Venus_Mars_Jupiter
-2.6878070480712672,-154.0,0.13845627070753402,Venus_Mars_Jupiter
-2.670353755551324,-153.0,0.13843208573800603,Venus_Mars_Jupiter
-2.652900463031381,-152.0,0.13841460270688277,Venus_Mars_Jupiter
-2.6354471705114375,-151.0,0.13840382480847277,Venus_Mars_Jupiter
-2.6179938779914944,-150.0,0.13839975401114143,Venus_Mars_Jupiter
-2.600540585471551,-149.0,0.13840239105816823,Venus_Mars_Jupiter
-2.5830872929516078,-148.0,0.13841173546807012,Venus_Mars_Jupiter
-2.5656340004316642,-147.0,0.1384277855343922,Venus_Mars_Jupiter
-2.548180707911721,-146.0,0.13845053832496415,Venus_Mars_Jupiter
-2.5307274153917776,-145.0,0.13847998968062583,Venus_Mars_Jupiter
-2.5132741228718345,-144.0,0.13851613421342235,Venus_Mars_Jupiter
-2.4958208303518914,-143.0,0.13855896530427347,Venus_Mars_Jupiter
-2.478367537831948,-142.0,0.13860847510012103,Venus_Mars_Jupiter
-2.4609142453120048,-141.0,0.13866465451055937,Venus_Mars_Jupiter
-2.443460952792061,-140.0,0.13872749320395614,Venus_Mars_Jupiter
-2.426007660272118,-139.0,0.1387969796030687,Venus_Mars_Jupiter
-2.4085543677521746,-138.0,0.1388731008801669,Venus_Mars_Jupiter
-2.3911010752322315,-137.0,0.13895584295166896,Venus_Mars_Jupiter
-2.373647782712288,-136.0,0.1390451904723022,Venus_Mars_Jupiter
-2.356194490192345,-135.0,0.1391411268287988,Venus_Mars_Jupiter
-2.3387411976724017,-134.0,0.13924363413313934,Venus_Mars_Jupiter
-2.321287905152458,-133.0,0.1393526932153562,Venus_Mars_Jupiter
-2.3038346126325147,-131.99999999999997,0.13946828361591151,Venus_Mars_Jupiter
-2.2863813201125716,-131.0,0.13959038357766412,Venus_Mars_Jupiter
-2.2689280275926285,-130.0,0.13971897003744152,Venus_Mars_Jupiter
-2.251474735072685,-129.0,0.13985401861723307,Venus_Mars_Jupiter
-2.234021442552742,-128.0,0.13999550361502264,Venus_Mars_Jupiter
-2.2165681500327983,-126.99999999999999,0.14014339799527886,Venus_Mars_Jupiter
-2.199114857512855,-126.0,0.14029767337912227,Venus_Mars_Jupiter
-2.181661564992912,-125.00000000000001,0.14045830003418988,Venus_Mars_Jupiter
-2.1642082724729685,-124.0,0.14062524686421804,Venus_Mars_Jupiter
-2.146754979953025,-122.99999999999999,0.14079848139836612,Venus_Mars_Jupiter
-2.129301687433082,-122.0,0.14097796978030294,Venus_Mars_Jupiter
-2.111848394913139,-121.0,0.14116367675708055,Venus_Mars_Jupiter
-2.0943951023931957,-120.00000000000001,0.14135556566781912,Venus_Mars_Jupiter
-2.076941809873252,-119.0,0.14155359843222876,Venus_Mars_Jupiter
-2.0594885173533086,-117.99999999999999,0.14175773553899362,Venus_Mars_Jupiter
-2.0420352248333655,-117.0,0.14196793603404617,Venus_Mars_Jupiter
-2.0245819323134224,-116.00000000000001,0.1421841575087577,Venus_Mars_Jupiter
-2.007128639793479,-115.0,0.14240635608807484,Venus_Mars_Jupiter
-1.9896753472735356,-114.0,0.14263448641862977,Venus_Mars_Jupiter
-1.9722220547535922,-113.0,0.1428685016568547,Venus_Mars_Jupiter
-1.954768762233649,-111.99999999999999,0.1431083534571301,Venus_Mars_Jupiter
-1.9373154697137058,-111.0,0.14335399195999832,Venus_Mars_Jupiter
-1.9198621771937625,-110.0,0.1436053657804732,Venus_Mars_Jupiter
-1.9024088846738192,-109.0,0.1438624219964786,Venus_Mars_Jupiter
-1.8849555921538759,-108.0,0.14412510613744794,Venus_Mars_Jupiter
-1.8675022996339325,-107.0,0.14439336217311757,Venus_Mars_Jupiter
-1.8500490071139892,-106.0,0.14466713250254798,Venus_Mars_Jupiter
-1.832595714594046,-105.0,0.14494635794340693,Venus_Mars_Jupiter
-1.8151424220741026,-104.0,0.14523097772154797,Venus_Mars_Jupiter
-1.7976891295541593,-102.99999999999999,0.14552092946092016,Venus_Mars_Jupiter
-1.7802358370342162,-102.0,0.1458161491738433,Venus_Mars_Jupiter
-1.7627825445142729,-101.0,0.14611657125168442,Venus_Mars_Jupiter
-1.7453292519943295,-100.0,0.14642212845597033,Venus_Mars_Jupiter
-1.7278759594743862,-99.0,0.14673275190997326,Venus_Mars_Jupiter
-1.710422666954443,-98.0,0.14704837109080432,Venus_Mars_Jupiter
-1.6929693744344996,-97.0,0.14736891382205122,Venus_Mars_Jupiter
-1.6755160819145563,-96.0,0.14769430626699645,Venus_Mars_Jupiter
-1.658062789394613,-95.0,0.14802447292245166,Venus_Mars_Jupiter
-1.6406094968746696,-93.99999999999999,0.14835933661324466,Venus_Mars_Jupiter
-1.6231562043547265,-93.0,0.14869881848739452,Venus_Mars_Jupiter
-1.6057029118347832,-92.0,0.14904283801201101,Venus_Mars_Jupiter
-1.5882496193148399,-91.0,0.14939131296995367,Venus_Mars_Jupiter
-1.5707963267948966,-90.0,0.14974415945728586,Venus_Mars_Jupiter
-1.5533430342749532,-89.0,0.150101291881559,Venus_Mars_Jupiter
-1.53588974175501,-88.0,0.15046262296096183,Venus_Mars_Jupiter
-1.5184364492350666,-87.0,0.1508280637243682,Venus_Mars_Jupiter
-1.5009831567151233,-86.0,0.15119752351231816,Venus_Mars_Jupiter
-1.48352986419518,-84.99999999999999,0.1515709099789651,Venus_Mars_Jupiter
-1.4660765716752366,-83.99999999999999,0.1519481290950214,Venus_Mars_Jupiter
-1.4486232791552935,-83.0,0.15232908515173507,Venus_Mars_Jupiter
-1.4311699866353502,-82.0,0.15271368076592873,Venus_Mars_Jupiter
-1.413716694115407,-81.0,0.15310181688613064,Venus_Mars_Jupiter
-1.3962634015954636,-80.0,0.1534933927998288,Venus_Mars_Jupiter
-1.3788101090755203,-79.0,0.15388830614187599,Venus_Mars_Jupiter
-1.361356816555577,-78.0,0.1542864529040738,Venus_Mars_Jupiter
-1.3439035240356336,-77.0,0.1546877274459631,Venus_Mars_Jupiter
-1.3264502315156903,-75.99999999999999,0.1550920225068461,Venus_Mars_Jupiter
-1.308996938995747,-74.99999999999999,0.15549922921906528,Venus_Mars_Jupiter
-1.2915436464758039,-74.0,0.15590923712256227,Venus_Mars_Jupiter
-1.2740903539558606,-73.0,0.1563219341807396,Venus_Mars_Jupiter
-1.2566370614359172,-72.0,0.15673720679764577,Venus_Mars_Jupiter
-1.239183768915974,-71.0,0.15715493983650375,Venus_Mars_Jupiter
-1.2217304763960306,-70.0,0.15757501663960122,Venus_Mars_Jupiter
-1.2042771838760873,-69.0,0.15799731904955902,Venus_Mars_Jupiter
-1.186823891356144,-68.0,0.15842172743199423,Venus_Mars_Jupiter
-1.1693705988362006,-66.99999999999999,0.15884812069959037,Venus_Mars_Jupiter
-1.1519173063162573,-65.99999999999999,0.15927637633758798,Venus_Mars_Jupiter
-1.1344640137963142,-65.0,0.15970637043070623,Venus_Mars_Jupiter
-1.1170107212763707,-63.999999999999986,0.160137977691504,Venus_Mars_Jupiter
-1.0995574287564276,-63.0,0.1605710714901882,Venus_Mars_Jupiter
-1.082104136236484,-61.999999999999986,0.1610055238858746,Venus_Mars_Jupiter
-1.064650843716541,-61.0,0.16144120565930523,Venus_Mars_Jupiter
-1.0471975511965979,-60.00000000000001,0.16187798634702397,Venus_Mars_Jupiter
-1.0297442586766543,-58.99999999999999,0.16231573427701076,Venus_Mars_Jupiter
-1.0122909661567112,-58.00000000000001,0.1627543166057723,Venus_Mars_Jupiter
-0.9948376736367677,-56.99999999999999,0.16319359935688613,Venus_Mars_Jupiter
-0.9773843811168246,-56.0,0.16363344746099184,Venus_Mars_Jupiter
-0.959931088596881,-54.999999999999986,0.16407372479722274,Venus_Mars_Jupiter
-0.9424777960769379,-54.0,0.1645142942360675,Venus_Mars_Jupiter
-0.9250245035569944,-52.999999999999986,0.16495501768365178,Venus_Mars_Jupiter
-0.9075712110370513,-52.0,0.16539575612742458,Venus_Mars_Jupiter
-0.8901179185171082,-51.00000000000001,0.16583636968323617,Venus_Mars_Jupiter
-0.8726646259971647,-49.99999999999999,0.16627671764378835,Venus_Mars_Jupiter
-0.8552113334772216,-49.00000000000001,0.16671665852843895,Venus_Mars_Jupiter
-0.837758040957278,-47.99999999999999,0.16715605013433862,Venus_Mars_Jupiter
-0.8203047484373349,-47.0,0.16759474958887713,Venus_Mars_Jupiter
-0.8028514559173914,-45.999999999999986,0.1680326134034141,Venus_Mars_Jupiter
-0.7853981633974483,-45.0,0.16846949752826612,Venus_Mars_Jupiter
-0.7679448708775047,-43.999999999999986,0.16890525740892276,Venus_Mars_Jupiter
-0.7504915783575616,-43.0,0.16933974804345886,Venus_Mars_Jupiter
-0.7330382858376185,-42.00000000000001,0.16977282404111174,Venus_Mars_Jupiter
-0.715584993317675,-40.99999999999999,0.17020433968198803,Venus_Mars_Jupiter
-0.6981317007977319,-40.00000000000001,0.1706341489778633,Venus_Mars_Jupiter
-0.6806784082777884,-38.99999999999999,0.1710621057340375,Venus_Mars_Jupiter
-0.6632251157578453,-38.0,0.17148806361220478,Venus_Mars_Jupiter
-0.6457718232379017,-36.999999999999986,0.17191187619429743,Venus_Mars_Jupiter
-0.6283185307179586,-36.0,0.17233339704725942,Venus_Mars_Jupiter
-0.6108652381980151,-34.999999999999986,0.1727524797887057,Venus_Mars_Jupiter
-0.593411945678072,-34.0,0.1731689781534202,Venus_Mars_Jupiter
-0.5759586531581289,-33.00000000000001,0.17358274606064486,Venus_Mars_Jupiter
-0.5585053606381853,-31.999999999999993,0.17399363768211012,Venus_Mars_Jupiter
-0.5410520681182422,-31.000000000000007,0.17440150751075634,Venus_Mars_Jupiter
-0.5235987755982987,-29.999999999999993,0.17480621043009412,Venus_Mars_Jupiter
-0.5061454830783556,-29.000000000000004,0.1752076017841497,Venus_Mars_Jupiter
-0.48869219055841207,-27.99999999999999,0.17560553744794202,Venus_Mars_Jupiter
-0.47123889803846897,-27.0,0.17599987389843402,Venus_Mars_Jupiter
-0.4537856055185254,-25.999999999999986,0.1763904682859037,Venus_Mars_Jupiter
-0.43633231299858233,-24.999999999999996,0.17677717850567518,Venus_Mars_Jupiter
-0.41887902047863923,-24.000000000000007,0.1771598632701527,Venus_Mars_Jupiter
-0.4014257279586957,-22.999999999999993,0.17753838218109752,Venus_Mars_Jupiter
-0.3839724354387526,-22.000000000000007,0.17791259580208696,Venus_Mars_Jupiter
-0.36651914291880905,-20.999999999999993,0.1782823657310964,Venus_Mars_Jupiter
-0.34906585039886595,-20.000000000000004,0.17864755467314056,Venus_Mars_Jupiter
-0.3316125578789224,-18.99999999999999,0.17900802651291417,Venus_Mars_Jupiter
-0.3141592653589793,-18.0,0.17936364638736807,Venus_Mars_Jupiter
-0.29670597283903577,-16.999999999999986,0.1797142807581586,Venus_Mars_Jupiter
-0.27925268031909267,-15.999999999999996,0.18005979748390713,Venus_Mars_Jupiter
-0.2617993877991496,-15.000000000000009,0.18040006589220633,Venus_Mars_Jupiter
-0.24434609527920603,-13.999999999999995,0.18073495685130989,Venus_Mars_Jupiter
-0.22689280275926293,-13.000000000000005,0.18106434284144154,Venus_Mars_Jupiter
-0.2094395102393194,-11.999999999999991,0.18138809802566147,Venus_Mars_Jupiter
-0.1919862177193763,-11.000000000000004,0.1817060983202246,Venus_Mars_Jupiter
-0.17453292519943275,-9.99999999999999,0.18201822146436958,Venus_Mars_Jupiter
-0.15707963267948966,-9.0,0.18232434708947437,Venus_Mars_Jupiter
-0.13962634015954611,-7.999999999999986,0.18262435678751665,Venus_Mars_Jupiter
-0.12217304763960302,-6.999999999999997,0.18291813417877592,Venus_Mars_Jupiter
-0.10471975511965992,-6.000000000000009,0.1832055649787172,Venus_Mars_Jupiter
-0.08726646259971638,-4.999999999999995,0.1834865370639936,Venus_Mars_Jupiter
-0.06981317007977328,-4.000000000000005,0.18376094053750844,Venus_Mars_Jupiter
-0.05235987755982974,-2.9999999999999916,0.18402866779247737,Venus_Mars_Jupiter
-0.03490658503988664,-2.0000000000000027,0.1842896135754302,Venus_Mars_Jupiter
-0.017453292519943098,-0.9999999999999887,0.1845436750480967,Venus_Mars_Jupiter
0.0,0.0,0.18479075184811675,Venus_Mars_Jupiter
0.017453292519943542,1.0000000000000142,0.18503074614852047,Venus_Mars_Jupiter
0.03490658503988664,2.0000000000000027,0.18526356271592279,Venus_Mars_Jupiter
0.05235987755982974,2.9999999999999916,0.18548910896737822,Venus_Mars_Jupiter
0.06981317007977328,4.000000000000005,0.18570729502584335,Venus_Mars_Jupiter
0.08726646259971638,4.999999999999995,0.18591803377419527,Venus_Mars_Jupiter
0.10471975511965992,6.000000000000009,0.18612124090775634,Venus_Mars_Jupiter
0.12217304763960302,6.999999999999997,0.18631683498527532,Venus_Mars_Jupiter
0.13962634015954656,8.00000000000001,0.18650473747831847,Venus_Mars_Jupiter
0.15707963267948966,9.0,0.1866848728190239,Venus_Mars_Jupiter
0.1745329251994332,10.000000000000014,0.1868571684461749,Venus_Mars_Jupiter
0.1919862177193763,11.000000000000004,0.18702155484954908,Venus_Mars_Jupiter
0.20943951023931984,12.000000000000018,0.18717796561250225,Venus_Mars_Jupiter
0.22689280275926293,13.000000000000005,0.18732633745274685,Venus_Mars_Jupiter
0.24434609527920603,13.999999999999995,0.18746661026128714,Venus_Mars_Jupiter
0.2617993877991496,15.000000000000009,0.18759872713947492,Venus_Mars_Jupiter
0.27925268031909267,15.999999999999996,0.1877226344341503,Venus_Mars_Jupiter
0.2967059728390362,17.00000000000001,0.18783828177083622,Venus_Mars_Jupiter
0.3141592653589793,18.0,0.18794562208495408,Venus_Mars_Jupiter
0.33161255787892285,19.000000000000014,0.18804461165103206,Venus_Mars_Jupiter
0.34906585039886595,20.000000000000004,0.1881352101098795,Venus_Mars_Jupiter
0.3665191429188095,21.000000000000018,0.18821738049370004,Venus_Mars_Jupiter
0.3839724354387526,22.000000000000007,0.1882910892491224,Venus_Mars_Jupiter
0.4014257279586957,22.999999999999993,0.1883563062581254,Venus_Mars_Jupiter
0.41887902047863923,24.000000000000007,0.18841300485683848,Venus_Mars_Jupiter
0.43633231299858233,24.999999999999996,0.18846116185220035,Venus_Mars_Jupiter
0.45378560551852587,26.00000000000001,0.1885007575364595,Venus_Mars_Jupiter
0.47123889803846897,27.0,0.18853177569950363,Venus_Mars_Jupiter
0.4886921905584125,28.000000000000014,0.1885542036390062,Venus_Mars_Jupiter
0.5061454830783556,29.000000000000004,0.18856803216838067,Venus_Mars_Jupiter
0.5235987755982991,30.000000000000018,0.1885732556225351,Venus_Mars_Jupiter
0.5410520681182422,31.000000000000007,0.18856987186142143,Venus_Mars_Jupiter
0.5585053606381853,31.999999999999993,0.18855788227137663,Venus_Mars_Jupiter
0.5759586531581289,33.00000000000001,0.1885372917642537,Venus_Mars_Jupiter
0.593411945678072,34.0,0.1885081087743446,Venus_Mars_Jupiter
0.6108652381980155,35.000000000000014,0.188470345253096,Venus_Mars_Jupiter
0.6283185307179586,36.0,0.1884240166616253,Venus_Mars_Jupiter
0.6457718232379022,37.000000000000014,0.18836914196104157,Venus_Mars_Jupiter
0.6632251157578453,38.0,0.18830574360058186,Venus_Mars_Jupiter
0.6806784082777888,39.000000000000014,0.18823384750357386,Venus_Mars_Jupiter
0.6981317007977319,40.00000000000001,0.18815348305123683,Venus_Mars_Jupiter
0.715584993317675,40.99999999999999,0.18806468306433827,Venus_Mars_Jupiter
0.7330382858376185,42.00000000000001,0.18796748378272055,Venus_Mars_Jupiter
0.7504915783575616,43.0,0.18786192484271916,Venus_Mars_Jupiter
0.7679448708775052,44.000000000000014,0.1877480492524923,Venus_Mars_Jupiter
0.7853981633974483,45.0,0.18762590336528545,Venus_Mars_Jupiter
0.8028514559173918,46.000000000000014,0.18749553685065531,Venus_Mars_Jupiter
0.8203047484373349,47.0,0.18735700266368047,Venus_Mars_Jupiter
0.8377580409572785,48.000000000000014,0.18721035701218816,Venus_Mars_Jupiter
0.8552113334772216,49.00000000000001,0.18705565932202614,Venus_Mars_Jupiter
0.8726646259971647,49.99999999999999,0.18689297220041362,Venus_Mars_Jupiter
0.8901179185171078,50.999999999999986,0.1867223613974049,Venus_Mars_Jupiter
0.9075712110370517,52.00000000000002,0.1865438957655016,Venus_Mars_Jupiter
0.9250245035569948,53.000000000000014,0.18635764721745154,Venus_Mars_Jupiter
0.9424777960769379,54.0,0.18616369068227354,Venus_Mars_Jupiter
0.959931088596881,54.999999999999986,0.18596210405954877,Venus_Mars_Jupiter
0.977384381116825,56.00000000000003,0.18575296817202244,Venus_Mars_Jupiter
0.9948376736367681,57.000000000000014,0.18553636671655838,Venus_Mars_Jupiter
1.0122909661567112,58.00000000000001,0.18531238621349405,Venus_Mars_Jupiter
1.0297442586766543,58.99999999999999,0.18508111595444146,Venus_Mars_Jupiter
1.0471975511965974,59.999999999999986,0.18484264794858418,Venus_Mars_Jupiter
1.0646508437165414,61.00000000000002,0.18459707686751872,Venus_Mars_Jupiter
1.0821041362364845,62.000000000000014,0.1843444999886934,Venus_Mars_Jupiter
1.0995574287564276,63.0,0.18408501713749534,Venus_Mars_Jupiter
1.1170107212763707,63.999999999999986,0.18381873062804086,Venus_Mars_Jupiter
1.1344640137963147,65.00000000000003,0.1835457452027232,Venus_Mars_Jupiter
1.1519173063162578,66.00000000000001,0.18326616797057352,Venus_Mars_Jupiter
1.1693705988362009,67.0,0.18298010834449258,Venus_Mars_Jupiter
1.186823891356144,68.0,0.18268767797741045,Venus_Mars_Jupiter
1.204277183876087,68.99999999999999,0.18238899069743325,Venus_Mars_Jupiter
1.221730476396031,70.00000000000003,0.182084162442036,Venus_Mars_Jupiter
1.2391837689159741,71.00000000000001,0.18177331119136317,Venus_Mars_Jupiter
1.2566370614359172,72.0,0.18145655690069515,Venus_Mars_Jupiter
1.2740903539558603,72.99999999999999,0.18113402143214555,Venus_Mars_Jupiter
1.2915436464758043,74.00000000000003,0.18080582848564872,Venus_Mars_Jupiter
1.3089969389957474,75.00000000000001,0.180472103529301,Venus_Mars_Jupiter
1.3264502315156905,76.0,0.18013297372911846,Venus_Mars_Jupiter
1.3439035240356336,77.0,0.17978856787827413,Venus_Mars_Jupiter
1.3613568165555767,77.99999999999999,0.1794390163258782,Venus_Mars_Jupiter
1.3788101090755207,79.00000000000003,0.1790844509053641,Venus_Mars_Jupiter
1.3962634015954638,80.00000000000001,0.1787250048625449,Venus_Mars_Jupiter
1.413716694115407,81.0,0.17836081278340238,Venus_Mars_Jupiter
1.43116998663535,81.99999999999999,0.17799201052167296,Venus_Mars_Jupiter
1.448623279155294,83.00000000000003,0.1776187351262933,Venus_Mars_Jupiter
1.466076571675237,84.00000000000001,0.17724112476876844,Venus_Mars_Jupiter
1.4835298641951802,85.0,0.1768593186705251,Venus_Mars_Jupiter
1.5009831567151233,86.0,0.17647345703031203,Venus_Mars_Jupiter
1.5184364492350664,86.99999999999999,0.17608368095170943,Venus_Mars_Jupiter
1.5358897417550104,88.00000000000003,0.1756901323708081,Venus_Mars_Jupiter
1.5533430342749535,89.00000000000001,0.17529295398411868,Venus_Mars_Jupiter
1.5707963267948966,90.0,0.17489228917677038,Venus_Mars_Jupiter
1.5882496193148397,90.99999999999999,0.1744882819510588,Venus_Mars_Jupiter
1.6057029118347836,92.00000000000003,0.1740810768553994,Venus_Mars_Jupiter
1.6231562043547267,93.00000000000001,0.17367081891374486,Venus_Mars_Jupiter
1.6406094968746698,94.0,0.17325765355552125,Venus_Mars_Jupiter
1.658062789394613,95.0,0.17284172654613805,Venus_Mars_Jupiter
1.675516081914556,95.99999999999999,0.17242318391812586,Venus_Mars_Jupiter
1.6929693744345,97.00000000000003,0.17200217190295394,Venus_Mars_Jupiter
1.7104226669544431,98.00000000000001,0.17157883686357842,Venus_Mars_Jupiter
1.7278759594743862,99.0,0.17115332522777107,Venus_Mars_Jupiter
1.7453292519943293,99.99999999999999,0.17072578342227712,Venus_Mars_Jupiter
1.7627825445142733,101.00000000000003,0.17029635780784796,Venus_Mars_Jupiter
1.7802358370342164,102.00000000000001,0.16986519461519564,Venus_Mars_Jupiter
1.7976891295541595,103.0,0.1694324398819103,Venus_Mars_Jupiter
1.8151424220741026,104.0,0.1689982393903855,Venus_Mars_Jupiter
1.8325957145940457,104.99999999999999,0.16856273860678883,Venus_Mars_Jupiter
1.8500490071139897,106.00000000000003,0.1681260826211188,Venus_Mars_Jupiter
1.8675022996339328,107.00000000000001,0.16768841608838322,Venus_Mars_Jupiter
1.8849555921538759,108.0,0.16724988317093484,Venus_Mars_Jupiter
1.902408884673819,108.99999999999999,0.16681062748199724,Venus_Mars_Jupiter
1.919862177193763,110.00000000000003,0.16637079203041225,Venus_Mars_Jupiter
1.937315469713706,111.00000000000001,0.16593051916663876,Venus_Mars_Jupiter
1.9547687622336491,112.0,0.1654899505300292,Venus_Mars_Jupiter
1.9722220547535922,113.0,0.1650492269974112,Venus_Mars_Jupiter
1.9896753472735353,113.99999999999999,0.16460848863299643,Venus_Mars_Jupiter
2.0071286397934793,115.00000000000003,0.16416787463963878,Venus_Mars_Jupiter
2.0245819323134224,116.00000000000001,0.1637275233114622,Venus_Mars_Jupiter
2.0420352248333655,117.0,0.1632875719878751,Venus_Mars_Jupiter
2.0594885173533086,117.99999999999999,0.1628481570089875,Venus_Mars_Jupiter
2.0769418098732526,119.00000000000003,0.1624094136724446,Venus_Mars_Jupiter
2.0943951023931957,120.00000000000001,0.161971476191689,Venus_Mars_Jupiter
2.111848394913139,121.0,0.16153447765566048,Venus_Mars_Jupiter
2.129301687433082,122.0,0.1610985499899424,Venus_Mars_Jupiter
2.146754979953025,122.99999999999999,0.1606638239193598,Venus_Mars_Jupiter
2.164208272472969,124.00000000000003,0.16023042893203354,Venus_Mars_Jupiter
2.181661564992912,125.00000000000001,0.1597984932448933,Venus_Mars_Jupiter
2.199114857512855,126.0,0.1593681437706482,Venus_Mars_Jupiter
2.2165681500327983,126.99999999999999,0.15893950608621493,Venus_Mars_Jupiter
2.2340214425527423,128.00000000000003,0.15851270440259976,Venus_Mars_Jupiter
2.2514747350726854,129.00000000000003,0.15808786153622806,Venus_Mars_Jupiter
2.2689280275926285,130.0,0.1576650988817163,Venus_Mars_Jupiter
2.2863813201125716,131.0,0.15724453638607597,Venus_Mars_Jupiter
2.3038346126325147,131.99999999999997,0.156826292524341,Venus_Mars_Jupiter
2.3212879051524586,133.00000000000003,0.1564104842766051,Venus_Mars_Jupiter
2.3387411976724017,134.0,0.15599722710645617,Venus_Mars_Jupiter
2.356194490192345,135.0,0.15558663494079317,Venus_Mars_Jupiter
2.373647782712288,136.0,0.15517882015100776,Venus_Mars_Jupiter
2.391101075232232,137.00000000000003,0.15477389353551382,Venus_Mars_Jupiter
2.408554367752175,138.00000000000003,0.15437196430360475,Venus_Mars_Jupiter
2.426007660272118,139.0,0.15397314006061757,Venus_Mars_Jupiter
2.443460952792061,140.0,0.1535775267943826,Venus_Mars_Jupiter
2.4609142453120043,140.99999999999997,0.15318522886293467,Venus_Mars_Jupiter
2.4783675378319483,142.00000000000003,0.15279634898346173,Venus_Mars_Jupiter
2.4958208303518914,143.0,0.1524109882224649,Venus_Mars_Jupiter
2.5132741228718345,144.0,0.15202924598710393,Venus_Mars_Jupiter
2.5307274153917776,145.0,0.1516512200176995,Venus_Mars_Jupiter
2.5481807079117216,146.00000000000003,0.15127700638136446,Venus_Mars_Jupiter
2.5656340004316647,147.00000000000003,0.15090669946673402,Venus_Mars_Jupiter
2.5830872929516078,148.0,0.15054039197976476,Venus_Mars_Jupiter
2.600540585471551,149.0,0.15017817494057117,Venus_Mars_Jupiter
2.617993877991494,149.99999999999997,0.1498201376812677,Venus_Mars_Jupiter
2.635447170511438,151.00000000000003,0.14946636784478434,Venus_Mars_Jupiter
2.652900463031381,152.0,0.14911695138462178,Venus_Mars_Jupiter
2.670353755551324,153.0,0.14877197256551294,Venus_Mars_Jupiter
2.6878070480712672,154.0,0.14843151396495716,Venus_Mars_Jupiter
2.7052603405912112,155.00000000000003,0.14809565647559123,Venus_Mars_Jupiter
2.7227136331111543,156.00000000000003,0.14776447930836342,Venus_Mars_Jupiter
2.7401669256310974,157.0,0.14743805999647483,Venus_Mars_Jupiter
2.7576202181510405,158.0,0.14711647440005232,Venus_Mars_Jupiter
2.7750735106709836,158.99999999999997,0.14679979671151744,Venus_Mars_Jupiter
2.7925268031909276,160.00000000000003,0.14648809946161573,Venus_Mars_Jupiter
2.8099800957108707,161.0,0.14618145352606973,Venus_Mars_Jupiter
2.827433388230814,162.0,0.14587992813282016,Venus_Mars_Jupiter
2.844886680750757,163.0,0.14558359086981928,Venus_Mars_Jupiter
2.862339973270701,164.00000000000003,0.14529250769333976,Venus_Mars_Jupiter
2.879793265790644,165.00000000000003,0.14500674293676394,Venus_Mars_Jupiter
2.897246558310587,166.0,0.144726359319817,Venus_Mars_Jupiter
2.91469985083053,167.0,0.14445141795820926,Venus_Mars_Jupiter
2.9321531433504733,167.99999999999997,0.14418197837365096,Venus_Mars_Jupiter
2.9496064358704173,169.00000000000003,0.1439180985042061,Venus_Mars_Jupiter
2.9670597283903604,170.0,0.14365983471494886,Venus_Mars_Jupiter
2.9845130209103035,171.0,0.1434072418088897,Venus_Mars_Jupiter
3.0019663134302466,172.0,0.14316037303813556,Venus_Mars_Jupiter
3.0194196059501905,173.00000000000003,0.14291928011525196,Venus_Mars_Jupiter
3.0368728984701336,174.00000000000003,0.14268401322479302,Venus_Mars_Jupiter
3.0543261909900767,175.0,0.1424546210349665,Venus_Mars_Jupiter
3.07177948351002,176.0,0.14223115070940284,Venus_Mars_Jupiter
3.089232776029963,176.99999999999997,0.1420136479189952,Venus_Mars_Jupiter
3.106686068549907,178.00000000000003,0.1418021568537806,Venus_Mars_Jupiter
3.12413936106985,179.0,0.141596720234831,Venus_Mars_Jupiter
3.141592653589793,180.0,0.1413973793261252,Venus_Mars_Jupiter
-3.141592653589793,-180.0,0.1437794884355972,Mercury_Venus_Mars
-3.12413936106985,-179.0,0.14356029166234174,Mercury_Venus_Mars
-3.1066860685499065,-178.0,0.14334684423162425,Mercury_Venus_Mars
-3.0892327760299634,-177.0,0.14313919052899252,Mercury_Venus_Mars
-3.07177948351002,-176.0,0.1429373734992237,Mercury_Venus_Mars
-3.0543261909900767,-175.0,0.14274143465662953,Mercury_Venus_Mars
-3.036872898470133,-174.0,0.14255141409535357,Mercury_Venus_Mars
-3.01941960595019,-173.0,0.1423673504996339,Mercury_Venus_Mars
-3.0019663134302466,-172.0,0.14218928115400525,Mercury_Venus_Mars
-2.9845130209103035,-171.0,0.1420172419534148,Mercury_Venus_Mars
-2.9670597283903604,-170.0,0.14185126741322665,Mercury_Venus_Mars
-2.949606435870417,-169.0,0.1416913906790916,Mercury_Venus_Mars
-2.9321531433504737,-168.0,0.1415376435366578,Mercury_Venus_Mars
-2.91469985083053,-167.0,0.14139005642110059,Mercury_Venus_Mars
-2.897246558310587,-166.0,0.14124865842644885,Mercury_Venus_Mars
-2.8797932657906435,-165.0,0.14111347731468712,Mercury_Venus_Mars
-2.8623399732707004,-164.0,0.14098453952461298,Mercury_Venus_Mars
-2.844886680750757,-163.0,0.1408618701804302,Mercury_Venus_Mars
-2.827433388230814,-162.0,0.14074549310005888,Mercury_Venus_Mars
-2.8099800957108707,-161.0,0.14063543080314442,Mercury_Venus_Mars
-2.792526803190927,-160.0,0.14053170451874872,Mercury_Venus_Mars
-2.775073510670984,-159.0,0.14043433419270673,Mercury_Venus_Mars
-2.7576202181510405,-158.0,0.14034333849463335,Mercury_Venus_Mars
-2.7401669256310974,-157.0,0.14025873482456613,Mercury_Venus_Mars
-2.722713633111154,-156.0,0.1401805393192295,Mercury_Venus_Mars
-2.705260340591211,-155.0,0.14010876685790885,Mercury_Venus_Mars
-2.6878070480712672,-154.0,0.14004343106792136,Mercury_Venus_Mars
-2.670353755551324,-153.0,0.13998454432967317,Mercury_Venus_Mars
-2.652900463031381,-152.0,0.13993211778129253,Mercury_Venus_Mars
-2.6354471705114375,-151.0,0.1398861613228301,Mercury_Venus_Mars
-2.6179938779914944,-150.0,0.13984668362001745,Mercury_Venus_Mars
-2.600540585471551,-149.0,0.1398136921075764,Mercury_Venus_Mars
-2.5830872929516078,-148.0,0.13978719299207362,Mercury_Venus_Mars
-2.5656340004316642,-147.0,0.13976719125431344,Mercury_Venus_Mars
-2.548180707911721,-146.0,0.13975369065126514,Mercury_Venus_Mars
-2.5307274153917776,-145.0,0.1397466937175211,Mercury_Venus_Mars
-2.5132741228718345,-144.0,0.139746201766282,Mercury_Venus_Mars
-2.4958208303518914,-143.0,0.1397522148898682,Mercury_Venus_Mars
-2.478367537831948,-142.0,0.1397647319597555,Mercury_Venus_Mars
-2.4609142453120048,-141.0,0.13978375062613607,Mercury_Venus_Mars
-2.443460952792061,-140.0,0.13980926731700438,Mercury_Venus_Mars
-2.426007660272118,-139.0,0.1398412772367706,Mercury_Venus_Mars
-2.4085543677521746,-138.0,0.1398797743644042,Mercury_Venus_Mars
-2.3911010752322315,-137.0,0.13992475145111094,Mercury_Venus_Mars
-2.373647782712288,-136.0,0.13997620001754812,Mercury_Venus_Mars
-2.356194490192345,-135.0,0.1400341103505835,Mercury_Venus_Mars
-2.3387411976724017,-134.0,0.140098471499604,Mercury_Venus_Mars
-2.321287905152458,-133.0,0.14016927127238216,Mercury_Venus_Mars
-2.3038346126325147,-131.99999999999997,0.14024649623050767,Mercury_Venus_Mars
-2.2863813201125716,-131.0,0.14033013168439373,Mercury_Venus_Mars
-2.2689280275926285,-130.0,0.14042016168786792,Mercury_Venus_Mars
-2.251474735072685,-129.0,0.1405165690323587,Mercury_Venus_Mars
-2.234021442552742,-128.0,0.14061933524068918,Mercury_Venus_Mars
-2.2165681500327983,-126.99999999999999,0.1407284405604908,Mercury_Venus_Mars
-2.199114857512855,-126.0,0.1408438639572507,Mercury_Venus_Mars
-2.181661564992912,-125.00000000000001,0.14096558310700705,Mercury_Venus_Mars
-2.1642082724729685,-124.0,0.14109357438870732,Mercury_Venus_Mars
-2.146754979953025,-122.99999999999999,0.14122781287624644,Mercury_Venus_Mars
-2.129301687433082,-122.0,0.1413682723302012,Mercury_Venus_Mars
-2.111848394913139,-121.0,0.14151492518927827,Mercury_Venus_Mars
-2.0943951023931957,-120.00000000000001,0.14166774256149606,Mercury_Venus_Mars
-2.076941809873252,-119.0,0.14182669421511807,Mercury_Venus_Mars
-2.0594885173533086,-117.99999999999999,0.1419917485693591,Mercury_Venus_Mars
-2.0420352248333655,-117.0,0.1421628726848848,Mercury_Venus_Mars
-2.0245819323134224,-116.00000000000001,0.1423400322541271,Mercury_Venus_Mars
-2.007128639793479,-115.0,0.14252319159143684,Mercury_Venus_Mars
-1.9896753472735356,-114.0,0.14271231362309825,Mercury_Venus_Mars
-1.9722220547535922,-113.0,0.14290735987722825,Mercury_Venus_Mars
-1.954768762233649,-111.99999999999999,0.1431082904735859,Mercury_Venus_Mars
-1.9373154697137058,-111.0,0.1433150641133172,Mercury_Venus_Mars
-1.9198621771937625,-110.0,0.1435276380686614,Mercury_Venus_Mars
-1.9024088846738192,-109.0,0.143745968172645,Mercury_Venus_Mars
-1.8849555921538759,-108.0,0.14397000880879185,Mercury_Venus_Mars
-1.8675022996339325,-107.0,0.1441997129008761,Mercury_Venus_Mars
-1.8500490071139892,-106.0,0.14443503190274734,Mercury_Venus_Mars
-1.832595714594046,-105.0,0.14467591578825648,Mercury_Venus_Mars
-1.8151424220741026,-104.0,0.14492231304131195,Mercury_Venus_Mars
-1.7976891295541593,-102.99999999999999,0.1451741706460969,Mercury_Venus_Mars
-1.7802358370342162,-102.0,0.14543143407747652,Mercury_Venus_Mars
-1.7627825445142729,-101.0,0.14569404729162821,Mercury_Venus_Mars
-1.7453292519943295,-100.0,0.145961952716924,Mercury_Venus_Mars
-1.7278759594743862,-99.0,0.14623509124509854,Mercury_Venus_Mars
-1.710422666954443,-98.0,0.1465134022227337,Mercury_Venus_Mars
-1.6929693744344996,-97.0,0.1467968234430921,Mercury_Venus_Mars
-1.6755160819145563,-96.0,0.14708529113833266,Mercury_Venus_Mars
-1.658062789394613,-95.0,0.1473787399721402,Mercury_Venus_Mars
-1.6406094968746696,-93.99999999999999,0.14767710303280263,Mercury_Venus_Mars
-1.6231562043547265,-93.0,0.14798031182676835,Mercury_Venus_Mars
-1.6057029118347832,-92.0,0.1482882962727171,Mercury_Venus_Mars
-1.5882496193148399,-91.0,0.14860098469617747,Mercury_Venus_Mars
-1.5707963267948966,-90.0,0.14891830382472446,Mercury_Venus_Mars
-1.5533430342749532,-89.0,0.14924017878378967,Mercury_Venus_Mars
-1.53588974175501,-88.0,0.1495665330931175,Mercury_Venus_Mars
-1.5184364492350666,-87.0,0.1498972886639005,Mercury_Venus_Mars
-1.5009831567151233,-86.0,0.15023236579662613,Mercury_Venus_Mars
-1.48352986419518,-84.99999999999999,0.15057168317966757,Mercury_Venus_Mars
-1.4660765716752366,-83.99999999999999,0.15091515788865054,Mercury_Venus_Mars
-1.4486232791552935,-83.0,0.15126270538662853,Mercury_Venus_Mars
-1.4311699866353502,-82.0,0.15161423952509764,Mercury_Venus_Mars
-1.413716694115407,-81.0,0.15196967254588134,Mercury_Venus_Mars
-1.3962634015954636,-80.0,0.15232891508391663,Mercury_Venus_Mars
-1.3788101090755203,-79.0,0.15269187617097138,Mercury_Venus_Mars
-1.361356816555577,-78.0,0.15305846324032168,Mercury_Venus_Mars
-1.3439035240356336,-77.0,0.15342858213241828,Mercury_Venus_Mars
-1.3264502315156903,-75.99999999999999,0.15380213710157015,Mercury_Venus_Mars
-1.308996938995747,-74.99999999999999,0.15417903082367237,Mercury_Venus_Mars
-1.2915436464758039,-74.0,0.15455916440500464,Mercury_Venus_Mars
-1.2740903539558606,-73.0,0.15494243739212596,Mercury_Venus_Mars
-1.2566370614359172,-72.0,0.15532874778289021,Mercury_Venus_Mars
-1.239183768915974,-71.0,0.1557179920386065,Mercury_Venus_Mars
-1.2217304763960306,-70.0,0.15611006509736622,Mercury_Venus_Mars
-1.2042771838760873,-69.0,0.15650486038855904,Mercury_Venus_Mars
-1.186823891356144,-68.0,0.15690226984859826,Mercury_Venus_Mars
-1.1693705988362006,-66.99999999999999,0.15730218393787396,Mercury_Venus_Mars
-1.1519173063162573,-65.99999999999999,0.15770449165895295,Mercury_Venus_Mars
-1.1344640137963142,-65.0,0.15810908057604176,Mercury_Venus_Mars
-1.1170107212763707,-63.999999999999986,0.15851583683572806,Mercury_Venus_Mars
-1.0995574287564276,-63.0,0.15892464518901478,Mercury_Venus_Mars
-1.082104136236484,-61.999999999999986,0.1593353890146594,Mercury_Venus_Mars
-1.064650843716541,-61.0,0.1597479503438296,Mercury_Venus_Mars
-1.0471975511965979,-60.00000000000001,0.1601622098860855,Mercury_Venus_Mars
-1.0297442586766543,-58.99999999999999,0.16057804705669562,Mercury_Venus_Mars
-1.0122909661567112,-58.00000000000001,0.1609953400052942,Mercury_Venus_Mars
-0.9948376736367677,-56.99999999999999,0.16141396564588428,Mercury_Venus_Mars
-0.9773843811168246,-56.0,0.16183379968819042,Mercury_Venus_Mars
-0.959931088596881,-54.999999999999986,0.16225471667036218,Mercury_Venus_Mars
-0.9424777960769379,-54.0,0.1626765899930288,Mercury_Venus_Mars
-0.9250245035569944,-52.999999999999986,0.1630992919547037,Mercury_Venus_Mars
-0.9075712110370513,-52.0,0.16352269378853443,Mercury_Venus_Mars
-0.8901179185171082,-51.00000000000001,0.1639466657003938,Mercury_Venus_Mars
-0.8726646259971647,-49.99999999999999,0.16437107690830544,Mercury_Venus_Mars
-0.8552113334772216,-49.00000000000001,0.1647957956831938,Mercury_Venus_Mars
-0.837758040957278,-47.99999999999999,0.16522068939094947,Mercury_Venus_Mars
-0.8203047484373349,-47.0,0.16564562453579668,Mercury_Venus_Mars
-0.8028514559173914,-45.999999999999986,0.1660704668049493,Mercury_Venus_Mars
-0.7853981633974483,-45.0,0.16649508111453917,Mercury_Venus_Mars
-0.7679448708775047,-43.999999999999986,0.16691933165679898,Mercury_Venus_Mars
-0.7504915783575616,-43.0,0.1673430819484805,Mercury_Venus_Mars
-0.7330382858376185,-42.00000000000001,0.16776619488048622,Mercury_Venus_Mars
-0.715584993317675,-40.99999999999999,0.1681885327686919,Mercury_Venus_Mars
-0.6981317007977319,-40.00000000000001,0.16860995740593482,Mercury_Venus_Mars
-0.6806784082777884,-38.99999999999999,0.16903033011514076,Mercury_Venus_Mars
-0.6632251157578453,-38.0,0.16944951180356196,Mercury_Venus_Mars
-0.6457718232379017,-36.999999999999986,0.16986736301809544,Mercury_Venus_Mars
-0.6283185307179586,-36.0,0.17028374400164972,Mercury_Venus_Mars
-0.6108652381980151,-34.999999999999986,0.17069851475052722,Mercury_Venus_Mars
-0.593411945678072,-34.0,0.17111153507278606,Mercury_Venus_Mars
-0.5759586531581289,-33.00000000000001,0.17152266464754576,Mercury_Venus_Mars
-0.5585053606381853,-31.999999999999993,0.1719317630851976,Mercury_Venus_Mars
-0.5410520681182422,-31.000000000000007,0.17233868998848018,Mercury_Venus_Mars
-0.5235987755982987,-29.999999999999993,0.17274330501437912,Mercury_Venus_Mars
-0.5061454830783556,-29.000000000000004,0.17314546793680785,Mercury_Venus_Mars
-0.48869219055841207,-27.99999999999999,0.17354503871002527,Mercury_Venus_Mars
-0.47123889803846897,-27.0,0.17394187753274543,Mercury_Venus_Mars
-0.4537856055185254,-25.999999999999986,0.1743358449128918,Mercury_Venus_Mars
-0.43633231299858233,-24.999999999999996,0.1747268017329486,Mercury_Venus_Mars
-0.41887902047863923,-24.000000000000007,0.17511460931585998,Mercury_Venus_Mars
-0.4014257279586957,-22.999999999999993,0.1754991294914266,Mercury_Venus_Mars
-0.3839724354387526,-22.000000000000007,0.17588022466314882,Mercury_Venus_Mars
-0.36651914291880905,-20.999999999999993,0.17625775787546333,Mercury_Venus_Mars
-0.34906585039886595,-20.000000000000004,0.17663159288132105,Mercury_Venus_Mars
-0.3316125578789224,-18.99999999999999,0.1770015942100516,Mercury_Venus_Mars
-0.3141592653589793,-18.0,0.17736762723545926,Mercury_Venus_Mars
-0.29670597283903577,-16.999999999999986,0.17772955824409578,Mercury_Venus_Mars
-0.27925268031909267,-15.999999999999996,0.17808725450365262,Mercury_Venus_Mars
-0.2617993877991496,-15.000000000000009,0.17844058433141669,Mercury_Venus_Mars
-0.24434609527920603,-13.999999999999995,0.1787894171627317,Mercury_Venus_Mars
-0.22689280275926293,-13.000000000000005,0.17913362361940802,Mercury_Venus_Mars
-0.2094395102393194,-11.999999999999991,0.17947307557802178,Mercury_Venus_Mars
-0.1919862177193763,-11.000000000000004,0.17980764623804596,Mercury_Venus_Mars
-0.17453292519943275,-9.99999999999999,0.18013721018975412,Mercury_Venus_Mars
-0.15707963267948966,-9.0,0.18046164348183785,Mercury_Venus_Mars
-0.13962634015954611,-7.999999999999986,0.18078082368867984,Mercury_Venus_Mars
-0.12217304763960302,-6.999999999999997,0.18109462997722267,Mercury_Venus_Mars
-0.10471975511965992,-6.000000000000009,0.1814029431733752,Mercury_Venus_Mars
-0.08726646259971638,-4.999999999999995,0.1817056458278976,Mercury_Venus_Mars
-0.06981317007977328,-4.000000000000005,0.18200262228170663,Mercury_Venus_Mars
-0.05235987755982974,-2.9999999999999916,0.18229375873054304,Mercury_Venus_Mars
-0.03490658503988664,-2.0000000000000027,0.18257894328894292,Mercury_Venus_Mars
-0.017453292519943098,-0.9999999999999887,0.18285806605345636,Mercury_Venus_Mars
0.0,0.0,0.18313101916505575,Mercury_Venus_Mars
0.017453292519943542,1.0000000000000142,0.18339769687067758,Mercury_Venus_Mars
0.03490658503988664,2.0000000000000027,0.18365799558384266,Mercury_Venus_Mars
0.05235987755982974,2.9999999999999916,0.1839118139442987,Mercury_Venus_Mars
0.06981317007977328,4.000000000000005,0.18415905287663206,Mercury_Venus_Mars
0.08726646259971638,4.999999999999995,0.18439961564779436,Mercury_Venus_Mars
0.10471975511965992,6.000000000000009,0.18463340792349203,Mercury_Venus_Mars
0.12217304763960302,6.999999999999997,0.18486033782338737,Mercury_Venus_Mars
0.13962634015954656,8.00000000000001,0.18508031597505936,Mercury_Venus_Mars
0.15707963267948966,9.0,0.1852932555666764,Mercury_Venus_Mars
0.1745329251994332,10.000000000000014,0.18549907239833127,Mercury_Venus_Mars
0.1919862177193763,11.000000000000004,0.1856976849319918,Mercury_Venus_Mars
0.20943951023931984,12.000000000000018,0.1858890143400206,Mercury_Venus_Mars
0.22689280275926293,13.000000000000005,0.18607298455222016,Mercury_Venus_Mars
0.24434609527920603,13.999999999999995,0.18624952230135863,Mercury_Venus_Mars
0.2617993877991496,15.000000000000009,0.18641855716713546,Mercury_Venus_Mars
0.27925268031909267,15.999999999999996,0.18658002161854526,Mercury_Venus_Mars
0.2967059728390362,17.00000000000001,0.18673385105460147,Mercury_Venus_Mars
0.3141592653589793,18.0,0.18687998384338153,Mercury_Venus_Mars
0.33161255787892285,19.000000000000014,0.1870183613593584,Mercury_Venus_Mars
0.34906585039886595,20.000000000000004,0.18714892801898225,Mercury_Venus_Mars
0.3665191429188095,21.000000000000018,0.18727163131448116,Mercury_Venus_Mars
0.3839724354387526,22.000000000000007,0.18738642184584836,Mercury_Venus_Mars
0.4014257279586957,22.999999999999993,0.18749325335098643,Mercury_Venus_Mars
0.41887902047863923,24.000000000000007,0.1875920827339813,Mercury_Venus_Mars
0.43633231299858233,24.999999999999996,0.1876828700914789,Mercury_Venus_Mars
0.45378560551852587,26.00000000000001,0.18776557873714053,Mercury_Venus_Mars
0.47123889803846897,27.0,0.1878401752241541,Mercury_Venus_Mars
0.4886921905584125,28.000000000000014,0.18790662936578062,Mercury_Venus_Mars
0.5061454830783556,29.000000000000004,0.18796491425391637,Mercury_Venus_Mars
0.5235987755982991,30.000000000000018,0.18801500627565404,Mercury_Venus_Mars
0.5410520681182422,31.000000000000007,0.18805688512782742,Mercury_Venus_Mars
0.5585053606381853,31.999999999999993,0.18809053382952534,Mercury_Venus_Mars
0.5759586531581289,33.00000000000001,0.18811593873256482,Mercury_Venus_Mars
0.593411945678072,34.0,0.18813308952991237,Mercury_Venus_Mars
0.6108652381980155,35.000000000000014,0.1881419792620456,Mercury_Venus_Mars
0.6283185307179586,36.0,0.18814260432125066,Mercury_Venus_Mars
0.6457718232379022,37.000000000000014,0.18813496445384995,Mercury_Venus_Mars
0.6632251157578453,38.0,0.18811906276035867,Mercury_Venus_Mars
0.6806784082777888,39.000000000000014,0.1880949056935703,Mercury_Venus_Mars
0.6981317007977319,40.00000000000001,0.18806250305457214,Mercury_Venus_Mars
0.715584993317675,40.99999999999999,0.18802186798669562,Mercury_Venus_Mars
0.7330382858376185,42.00000000000001,0.18797301696740573,Mercury_Venus_Mars
0.7504915783575616,43.0,0.18791596979813802,Mercury_Venus_Mars
0.7679448708775052,44.000000000000014,0.18785074959209233,Mercury_Venus_Mars
0.7853981633974483,45.0,0.18777738275999464,Mercury_Venus_Mars
0.8028514559173918,46.000000000000014,0.18769589899383987,Mercury_Venus_Mars
0.8203047484373349,47.0,0.18760633124863135,Mercury_Venus_Mars
0.8377580409572785,48.000000000000014,0.18750871572213312,Mercury_Venus_Mars
0.8552113334772216,49.00000000000001,0.18740309183265483,Mercury_Venus_Mars
0.8726646259971647,49.99999999999999,0.18728950219488882,Mercury_Venus_Mars
0.8901179185171078,50.999999999999986,0.18716799259382247,Mercury_Venus_Mars
0.9075712110370517,52.00000000000002,0.1870386119567498,Mercury_Venus_Mars
0.9250245035569948,53.000000000000014,0.18690141232340807,Mercury_Venus_Mars
0.9424777960769379,54.0,0.18675644881426762,Mercury_Venus_Mars
0.959931088596881,54.999999999999986,0.18660377959700342,Mercury_Venus_Mars
0.977384381116825,56.00000000000003,0.18644346585118082,Mercury_Venus_Mars
0.9948376736367681,57.000000000000014,0.18627557173118622,Mercury_Venus_Mars
1.0122909661567112,58.00000000000001,0.18610016432743898,Mercury_Venus_Mars
1.0297442586766543,58.99999999999999,0.18591731362591946,Mercury_Venus_Mars
1.0471975511965974,59.999999999999986,0.1857270924660502,Mercury_Venus_Mars
1.0646508437165414,61.00000000000002,0.18552957649697055,Mercury_Venus_Mars
1.0821041362364845,62.000000000000014,0.18532484413224376,Mercury_Venus_Mars
1.0995574287564276,63.0,0.1851129765030392,Mercury_Venus_Mars
1.1170107212763707,63.999999999999986,0.18489405740983278,Mercury_Venus_Mars
1.1344640137963147,65.00000000000003,0.18466817327266963,Mercury_Venus_Mars
1.1519173063162578,66.00000000000001,0.1844354130800356,Mercury_Venus_Mars
1.1693705988362009,67.0,0.184195868336384,Mercury_Venus_Mars
1.186823891356144,68.0,0.18394963300836603,Mercury_Venus_Mars
1.204277183876087,68.99999999999999,0.18369680346981426,Mercury_Venus_Mars
1.221730476396031,70.00000000000003,0.1834374784455298,Mercury_Venus_Mars
1.2391837689159741,71.00000000000001,0.18317175895392404,Mercury_Venus_Mars
1.2566370614359172,72.0,0.18289974824856764,Mercury_Venus_Mars
1.2740903539558603,72.99999999999999,0.18262155175870043,Mercury_Venus_Mars
1.2915436464758043,74.00000000000003,0.18233727702875568,Mercury_Venus_Mars
1.3089969389957474,75.00000000000001,0.1820470336569539,Mercury_Venus_Mars
1.3264502315156905,76.0,0.18175093323302213,Mercury_Venus_Mars
1.3439035240356336,77.0,0.18144908927509423,Mercury_Venus_Mars
1.3613568165555767,77.99999999999999,0.1811416171658496,Mercury_Venus_Mars
1.3788101090755207,79.00000000000003,0.18082863408794744,Mercury_Venus_Mars
1.3962634015954638,80.00000000000001,0.18051025895881423,Mercury_Venus_Mars
1.413716694115407,81.0,0.18018661236484246,Mercury_Venus_Mars
1.43116998663535,81.99999999999999,0.1798578164950597,Mercury_Venus_Mars
1.448623279155294,83.00000000000003,0.17952399507432543,Mercury_Venus_Mars
1.466076571675237,84.00000000000001,0.17918527329611592,Mercury_Venus_Mars
1.4835298641951802,85.0,0.17884177775495477,Mercury_Venus_Mars
1.5009831567151233,86.0,0.17849363637854865,Mercury_Venus_Mars
1.5184364492350664,86.99999999999999,0.1781409783596871,Mercury_Venus_Mars
1.5358897417550104,88.00000000000003,0.1777839340879647,Mercury_Venus_Mars
1.5533430342749535,89.00000000000001,0.17742263508138453,Mercury_Venus_Mars
1.5707963267948966,90.0,0.17705721391790089,Mercury_Venus_Mars
1.5882496193148397,90.99999999999999,0.1766878041669588,Mercury_Venus_Mars
1.6057029118347836,92.00000000000003,0.17631454032108865,Mercury_Venus_Mars
1.6231562043547267,93.00000000000001,0.17593755772761172,Mercury_Venus_Mars
1.6406094968746698,94.0,0.17555699252051377,Mercury_Venus_Mars
1.658062789394613,95.0,0.17517298155254205,Mercury_Venus_Mars
1.675516081914556,95.99999999999999,0.17478566232758067,Mercury_Venus_Mars
1.6929693744345,97.00000000000003,0.17439517293335882,Mercury_Venus_Mars
1.7104226669544431,98.00000000000001,0.17400165197454479,Mercury_Venus_Mars
1.7278759594743862,99.0,0.1736052385062783,Mercury_Venus_Mars
1.7453292519943293,99.99999999999999,0.17320607196819318,Mercury_Venus_Mars
1.7627825445142733,101.00000000000003,0.17280429211897966,Mercury_Venus_Mars
1.7802358370342164,102.00000000000001,0.17240003897153688,Mercury_Venus_Mars
1.7976891295541595,103.0,0.1719934527287627,Mercury_Venus_Mars
1.8151424220741026,104.0,0.17158467372002828,Mercury_Venus_Mars
1.8325957145940457,104.99999999999999,0.17117384233838304,Mercury_Venus_Mars
1.8500490071139897,106.00000000000003,0.17076109897853414,Mercury_Venus_Mars
1.8675022996339328,107.00000000000001,0.17034658397564362,Mercury_Venus_Mars
1.8849555921538759,108.0,0.16993043754498421,Mercury_Venus_Mars
1.902408884673819,108.99999999999999,0.16951279972249475,Mercury_Venus_Mars
1.919862177193763,110.00000000000003,0.16909381030627296,Mercury_Venus_Mars
1.937315469713706,111.00000000000001,0.16867360879904295,Mercury_Venus_Mars
1.9547687622336491,112.0,0.16825233435163217,Mercury_Venus_Mars
1.9722220547535922,113.0,0.16783012570749278,Mercury_Venus_Mars
1.9896753472735353,113.99999999999999,0.16740712114829837,Mercury_Venus_Mars
2.0071286397934793,115.00000000000003,0.16698345844064683,Mercury_Venus_Mars
2.0245819323134224,116.00000000000001,0.16655927478389834,Mercury_Venus_Mars
2.0420352248333655,117.0,0.16613470675917474,Mercury_Venus_Mars
2.0594885173533086,117.99999999999999,0.1657098902795462,Mercury_Venus_Mars
2.0769418098732526,119.00000000000003,0.16528496054142824,Mercury_Venus_Mars
2.0943951023931957,120.00000000000001,0.16486005197721054,Mercury_Venus_Mars
2.111848394913139,121.0,0.16443529820913766,Mercury_Venus_Mars
2.129301687433082,122.0,0.16401083200445962,Mercury_Venus_Mars
2.146754979953025,122.99999999999999,0.16358678523186862,Mercury_Venus_Mars
2.164208272472969,124.00000000000003,0.16316328881923592,Mercury_Venus_Mars
2.181661564992912,125.00000000000001,0.16274047271266193,Mercury_Venus_Mars
2.199114857512855,126.0,0.16231846583684997,Mercury_Venus_Mars
2.2165681500327983,126.99999999999999,0.16189739605681297,Mercury_Venus_Mars
2.2340214425527423,128.00000000000003,0.16147739014091975,Mercury_Venus_Mars
2.2514747350726854,129.00000000000003,0.16105857372528756,Mercury_Venus_Mars
2.2689280275926285,130.0,0.16064107127952224,Mercury_Venus_Mars
2.2863813201125716,131.0,0.16022500607381096,Mercury_Venus_Mars
2.3038346126325147,131.99999999999997,0.1598105001473649,Mercury_Venus_Mars
2.3212879051524586,133.00000000000003,0.15939767427821247,Mercury_Venus_Mars
2.3387411976724017,134.0,0.1589866479543387,Mercury_Venus_Mars
2.356194490192345,135.0,0.15857753934616653,Mercury_Venus_Mars
2.373647782712288,136.0,0.15817046528037357,Mercury_Venus_Mars
2.391101075232232,137.00000000000003,0.15776554121503647,Mercury_Venus_Mars
2.408554367752175,138.00000000000003,0.15736288121609293,Mercury_Venus_Mars
2.426007660272118,139.0,0.15696259793511125,Mercury_Venus_Mars
2.443460952792061,140.0,0.1565648025883539,Mercury_Venus_Mars
2.4609142453120043,140.99999999999997,0.15616960493712254,Mercury_Venus_Mars
2.4783675378319483,142.00000000000003,0.15577711326936797,Mercury_Venus_Mars
2.4958208303518914,143.0,0.1553874343825491,Mercury_Venus_Mars
2.5132741228718345,144.0,0.1550006735677237,Mercury_Venus_Mars
2.5307274153917776,145.0,0.15461693459485049,Mercury_Venus_Mars
2.5481807079117216,146.00000000000003,0.15423631969928364,Mercury_Venus_Mars
2.5656340004316647,147.00000000000003,0.1538589295694374,Mercury_Venus_Mars
2.5830872929516078,148.0,0.15348486333559885,Mercury_Venus_Mars
2.600540585471551,149.0,0.15311421855986526,Mercury_Venus_Mars
2.617993877991494,149.99999999999997,0.15274709122718133,Mercury_Venus_Mars
2.635447170511438,151.00000000000003,0.15238357573745126,Mercury_Venus_Mars
2.652900463031381,152.0,0.15202376489869876,Mercury_Venus_Mars
2.670353755551324,153.0,0.1516677499212486,Mercury_Venus_Mars
2.6878070480712672,154.0,0.15131562041290145,Mercury_Venus_Mars
2.7052603405912112,155.00000000000003,0.15096746437507333,Mercury_Venus_Mars
2.7227136331111543,156.00000000000003,0.15062336819987057,Mercury_Venus_Mars
2.7401669256310974,157.0,0.15028341666807038,Mercury_Venus_Mars
2.7576202181510405,158.0,0.14994769294797647,Mercury_Venus_Mars
2.7750735106709836,158.99999999999997,0.14961627859511928,Mercury_Venus_Mars
2.7925268031909276,160.00000000000003,0.14928925355276837,Mercury_Venus_Mars
2.8099800957108707,161.0,0.14896669615322652,Mercury_Venus_Mars
2.827433388230814,162.0,0.14864868311987262,Mercury_Venus_Mars
2.844886680750757,163.0,0.14833528956992056,Mercury_Venus_Mars
2.862339973270701,164.00000000000003,0.1480265890178627,Mercury_Venus_Mars
2.879793265790644,165.00000000000003,0.14772265337956383,Mercury_Venus_Mars
2.897246558310587,166.0,0.1474235529769733,Mercury_Venus_Mars
2.91469985083053,167.0,0.1471293565434218,Mercury_Venus_Mars
2.9321531433504733,167.99999999999997,0.14684013122946993,Mercury_Venus_Mars
2.9496064358704173,169.00000000000003,0.1465559426092752,Mercury_Venus_Mars
2.9670597283903604,170.0,0.1462768546874447,Mercury_Venus_Mars
2.9845130209103035,171.0,0.14600292990633934,Mercury_Venus_Mars
3.0019663134302466,172.0,0.14573422915379838,Mercury_Venus_Mars
3.0194196059501905,173.00000000000003,0.1454708117712498,Mercury_Venus_Mars
3.0368728984701336,174.00000000000003,0.145212735562175,Mercury_Venus_Mars
3.0543261909900767,175.0,0.14496005680089546,Mercury_Venus_Mars
3.07177948351002,176.0,0.14471283024164852,Mercury_Venus_Mars
3.089232776029963,176.99999999999997,0.14447110912792152,Mercury_Venus_Mars
3.106686068549907,178.00000000000003,0.1442349452020126,Mercury_Venus_Mars
3.12413936106985,179.0,0.14400438871478674,Mercury_Venus_Mars
3.141592653589793,180.0,0.1437794884355972,Mercury_Venus_Mars
-3.141592653589793,-180.0,0.15587367849760023,All_NonSolar_Major
-3.12413936106985,-179.0,0.15577820704349146,All_NonSolar_Major
-3.1066860685499065,-178.0,0.15568491904918785,All_NonSolar_Major
-3.0892327760299634,-177.0,0.1555938397697166,All_NonSolar_Major
-3.07177948351002,-176.0,0.15550499382156607,All_NonSolar_Major
-3.0543261909900767,-175.0,0.15541840517893513,All_NonSolar_Major
-3.036872898470133,-174.0,0.15533409717013053,All_NonSolar_Major
-3.01941960595019,-173.0,0.15525209247410893,All_NonSolar_Major
-3.0019663134302466,-172.0,0.15517241311716035,All_NonSolar_Major
-2.9845130209103035,-171.0,0.15509508046973058,All_NonSolar_Major
-2.9670597283903604,-170.0,0.15502011524337841,All_NonSolar_Major
-2.949606435870417,-169.0,0.1549475374878653,All_NonSolar_Major
-2.9321531433504737,-168.0,0.15487736658837403,All_NonSolar_Major
-2.91469985083053,-167.0,0.15480962126285364,All_NonSolar_Major
-2.897246558310587,-166.0,0.15474431955948728,All_NonSolar_Major
-2.8797932657906435,-165.0,0.15468147885428082,All_NonSolar_Major
-2.8623399732707004,-164.0,0.15462111584876842,All_NonSolar_Major
-2.844886680750757,-163.0,0.154563246567833,All_NonSolar_Major
-2.827433388230814,-162.0,0.15450788635763865,All_NonSolar_Major
-2.8099800957108707,-161.0,0.1544550498836728,All_NonSolar_Major
-2.792526803190927,-160.0,0.15440475112889462,All_NonSolar_Major
-2.775073510670984,-159.0,0.1543570033919883,All_NonSolar_Major
-2.7576202181510405,-158.0,0.1543118192857184,All_NonSolar_Major
-2.7401669256310974,-157.0,0.15426921073538494,All_NonSolar_Major
-2.722713633111154,-156.0,0.154229188977376,All_NonSolar_Major
-2.705260340591211,-155.0,0.15419176455781625,All_NonSolar_Major
-2.6878070480712672,-154.0,0.1541569473313088,All_NonSolar_Major
-2.670353755551324,-153.0,0.15412474645976917,All_NonSolar_Major
-2.652900463031381,-152.0,0.15409517041134912,All_NonSolar_Major
-2.6354471705114375,-151.0,0.15406822695944886,All_NonSolar_Major
-2.6179938779914944,-150.0,0.15404392318181623,All_NonSolar_Major
-2.600540585471551,-149.0,0.15402226545973158,All_NonSolar_Major
-2.5830872929516078,-148.0,0.15400325947727664,All_NonSolar_Major
-2.5656340004316642,-147.0,0.15398691022068658,All_NonSolar_Major
-2.548180707911721,-146.0,0.15397322197778407,All_NonSolar_Major
-2.5307274153917776,-145.0,0.1539621983374945,All_NonSolar_Major
-2.5132741228718345,-144.0,0.1539538421894416,All_NonSolar_Major
-2.4958208303518914,-143.0,0.15394815572362255,All_NonSolar_Major
-2.478367537831948,-142.0,0.1539451404301626,All_NonSolar_Major
-2.4609142453120048,-141.0,0.15394479709914793,All_NonSolar_Major
-2.443460952792061,-140.0,0.15394712582053746,All_NonSolar_Major
-2.426007660272118,-139.0,0.1539521259841528,All_NonSolar_Major
-2.4085543677521746,-138.0,0.15395979627974637,All_NonSolar_Major
-2.3911010752322315,-137.0,0.15397013469714818,All_NonSolar_Major
-2.373647782712288,-136.0,0.15398313852649098,All_NonSolar_Major
-2.356194490192345,-135.0,0.15399880435851507,All_NonSolar_Major
-2.3387411976724017,-134.0,0.15401712808495163,All_NonSolar_Major
-2.321287905152458,-133.0,0.15403810489898723,All_NonSolar_Major
-2.3038346126325147,-131.99999999999997,0.15406172929580858,All_NonSolar_Major
-2.2863813201125716,-131.0,0.15408799507322943,All_NonSolar_Major
-2.2689280275926285,-130.0,0.15411689533240003,All_NonSolar_Major
-2.251474735072685,-129.0,0.15414842247860083,All_NonSolar_Major
-2.234021442552742,-128.0,0.15418256822212098,All_NonSolar_Major
-2.2165681500327983,-126.99999999999999,0.15421932357922372,All_NonSolar_Major
-2.199114857512855,-126.0,0.15425867887319938,All_NonSolar_Major
-2.181661564992912,-125.00000000000001,0.15430062373550874,All_NonSolar_Major
-2.1642082724729685,-124.0,0.15434514710701663,All_NonSolar_Major
-2.146754979953025,-122.99999999999999,0.1543922372393199,All_NonSolar_Major
-2.129301687433082,-122.0,0.1544418816961696,All_NonSolar_Major
-2.111848394913139,-121.0,0.15449406735499058,All_NonSolar_Major
-2.0943951023931957,-120.00000000000001,0.1545487804085006,All_NonSolar_Major
-2.076941809873252,-119.0,0.15460600636643035,All_NonSolar_Major
-2.0594885173533086,-117.99999999999999,0.15466573005734793,All_NonSolar_Major
-2.0420352248333655,-117.0,0.15472793563058918,All_NonSolar_Major
-2.0245819323134224,-116.00000000000001,0.15479260655829677,All_NonSolar_Major
-2.007128639793479,-115.0,0.15485972563757092,All_NonSolar_Major
-1.9896753472735356,-114.0,0.15492927499273354,All_NonSolar_Major
-1.9722220547535922,-113.0,0.15500123607770988,All_NonSolar_Major
-1.954768762233649,-111.99999999999999,0.155075589678529,All_NonSolar_Major
-1.9373154697137058,-111.0,0.15515231591594716,All_NonSolar_Major
-1.9198621771937625,-110.0,0.15523139424819626,All_NonSolar_Major
-1.9024088846738192,-109.0,0.155312803473861,All_NonSolar_Major
-1.8849555921538759,-108.0,0.15539652173488686,All_NonSolar_Major
-1.8675022996339325,-107.0,0.15548252651972327,All_NonSolar_Major
-1.8500490071139892,-106.0,0.15557079466660392,All_NonSolar_Major
-1.832595714594046,-105.0,0.15566130236696796,All_NonSolar_Major
-1.8151424220741026,-104.0,0.15575402516902526,All_NonSolar_Major
-1.7976891295541593,-102.99999999999999,0.15584893798146898,All_NonSolar_Major
-1.7802358370342162,-102.0,0.1559460150773382,All_NonSolar_Major
-1.7627825445142729,-101.0,0.15604523009803473,All_NonSolar_Major
-1.7453292519943295,-100.0,0.15614655605749655,All_NonSolar_Major
-1.7278759594743862,-99.0,0.15624996534653157,All_NonSolar_Major
-1.710422666954443,-98.0,0.156355429737315,All_NonSolar_Major
-1.6929693744344996,-97.0,0.156462920388053,All_NonSolar_Major
-1.6755160819145563,-96.0,0.15657240784781715,All_NonSolar_Major
-1.658062789394613,-95.0,0.1566838620615509,All_NonSolar_Major
-1.6406094968746696,-93.99999999999999,0.1567972523752533,All_NonSolar_Major
-1.6231562043547265,-93.0,0.1569125475413419,All_NonSolar_Major
-1.6057029118347832,-92.0,0.157029715724198,All_NonSolar_Major
-1.5882496193148399,-91.0,0.15714872450589779,All_NonSolar_Major
-1.5707963267948966,-90.0,0.157269540892132,All_NonSolar_Major
-1.5533430342749532,-89.0,0.15739213131831686,All_NonSolar_Major
-1.53588974175501,-88.0,0.15751646165590005,All_NonSolar_Major
-1.5184364492350666,-87.0,0.15764249721886311,All_NonSolar_Major
-1.5009831567151233,-86.0,0.15777020277042408,All_NonSolar_Major
-1.48352986419518,-84.99999999999999,0.1578995425299429,All_NonSolar_Major
-1.4660765716752366,-83.99999999999999,0.15803048018003138,All_NonSolar_Major
-1.4486232791552935,-83.0,0.15816297887387085,All_NonSolar_Major
-1.4311699866353502,-82.0,0.15829700124273957,All_NonSolar_Major
-1.413716694115407,-81.0,0.1584325094037523,All_NonSolar_Major
-1.3962634015954636,-80.0,0.15856946496781366,All_NonSolar_Major
-1.3788101090755203,-79.0,0.1587078290477875,All_NonSolar_Major
-1.361356816555577,-78.0,0.1588475622668845,All_NonSolar_Major
-1.3439035240356336,-77.0,0.15898862476726916,All_NonSolar_Major
-1.3264502315156903,-75.99999999999999,0.15913097621888775,All_NonSolar_Major
-1.308996938995747,-74.99999999999999,0.15927457582851892,All_NonSolar_Major
-1.2915436464758039,-74.0,0.15941938234904815,All_NonSolar_Major
-1.2740903539558606,-73.0,0.1595653540889669,All_NonSolar_Major
-1.2566370614359172,-72.0,0.15971244892209777,All_NonSolar_Major
-1.239183768915974,-71.0,0.159860624297546,All_NonSolar_Major
-1.2217304763960306,-70.0,0.16000983724987808,All_NonSolar_Major
-1.2042771838760873,-69.0,0.16016004440952827,All_NonSolar_Major
-1.186823891356144,-68.0,0.16031120201343216,All_NonSolar_Major
-1.1693705988362006,-66.99999999999999,0.1604632659158888,All_NonSolar_Major
-1.1519173063162573,-65.99999999999999,0.16061619159964977,All_NonSolar_Major
-1.1344640137963142,-65.0,0.16076993418723573,All_NonSolar_Major
-1.1170107212763707,-63.999999999999986,0.16092444845247994,All_NonSolar_Major
-1.0995574287564276,-63.0,0.16107968883229692,All_NonSolar_Major
-1.082104136236484,-61.999999999999986,0.16123560943867676,All_NonSolar_Major
-1.064650843716541,-61.0,0.16139216407090276,All_NonSolar_Major
-1.0471975511965979,-60.00000000000001,0.16154930622799127,All_NonSolar_Major
-1.0297442586766543,-58.99999999999999,0.16170698912135256,All_NonSolar_Major
-1.0122909661567112,-58.00000000000001,0.16186516568766998,All_NonSolar_Major
-0.9948376736367677,-56.99999999999999,0.16202378860199637,All_NonSolar_Major
-0.9773843811168246,-56.0,0.16218281029106454,All_NonSolar_Major
-0.959931088596881,-54.999999999999986,0.16234218294680952,All_NonSolar_Major
-0.9424777960769379,-54.0,0.16250185854010052,All_NonSolar_Major
-0.9250245035569944,-52.999999999999986,0.16266178883467833,All_NonSolar_Major
-0.9075712110370513,-52.0,0.16282192540129597,All_NonSolar_Major
-0.8901179185171082,-51.00000000000001,0.16298221963205883,All_NonSolar_Major
-0.8726646259971647,-49.99999999999999,0.16314262275496025,All_NonSolar_Major
-0.8552113334772216,-49.00000000000001,0.16330308584860945,All_NonSolar_Major
-0.837758040957278,-47.99999999999999,0.16346355985714653,All_NonSolar_Major
-0.8203047484373349,-47.0,0.1636239956053412,All_NonSolar_Major
-0.8028514559173914,-45.999999999999986,0.1637843438138698,All_NonSolar_Major
-0.7853981633974483,-45.0,0.16394455511476644,All_NonSolar_Major
-0.7679448708775047,-43.999999999999986,0.16410458006704282,All_NonSolar_Major
-0.7504915783575616,-43.0,0.16426436917247098,All_NonSolar_Major
-0.7330382858376185,-42.00000000000001,0.16442387289152474,All_NonSolar_Major
-0.715584993317675,-40.99999999999999,0.1645830416594723,All_NonSolar_Major
-0.6981317007977319,-40.00000000000001,0.16474182590261566,All_NonSolar_Major
-0.6806784082777884,-38.99999999999999,0.16490017605466964,All_NonSolar_Major
-0.6632251157578453,-38.0,0.16505804257327447,All_NonSolar_Major
-0.6457718232379017,-36.999999999999986,0.1652153759566349,All_NonSolar_Major
-0.6283185307179586,-36.0,0.16537212676027996,All_NonSolar_Major
-0.6108652381980151,-34.999999999999986,0.16552824561393492,All_NonSolar_Major
-0.593411945678072,-34.0,0.16568368323849966,All_NonSolar_Major
-0.5759586531581289,-33.00000000000001,0.1658383904631245,All_NonSolar_Major
-0.5585053606381853,-31.999999999999993,0.16599231824237784,All_NonSolar_Major
-0.5410520681182422,-31.000000000000007,0.1661454176734949,All_NonSolar_Major
-0.5235987755982987,-29.999999999999993,0.166297640013703,All_NonSolar_Major
-0.5061454830783556,-29.000000000000004,0.16644893669761232,All_NonSolar_Major
-0.48869219055841207,-27.99999999999999,0.16659925935466544,All_NonSolar_Major
-0.47123889803846897,-27.0,0.1667485598266361,All_NonSolar_Major
-0.4537856055185254,-25.999999999999986,0.1668967901851701,All_NonSolar_Major
-0.43633231299858233,-24.999999999999996,0.16704390274935713,All_NonSolar_Major
-0.41887902047863923,-24.000000000000007,0.167189850103327,All_NonSolar_Major
-0.4014257279586957,-22.999999999999993,0.16733458511385974,All_NonSolar_Major
-0.3839724354387526,-22.000000000000007,0.16747806094800025,All_NonSolar_Major
-0.36651914291880905,-20.999999999999993,0.16762023109066945,All_NonSolar_Major
-0.34906585039886595,-20.000000000000004,0.16776104936226088,All_NonSolar_Major
-0.3316125578789224,-18.99999999999999,0.16790046993621469,All_NonSolar_Major
-0.3141592653589793,-18.0,0.1680384473565575,All_NonSolar_Major
-0.29670597283903577,-16.999999999999986,0.16817493655540086,All_NonSolar_Major
-0.27925268031909267,-15.999999999999996,0.16830989287038592,All_NonSolar_Major
-0.2617993877991496,-15.000000000000009,0.1684432720620665,All_NonSolar_Major
-0.24434609527920603,-13.999999999999995,0.1685750303312192,All_NonSolar_Major
-0.22689280275926293,-13.000000000000005,0.1687051243360711,All_NonSolar_Major
-0.2094395102393194,-11.999999999999991,0.16883351120943527,All_NonSolar_Major
-0.1919862177193763,-11.000000000000004,0.16896014857574326,All_NonSolar_Major
-0.17453292519943275,-9.99999999999999,0.16908499456796516,All_NonSolar_Major
-0.15707963267948966,-9.0,0.16920800784440657,All_NonSolar_Major
-0.13962634015954611,-7.999999999999986,0.16932914760537301,All_NonSolar_Major
-0.12217304763960302,-6.999999999999997,0.1694483736096904,All_NonSolar_Major
-0.10471975511965992,-6.000000000000009,0.16956564619107317,All_NonSolar_Major
-0.08726646259971638,-4.999999999999995,0.1696809262743284,All_NonSolar_Major
-0.06981317007977328,-4.000000000000005,0.16979417539138658,All_NonSolar_Major
-0.05235987755982974,-2.9999999999999916,0.16990535569714943,All_NonSolar_Major
-0.03490658503988664,-2.0000000000000027,0.17001442998514324,All_NonSolar_Major
-0.017453292519943098,-0.9999999999999887,0.17012136170296993,All_NonSolar_Major
0.0,0.0,0.17022611496754417,All_NonSolar_Major
0.017453292519943542,1.0000000000000142,0.1703286545801076,All_NonSolar_Major
0.03490658503988664,2.0000000000000027,0.17042894604101078,All_NonSolar_Major
0.05235987755982974,2.9999999999999916,0.17052695556425213,All_NonSolar_Major
0.06981317007977328,4.000000000000005,0.17062265009176586,All_NonSolar_Major
0.08726646259971638,4.999999999999995,0.17071599730744844,All_NonSolar_Major
0.10471975511965992,6.000000000000009,0.1708069656509146,All_NonSolar_Major
0.12217304763960302,6.999999999999997,0.17089552433097416,All_NonSolar_Major
0.13962634015954656,8.00000000000001,0.1709816433388205,All_NonSolar_Major
0.15707963267948966,9.0,0.17106529346092134,All_NonSolar_Major
0.1745329251994332,10.000000000000014,0.1711464462916047,All_NonSolar_Major
0.1919862177193763,11.000000000000004,0.17122507424532926,All_NonSolar_Major
0.20943951023931984,12.000000000000018,0.17130115056863351,All_NonSolar_Major
0.22689280275926293,13.000000000000005,0.17137464935175317,All_NonSolar_Major
0.24434609527920603,13.999999999999995,0.17144554553990074,All_NonSolar_Major
0.2617993877991496,15.000000000000009,0.1715138149441984,All_NonSolar_Major
0.27925268031909267,15.999999999999996,0.17157943425225747,All_NonSolar_Major
0.2967059728390362,17.00000000000001,0.17164238103839669,All_NonSolar_Major
0.3141592653589793,18.0,0.1717026337734926,All_NonSolar_Major
0.33161255787892285,19.000000000000014,0.17176017183445513,All_NonSolar_Major
0.34906585039886595,20.000000000000004,0.1718149755133216,All_NonSolar_Major
0.3665191429188095,21.000000000000018,0.1718670260259633,All_NonSolar_Major
0.3839724354387526,22.000000000000007,0.17191630552039822,All_NonSolar_Major
0.4014257279586957,22.999999999999993,0.17196279708470433,All_NonSolar_Major
0.41887902047863923,24.000000000000007,0.1720064847545276,All_NonSolar_Major
0.43633231299858233,24.999999999999996,0.17204735352018,All_NonSolar_Major
0.45378560551852587,26.00000000000001,0.17208538933332201,All_NonSolar_Major
0.47123889803846897,27.0,0.17212057911322534,All_NonSolar_Major
0.4886921905584125,28.000000000000014,0.1721529107526109,All_NonSolar_Major
0.5061454830783556,29.000000000000004,0.1721823731230589,All_NonSolar_Major
0.5235987755982991,30.000000000000018,0.1722089560799859,All_NonSolar_Major
0.5410520681182422,31.000000000000007,0.17223265046718692,All_NonSolar_Major
0.5585053606381853,31.999999999999993,0.1722534481209374,All_NonSolar_Major
0.5759586531581289,33.00000000000001,0.1722713418736543,All_NonSolar_Major
0.593411945678072,34.0,0.17228632555711215,All_NonSolar_Major
0.6108652381980155,35.000000000000014,0.17229839400521213,All_NonSolar_Major
0.6283185307179586,36.0,0.17230754305630278,All_NonSolar_Major
0.6457718232379022,37.000000000000014,0.17231376955505007,All_NonSolar_Major
0.6632251157578453,38.0,0.17231707135385554,All_NonSolar_Major
0.6806784082777888,39.000000000000014,0.17231744731382231,All_NonSolar_Major
0.6981317007977319,40.00000000000001,0.17231489730526678,All_NonSolar_Major
0.715584993317675,40.99999999999999,0.17230942220777704,All_NonSolar_Major
0.7330382858376185,42.00000000000001,0.17230102390981755,All_NonSolar_Major
0.7504915783575616,43.0,0.17228970530787985,All_NonSolar_Major
0.7679448708775052,44.000000000000014,0.17227547030518056,All_NonSolar_Major
0.7853981633974483,45.0,0.17225832380990708,All_NonSolar_Major
0.8028514559173918,46.000000000000014,0.172238271733013,All_NonSolar_Major
0.8203047484373349,47.0,0.1722153209855636,All_NonSolar_Major
0.8377580409572785,48.000000000000014,0.17218947947563473,All_NonSolar_Major
0.8552113334772216,49.00000000000001,0.17216075610476572,All_NonSolar_Major
0.8726646259971647,49.99999999999999,0.17212916076397053,All_NonSolar_Major
0.8901179185171078,50.999999999999986,0.17209470432930837,All_NonSolar_Major
0.9075712110370517,52.00000000000002,0.1720573986570182,All_NonSolar_Major
0.9250245035569948,53.000000000000014,0.17201725657821929,All_NonSolar_Major
0.9424777960769379,54.0,0.17197429189318333,All_NonSolar_Major
0.959931088596881,54.999999999999986,0.1719285193651799,All_NonSolar_Major
0.977384381116825,56.00000000000003,0.1718799547139017,All_NonSolar_Major
0.9948376736367681,57.000000000000014,0.17182861460847282,All_NonSolar_Major
1.0122909661567112,58.00000000000001,0.17177451666004556,All_NonSolar_Major
1.0297442586766543,58.99999999999999,0.17171767941399074,All_NonSolar_Major
1.0471975511965974,59.999999999999986,0.17165812234168712,All_NonSolar_Major
1.0646508437165414,61.00000000000002,0.17159586583191555,All_NonSolar_Major
1.0821041362364845,62.000000000000014,0.17153093118186372,All_NonSolar_Major
1.0995574287564276,63.0,0.17146334058774815,All_NonSolar_Major
1.1170107212763707,63.999999999999986,0.17139311713505956,All_NonSolar_Major
1.1344640137963147,65.00000000000003,0.17132028478843817,All_NonSolar_Major
1.1519173063162578,66.00000000000001,0.1712448683811868,All_NonSolar_Major
1.1693705988362009,67.0,0.1711668936044277,All_NonSolar_Major
1.186823891356144,68.0,0.17108638699591164,All_NonSolar_Major
1.204277183876087,68.99999999999999,0.17100337592848627,All_NonSolar_Major
1.221730476396031,70.00000000000003,0.17091788859823182,All_NonSolar_Major
1.2391837689159741,71.00000000000001,0.17082995401227205,All_NonSolar_Major
1.2566370614359172,72.0,0.17073960197626908,All_NonSolar_Major
1.2740903539558603,72.99999999999999,0.1706468630816097,All_NonSolar_Major
1.2915436464758043,74.00000000000003,0.17055176869229283,All_NonSolar_Major
1.3089969389957474,75.00000000000001,0.1704543509315259,All_NonSolar_Major
1.3264502315156905,76.0,0.17035464266803962,All_NonSolar_Major
1.3439035240356336,77.0,0.17025267750213008,All_NonSolar_Major
1.3613568165555767,77.99999999999999,0.1701484897514375,All_NonSolar_Major
1.3788101090755207,79.00000000000003,0.1700421144364704,All_NonSolar_Major
1.3962634015954638,80.00000000000001,0.16993358726588556,All_NonSolar_Major
1.413716694115407,81.0,0.1698229446215324,All_NonSolar_Major
1.43116998663535,81.99999999999999,0.16971022354327206,All_NonSolar_Major
1.448623279155294,83.00000000000003,0.1695954617135808,All_NonSolar_Major
1.466076571675237,84.00000000000001,0.16947869744194743,All_NonSolar_Major
1.4835298641951802,85.0,0.16935996964907427,All_NonSolar_Major
1.5009831567151233,86.0,0.16923931785089302,All_NonSolar_Major
1.5184364492350664,86.99999999999999,0.16911678214240364,All_NonSolar_Major
1.5358897417550104,88.00000000000003,0.16899240318134787,All_NonSolar_Major
1.5533430342749535,89.00000000000001,0.16886622217172667,All_NonSolar_Major
1.5707963267948966,90.0,0.16873828084717185,All_NonSolar_Major
1.5882496193148397,90.99999999999999,0.16860862145418232,All_NonSolar_Major
1.6057029118347836,92.00000000000003,0.1684772867352346,All_NonSolar_Major
1.6231562043547267,93.00000000000001,0.16834431991177817,All_NonSolar_Major
1.6406094968746698,94.0,0.16820976466712578,All_NonSolar_Major
1.658062789394613,95.0,0.16807366512924818,All_NonSolar_Major
1.675516081914556,95.99999999999999,0.16793606585348414,All_NonSolar_Major
1.6929693744345,97.00000000000003,0.1677970118051756,All_NonSolar_Major
1.7104226669544431,98.00000000000001,0.16765654834223748,All_NonSolar_Major
1.7278759594743862,99.0,0.16751472119767244,All_NonSolar_Major
1.7453292519943293,99.99999999999999,0.16737157646204032,All_NonSolar_Major
1.7627825445142733,101.00000000000003,0.1672271605658924,All_NonSolar_Major
1.7802358370342164,102.00000000000001,0.16708152026217934,All_NonSolar_Major
1.7976891295541595,103.0,0.1669347026086432,All_NonSolar_Major
1.8151424220741026,104.0,0.16678675495020256,All_NonSolar_Major
1.8325957145940457,104.99999999999999,0.16663772490134032,All_NonSolar_Major
1.8500490071139897,106.00000000000003,0.16648766032850337,All_NonSolar_Major
1.8675022996339328,107.00000000000001,0.16633660933252326,All_NonSolar_Major
1.8849555921538759,108.0,0.16618462023106656,All_NonSolar_Major
1.902408884673819,108.99999999999999,0.16603174154112474,All_NonSolar_Major
1.919862177193763,110.00000000000003,0.16587802196155085,All_NonSolar_Major
1.937315469713706,111.00000000000001,0.1657235103556528,All_NonSolar_Major
1.9547687622336491,112.0,0.16556825573385095,All_NonSolar_Major
1.9722220547535922,113.0,0.1654123072364082,All_NonSolar_Major
1.9896753472735353,113.99999999999999,0.16525571411624151,All_NonSolar_Major
2.0071286397934793,115.00000000000003,0.16509852572182115,All_NonSolar_Major
2.0245819323134224,116.00000000000001,0.16494079148016688,All_NonSolar_Major
2.0420352248333655,117.0,0.16478256087994783,All_NonSolar_Major
2.0594885173533086,117.99999999999999,0.16462388345469328,All_NonSolar_Major
2.0769418098732526,119.00000000000003,0.16446480876612193,All_NonSolar_Major
2.0943951023931957,120.00000000000001,0.16430538638759604,All_NonSolar_Major
2.111848394913139,121.0,0.16414566588770735,All_NonSolar_Major
2.129301687433082,122.0,0.1639856968140017,All_NonSolar_Major
2.146754979953025,122.99999999999999,0.16382552867684752,All_NonSolar_Major
2.164208272472969,124.00000000000003,0.16366521093345526,All_NonSolar_Major
2.181661564992912,125.00000000000001,0.16350479297205348,All_NonSolar_Major
2.199114857512855,126.0,0.16334432409622615,All_NonSolar_Major
2.2165681500327983,126.99999999999999,0.16318385350941825,All_NonSolar_Major
2.2340214425527423,128.00000000000003,0.16302343029961322,All_NonSolar_Major
2.2514747350726854,129.00000000000003,0.162863103424188,All_NonSolar_Major
2.2689280275926285,130.0,0.1627029216949504,All_NonSolar_Major
2.2863813201125716,131.0,0.16254293376336268,All_NonSolar_Major
2.3038346126325147,131.99999999999997,0.1623831881059561,All_NonSolar_Major
2.3212879051524586,133.00000000000003,0.16222373300994034,All_NonSolar_Major
2.3387411976724017,134.0,0.16206461655901128,All_NonSolar_Major
2.356194490192345,135.0,0.1619058866193608,All_NonSolar_Major
2.373647782712288,136.0,0.16174759082589193,All_NonSolar_Major
2.391101075232232,137.00000000000003,0.16158977656864237,All_NonSolar_Major
2.408554367752175,138.00000000000003,0.1614324909794194,All_NonSolar_Major
2.426007660272118,139.0,0.16127578091864814,All_NonSolar_Major
2.443460952792061,140.0,0.16111969296243644,All_NonSolar_Major
2.4609142453120043,140.99999999999997,0.16096427338985766,All_NonSolar_Major
2.4783675378319483,142.00000000000003,0.16080956817045397,All_NonSolar_Major
2.4958208303518914,143.0,0.16065562295196126,All_NonSolar_Major
2.5132741228718345,144.0,0.1605024830482576,All_NonSolar_Major
2.5307274153917776,145.0,0.16035019342753631,All_NonSolar_Major
2.5481807079117216,146.00000000000003,0.16019879870070444,All_NonSolar_Major
2.5656340004316647,147.00000000000003,0.16004834311000815,All_NonSolar_Major
2.5830872929516078,148.0,0.15989887051788465,All_NonSolar_Major
2.600540585471551,149.0,0.15975042439604223,All_NonSolar_Major
2.617993877991494,149.99999999999997,0.15960304781476756,All_NonSolar_Major
2.635447170511438,151.00000000000003,0.1594567834324611,All_NonSolar_Major
2.652900463031381,152.0,0.15931167348539987,All_NonSolar_Major
2.670353755551324,153.0,0.1591677597777277,All_NonSolar_Major
2.6878070480712672,154.0,0.1590250836716717,All_NonSolar_Major
2.7052603405912112,155.00000000000003,0.15888368607798548,All_NonSolar_Major
2.7227136331111543,156.00000000000003,0.15874360744661684,All_NonSolar_Major
2.7401669256310974,157.0,0.15860488775759987,All_NonSolar_Major
2.7576202181510405,158.0,0.15846756651216976,All_NonSolar_Major
2.7750735106709836,158.99999999999997,0.15833168272409928,All_NonSolar_Major
2.7925268031909276,160.00000000000003,0.15819727491125493,All_NonSolar_Major
2.8099800957108707,161.0,0.1580643810873718,All_NonSolar_Major
2.827433388230814,162.0,0.15793303875404457,All_NonSolar_Major
2.844886680750757,163.0,0.15780328489293338,All_NonSolar_Major
2.862339973270701,164.00000000000003,0.15767515595818232,All_NonSolar_Major
2.879793265790644,165.00000000000003,0.1575486878690477,All_NonSolar_Major
2.897246558310587,166.0,0.1574239160027351,All_NonSolar_Major
2.91469985083053,167.0,0.15730087518744174,All_NonSolar_Major
2.9321531433504733,167.99999999999997,0.15717959969560188,All_NonSolar_Major
2.9496064358704173,169.00000000000003,0.1570601232373333,All_NonSolar_Major
2.9670597283903604,170.0,0.15694247895408087,All_NonSolar_Major
2.9845130209103035,171.0,0.15682669941245617,All_NonSolar_Major
3.0019663134302466,172.0,0.15671281659826855,All_NonSolar_Major
3.0194196059501905,173.00000000000003,0.15660086191074615,All_NonSolar_Major
3.0368728984701336,174.00000000000003,0.156490866156943,All_NonSolar_Major
3.0543261909900767,175.0,0.15638285954632938,All_NonSolar_Major
3.07177948351002,176.0,0.15627687168556295,All_NonSolar_Major
3.089232776029963,176.99999999999997,0.15617293157343629,All_NonSolar_Major
3.106686068549907,178.00000000000003,0.15607106759599906,All_NonSolar_Major
3.12413936106985,179.0,0.15597130752185068,All_NonSolar_Major
3.141592653589793,180.0,0.15587367849760023,All_NonSolar_Major
